filepath,source_class,target_class,split,variant
data/raw/garbage_v2/standardized_256/glass/glass_10.jpg,glass,metal_glass,train,standardized_256
data/raw/garbage_v2/standardized_256/glass/glass_100.jpg,glass,metal_glass,train,standardized_256
data/raw/garbage_v2/standardized_256/glass/glass_1000.jpg,glass,metal_glass,train,standardized_256
data/raw/garbage_v2/standardized_256/glass/glass_1002.jpg,glass,metal_glass,train,standardized_256
data/raw/garbage_v2/standardized_256/glass/glass_1003.jpg,glass,metal_glass,train,standardized_256
data/raw/garbage_v2/standardized_256/glass/glass_1004.jpg,glass,metal_glass,train,standardized_256
data/raw/garbage_v2/standardized_256/glass/glass_1006.jpg,glass,metal_glass,train,standardized_256
data/raw/garbage_v2/standardized_256/glass/glass_101.jpg,glass,metal_glass,train,standardized_256
data/raw/garbage_v2/standardized_256/glass/glass_1010.jpg,glass,metal_glass,train,standardized_256
data/raw/garbage_v2/standardized_256/glass/glass_1012.jpg,glass,metal_glass,train,standardized_256
data/raw/garbage_v2/standardized_256/glass/glass_1013.jpg,glass,metal_glass,train,standardized_256
data/raw/garbage_v2/standardized_256/glass/glass_1015.jpg,glass,metal_glass,train,standardized_256
data/raw/garbage_v2/standardized_256/glass/glass_1016.jpg,glass,metal_glass,train,standardized_256
data/raw/garbage_v2/standardized_256/glass/glass_1017.jpg,glass,metal_glass,train,standardized_256
data/raw/garbage_v2/standardized_256/glass/glass_102.jpg,glass,metal_glass,train,standardized_256
data/raw/garbage_v2/standardized_256/glass/glass_1022.jpg,glass,metal_glass,train,standardized_256
data/raw/garbage_v2/standardized_256/glass/glass_1023.jpg,glass,metal_glass,train,standardized_256
data/raw/garbage_v2/standardized_256/glass/glass_1024.jpg,glass,metal_glass,train,standardized_256
data/raw/garbage_v2/standardized_256/glass/glass_1025.jpg,glass,metal_glass,train,standardized_256
data/raw/garbage_v2/standardized_256/glass/glass_1026.jpg,glass,metal_glass,train,standardized_256
data/raw/garbage_v2/standardized_256/glass/glass_1027.jpg,glass,metal_glass,train,standardized_256
data/raw/garbage_v2/standardized_256/glass/glass_1028.jpg,glass,metal_glass,train,standardized_256
data/raw/garbage_v2/standardized_256/glass/glass_103.jpg,glass,metal_glass,train,standardized_256
data/raw/garbage_v2/standardized_256/glass/glass_1031.jpg,glass,metal_glass,train,standardized_256
data/raw/garbage_v2/standardized_256/glass/glass_1032.jpg,glass,metal_glass,train,standardized_256
data/raw/garbage_v2/standardized_256/glass/glass_1033.jpg,glass,metal_glass,train,standardized_256
data/raw/garbage_v2/standardized_256/glass/glass_1034.jpg,glass,metal_glass,train,standardized_256
data/raw/garbage_v2/standardized_256/glass/glass_1035.jpg,glass,metal_glass,train,standardized_256
data/raw/garbage_v2/standardized_256/glass/glass_1036.jpg,glass,metal_glass,train,standardized_256
data/raw/garbage_v2/standardized_256/glass/glass_1037.jpg,glass,metal_glass,train,standardized_256
data/raw/garbage_v2/standardized_256/glass/glass_1038.jpg,glass,metal_glass,train,standardized_256
data/raw/garbage_v2/standardized_256/glass/glass_1039.jpg,glass,metal_glass,train,standardized_256
data/raw/garbage_v2/standardized_256/glass/glass_104.jpg,glass,metal_glass,train,standardized_256
data/raw/garbage_v2/standardized_256/glass/glass_1040.jpg,glass,metal_glass,train,standardized_256
data/raw/garbage_v2/standardized_256/glass/glass_1042.jpg,glass,metal_glass,train,standardized_256
data/raw/garbage_v2/standardized_256/glass/glass_1045.jpg,glass,metal_glass,train,standardized_256
data/raw/garbage_v2/standardized_256/glass/glass_1046.jpg,glass,metal_glass,train,standardized_256
data/raw/garbage_v2/standardized_256/glass/glass_1047.jpg,glass,metal_glass,train,standardized_256
data/raw/garbage_v2/standardized_256/glass/glass_1048.jpg,glass,metal_glass,train,standardized_256
data/raw/garbage_v2/standardized_256/glass/glass_1049.jpg,glass,metal_glass,train,standardized_256
data/raw/garbage_v2/standardized_256/glass/glass_105.jpg,glass,metal_glass,train,standardized_256
data/raw/garbage_v2/standardized_256/glass/glass_1050.jpg,glass,metal_glass,train,standardized_256
data/raw/garbage_v2/standardized_256/glass/glass_1052.jpg,glass,metal_glass,train,standardized_256
data/raw/garbage_v2/standardized_256/glass/glass_1053.jpg,glass,metal_glass,train,standardized_256
data/raw/garbage_v2/standardized_256/glass/glass_1054.jpg,glass,metal_glass,train,standardized_256
data/raw/garbage_v2/standardized_256/glass/glass_1056.jpg,glass,metal_glass,train,standardized_256
data/raw/garbage_v2/standardized_256/glass/glass_1057.jpg,glass,metal_glass,train,standardized_256
data/raw/garbage_v2/standardized_256/glass/glass_1059.jpg,glass,metal_glass,train,standardized_256
data/raw/garbage_v2/standardized_256/glass/glass_106.jpg,glass,metal_glass,train,standardized_256
data/raw/garbage_v2/standardized_256/glass/glass_1060.jpg,glass,metal_glass,train,standardized_256
data/raw/garbage_v2/standardized_256/glass/glass_1061.jpg,glass,metal_glass,train,standardized_256
data/raw/garbage_v2/standardized_256/glass/glass_1062.jpg,glass,metal_glass,train,standardized_256
data/raw/garbage_v2/standardized_256/glass/glass_1063.jpg,glass,metal_glass,train,standardized_256
data/raw/garbage_v2/standardized_256/glass/glass_1065.jpg,glass,metal_glass,train,standardized_256
data/raw/garbage_v2/standardized_256/glass/glass_1066.jpg,glass,metal_glass,train,standardized_256
data/raw/garbage_v2/standardized_256/glass/glass_1067.jpg,glass,metal_glass,train,standardized_256
data/raw/garbage_v2/standardized_256/glass/glass_1069.jpg,glass,metal_glass,train,standardized_256
data/raw/garbage_v2/standardized_256/glass/glass_107.jpg,glass,metal_glass,train,standardized_256
data/raw/garbage_v2/standardized_256/glass/glass_1070.jpg,glass,metal_glass,train,standardized_256
data/raw/garbage_v2/standardized_256/glass/glass_1072.jpg,glass,metal_glass,train,standardized_256
data/raw/garbage_v2/standardized_256/glass/glass_1074.jpg,glass,metal_glass,train,standardized_256
data/raw/garbage_v2/standardized_256/glass/glass_1076.jpg,glass,metal_glass,train,standardized_256
data/raw/garbage_v2/standardized_256/glass/glass_1077.jpg,glass,metal_glass,train,standardized_256
data/raw/garbage_v2/standardized_256/glass/glass_1078.jpg,glass,metal_glass,train,standardized_256
data/raw/garbage_v2/standardized_256/glass/glass_108.jpg,glass,metal_glass,train,standardized_256
data/raw/garbage_v2/standardized_256/glass/glass_1080.jpg,glass,metal_glass,train,standardized_256
data/raw/garbage_v2/standardized_256/glass/glass_1081.jpg,glass,metal_glass,train,standardized_256
data/raw/garbage_v2/standardized_256/glass/glass_1086.jpg,glass,metal_glass,train,standardized_256
data/raw/garbage_v2/standardized_256/glass/glass_1087.jpg,glass,metal_glass,train,standardized_256
data/raw/garbage_v2/standardized_256/glass/glass_1089.jpg,glass,metal_glass,train,standardized_256
data/raw/garbage_v2/standardized_256/glass/glass_109.jpg,glass,metal_glass,train,standardized_256
data/raw/garbage_v2/standardized_256/glass/glass_1090.jpg,glass,metal_glass,train,standardized_256
data/raw/garbage_v2/standardized_256/glass/glass_1093.jpg,glass,metal_glass,train,standardized_256
data/raw/garbage_v2/standardized_256/glass/glass_1094.jpg,glass,metal_glass,train,standardized_256
data/raw/garbage_v2/standardized_256/glass/glass_1095.jpg,glass,metal_glass,train,standardized_256
data/raw/garbage_v2/standardized_256/glass/glass_1097.jpg,glass,metal_glass,train,standardized_256
data/raw/garbage_v2/standardized_256/glass/glass_11.jpg,glass,metal_glass,train,standardized_256
data/raw/garbage_v2/standardized_256/glass/glass_110.jpg,glass,metal_glass,train,standardized_256
data/raw/garbage_v2/standardized_256/glass/glass_1100.jpg,glass,metal_glass,train,standardized_256
data/raw/garbage_v2/standardized_256/glass/glass_1102.jpg,glass,metal_glass,train,standardized_256
data/raw/garbage_v2/standardized_256/glass/glass_1103.jpg,glass,metal_glass,train,standardized_256
data/raw/garbage_v2/standardized_256/glass/glass_1104.jpg,glass,metal_glass,train,standardized_256
data/raw/garbage_v2/standardized_256/glass/glass_1105.jpg,glass,metal_glass,train,standardized_256
data/raw/garbage_v2/standardized_256/glass/glass_1106.jpg,glass,metal_glass,train,standardized_256
data/raw/garbage_v2/standardized_256/glass/glass_1107.jpg,glass,metal_glass,train,standardized_256
data/raw/garbage_v2/standardized_256/glass/glass_1108.jpg,glass,metal_glass,train,standardized_256
data/raw/garbage_v2/standardized_256/glass/glass_1109.jpg,glass,metal_glass,train,standardized_256
data/raw/garbage_v2/standardized_256/glass/glass_111.jpg,glass,metal_glass,train,standardized_256
data/raw/garbage_v2/standardized_256/glass/glass_1110.jpg,glass,metal_glass,train,standardized_256
data/raw/garbage_v2/standardized_256/glass/glass_1111.jpg,glass,metal_glass,train,standardized_256
data/raw/garbage_v2/standardized_256/glass/glass_1113.jpg,glass,metal_glass,train,standardized_256
data/raw/garbage_v2/standardized_256/glass/glass_1115.jpg,glass,metal_glass,train,standardized_256
data/raw/garbage_v2/standardized_256/glass/glass_1116.jpg,glass,metal_glass,train,standardized_256
data/raw/garbage_v2/standardized_256/glass/glass_1117.jpg,glass,metal_glass,train,standardized_256
data/raw/garbage_v2/standardized_256/glass/glass_1118.jpg,glass,metal_glass,train,standardized_256
data/raw/garbage_v2/standardized_256/glass/glass_112.jpg,glass,metal_glass,train,standardized_256
data/raw/garbage_v2/standardized_256/glass/glass_1120.jpg,glass,metal_glass,train,standardized_256
data/raw/garbage_v2/standardized_256/glass/glass_1122.jpg,glass,metal_glass,train,standardized_256
data/raw/garbage_v2/standardized_256/glass/glass_1124.jpg,glass,metal_glass,train,standardized_256
data/raw/garbage_v2/standardized_256/glass/glass_1125.jpg,glass,metal_glass,train,standardized_256
data/raw/garbage_v2/standardized_256/glass/glass_1126.jpg,glass,metal_glass,train,standardized_256
data/raw/garbage_v2/standardized_256/glass/glass_1127.jpg,glass,metal_glass,train,standardized_256
data/raw/garbage_v2/standardized_256/glass/glass_1129.jpg,glass,metal_glass,train,standardized_256
data/raw/garbage_v2/standardized_256/glass/glass_113.jpg,glass,metal_glass,train,standardized_256
data/raw/garbage_v2/standardized_256/glass/glass_1134.jpg,glass,metal_glass,train,standardized_256
data/raw/garbage_v2/standardized_256/glass/glass_1137.jpg,glass,metal_glass,train,standardized_256
data/raw/garbage_v2/standardized_256/glass/glass_1138.jpg,glass,metal_glass,train,standardized_256
data/raw/garbage_v2/standardized_256/glass/glass_1139.jpg,glass,metal_glass,train,standardized_256
data/raw/garbage_v2/standardized_256/glass/glass_114.jpg,glass,metal_glass,train,standardized_256
data/raw/garbage_v2/standardized_256/glass/glass_1140.jpg,glass,metal_glass,train,standardized_256
data/raw/garbage_v2/standardized_256/glass/glass_1141.jpg,glass,metal_glass,train,standardized_256
data/raw/garbage_v2/standardized_256/glass/glass_1142.jpg,glass,metal_glass,train,standardized_256
data/raw/garbage_v2/standardized_256/glass/glass_1144.jpg,glass,metal_glass,train,standardized_256
data/raw/garbage_v2/standardized_256/glass/glass_1145.jpg,glass,metal_glass,train,standardized_256
data/raw/garbage_v2/standardized_256/glass/glass_1146.jpg,glass,metal_glass,train,standardized_256
data/raw/garbage_v2/standardized_256/glass/glass_1147.jpg,glass,metal_glass,train,standardized_256
data/raw/garbage_v2/standardized_256/glass/glass_1148.jpg,glass,metal_glass,train,standardized_256
data/raw/garbage_v2/standardized_256/glass/glass_1149.jpg,glass,metal_glass,train,standardized_256
data/raw/garbage_v2/standardized_256/glass/glass_1150.jpg,glass,metal_glass,train,standardized_256
data/raw/garbage_v2/standardized_256/glass/glass_1151.jpg,glass,metal_glass,train,standardized_256
data/raw/garbage_v2/standardized_256/glass/glass_1152.jpg,glass,metal_glass,train,standardized_256
data/raw/garbage_v2/standardized_256/glass/glass_1153.jpg,glass,metal_glass,train,standardized_256
data/raw/garbage_v2/standardized_256/glass/glass_1154.jpg,glass,metal_glass,train,standardized_256
data/raw/garbage_v2/standardized_256/glass/glass_1156.jpg,glass,metal_glass,train,standardized_256
data/raw/garbage_v2/standardized_256/glass/glass_1157.jpg,glass,metal_glass,train,standardized_256
data/raw/garbage_v2/standardized_256/glass/glass_1159.jpg,glass,metal_glass,train,standardized_256
data/raw/garbage_v2/standardized_256/glass/glass_1161.jpg,glass,metal_glass,train,standardized_256
data/raw/garbage_v2/standardized_256/glass/glass_1162.jpg,glass,metal_glass,train,standardized_256
data/raw/garbage_v2/standardized_256/glass/glass_1163.jpg,glass,metal_glass,train,standardized_256
data/raw/garbage_v2/standardized_256/glass/glass_1164.jpg,glass,metal_glass,train,standardized_256
data/raw/garbage_v2/standardized_256/glass/glass_1165.jpg,glass,metal_glass,train,standardized_256
data/raw/garbage_v2/standardized_256/glass/glass_1167.jpg,glass,metal_glass,train,standardized_256
data/raw/garbage_v2/standardized_256/glass/glass_1169.jpg,glass,metal_glass,train,standardized_256
data/raw/garbage_v2/standardized_256/glass/glass_117.jpg,glass,metal_glass,train,standardized_256
data/raw/garbage_v2/standardized_256/glass/glass_1170.jpg,glass,metal_glass,train,standardized_256
data/raw/garbage_v2/standardized_256/glass/glass_1171.jpg,glass,metal_glass,train,standardized_256
data/raw/garbage_v2/standardized_256/glass/glass_1172.jpg,glass,metal_glass,train,standardized_256
data/raw/garbage_v2/standardized_256/glass/glass_1173.jpg,glass,metal_glass,train,standardized_256
data/raw/garbage_v2/standardized_256/glass/glass_1176.jpg,glass,metal_glass,train,standardized_256
data/raw/garbage_v2/standardized_256/glass/glass_1177.jpg,glass,metal_glass,train,standardized_256
data/raw/garbage_v2/standardized_256/glass/glass_1179.jpg,glass,metal_glass,train,standardized_256
data/raw/garbage_v2/standardized_256/glass/glass_1180.jpg,glass,metal_glass,train,standardized_256
data/raw/garbage_v2/standardized_256/glass/glass_1181.jpg,glass,metal_glass,train,standardized_256
data/raw/garbage_v2/standardized_256/glass/glass_1183.jpg,glass,metal_glass,train,standardized_256
data/raw/garbage_v2/standardized_256/glass/glass_1184.jpg,glass,metal_glass,train,standardized_256
data/raw/garbage_v2/standardized_256/glass/glass_1185.jpg,glass,metal_glass,train,standardized_256
data/raw/garbage_v2/standardized_256/glass/glass_1186.jpg,glass,metal_glass,train,standardized_256
data/raw/garbage_v2/standardized_256/glass/glass_1189.jpg,glass,metal_glass,train,standardized_256
data/raw/garbage_v2/standardized_256/glass/glass_1190.jpg,glass,metal_glass,train,standardized_256
data/raw/garbage_v2/standardized_256/glass/glass_1191.jpg,glass,metal_glass,train,standardized_256
data/raw/garbage_v2/standardized_256/glass/glass_1192.jpg,glass,metal_glass,train,standardized_256
data/raw/garbage_v2/standardized_256/glass/glass_1193.jpg,glass,metal_glass,train,standardized_256
data/raw/garbage_v2/standardized_256/glass/glass_1198.jpg,glass,metal_glass,train,standardized_256
data/raw/garbage_v2/standardized_256/glass/glass_1199.jpg,glass,metal_glass,train,standardized_256
data/raw/garbage_v2/standardized_256/glass/glass_12.jpg,glass,metal_glass,train,standardized_256
data/raw/garbage_v2/standardized_256/glass/glass_120.jpg,glass,metal_glass,train,standardized_256
data/raw/garbage_v2/standardized_256/glass/glass_1200.jpg,glass,metal_glass,train,standardized_256
data/raw/garbage_v2/standardized_256/glass/glass_1201.jpg,glass,metal_glass,train,standardized_256
data/raw/garbage_v2/standardized_256/glass/glass_1202.jpg,glass,metal_glass,train,standardized_256
data/raw/garbage_v2/standardized_256/glass/glass_1203.jpg,glass,metal_glass,train,standardized_256
data/raw/garbage_v2/standardized_256/glass/glass_1204.jpg,glass,metal_glass,train,standardized_256
data/raw/garbage_v2/standardized_256/glass/glass_1205.jpg,glass,metal_glass,train,standardized_256
data/raw/garbage_v2/standardized_256/glass/glass_121.jpg,glass,metal_glass,train,standardized_256
data/raw/garbage_v2/standardized_256/glass/glass_1211.jpg,glass,metal_glass,train,standardized_256
data/raw/garbage_v2/standardized_256/glass/glass_1212.jpg,glass,metal_glass,train,standardized_256
data/raw/garbage_v2/standardized_256/glass/glass_1213.jpg,glass,metal_glass,train,standardized_256
data/raw/garbage_v2/standardized_256/glass/glass_1214.jpg,glass,metal_glass,train,standardized_256
data/raw/garbage_v2/standardized_256/glass/glass_1215.jpg,glass,metal_glass,train,standardized_256
data/raw/garbage_v2/standardized_256/glass/glass_1219.jpg,glass,metal_glass,train,standardized_256
data/raw/garbage_v2/standardized_256/glass/glass_122.jpg,glass,metal_glass,train,standardized_256
data/raw/garbage_v2/standardized_256/glass/glass_1221.jpg,glass,metal_glass,train,standardized_256
data/raw/garbage_v2/standardized_256/glass/glass_1222.jpg,glass,metal_glass,train,standardized_256
data/raw/garbage_v2/standardized_256/glass/glass_1223.jpg,glass,metal_glass,train,standardized_256
data/raw/garbage_v2/standardized_256/glass/glass_1224.jpg,glass,metal_glass,train,standardized_256
data/raw/garbage_v2/standardized_256/glass/glass_1226.jpg,glass,metal_glass,train,standardized_256
data/raw/garbage_v2/standardized_256/glass/glass_1227.jpg,glass,metal_glass,train,standardized_256
data/raw/garbage_v2/standardized_256/glass/glass_1228.jpg,glass,metal_glass,train,standardized_256
data/raw/garbage_v2/standardized_256/glass/glass_1229.jpg,glass,metal_glass,train,standardized_256
data/raw/garbage_v2/standardized_256/glass/glass_123.jpg,glass,metal_glass,train,standardized_256
data/raw/garbage_v2/standardized_256/glass/glass_1230.jpg,glass,metal_glass,train,standardized_256
data/raw/garbage_v2/standardized_256/glass/glass_1231.jpg,glass,metal_glass,train,standardized_256
data/raw/garbage_v2/standardized_256/glass/glass_1232.jpg,glass,metal_glass,train,standardized_256
data/raw/garbage_v2/standardized_256/glass/glass_1233.jpg,glass,metal_glass,train,standardized_256
data/raw/garbage_v2/standardized_256/glass/glass_1235.jpg,glass,metal_glass,train,standardized_256
data/raw/garbage_v2/standardized_256/glass/glass_1236.jpg,glass,metal_glass,train,standardized_256
data/raw/garbage_v2/standardized_256/glass/glass_1237.jpg,glass,metal_glass,train,standardized_256
data/raw/garbage_v2/standardized_256/glass/glass_124.jpg,glass,metal_glass,train,standardized_256
data/raw/garbage_v2/standardized_256/glass/glass_1240.jpg,glass,metal_glass,train,standardized_256
data/raw/garbage_v2/standardized_256/glass/glass_1241.jpg,glass,metal_glass,train,standardized_256
data/raw/garbage_v2/standardized_256/glass/glass_1243.jpg,glass,metal_glass,train,standardized_256
data/raw/garbage_v2/standardized_256/glass/glass_1245.jpg,glass,metal_glass,train,standardized_256
data/raw/garbage_v2/standardized_256/glass/glass_1247.jpg,glass,metal_glass,train,standardized_256
data/raw/garbage_v2/standardized_256/glass/glass_1248.jpg,glass,metal_glass,train,standardized_256
data/raw/garbage_v2/standardized_256/glass/glass_1249.jpg,glass,metal_glass,train,standardized_256
data/raw/garbage_v2/standardized_256/glass/glass_1250.jpg,glass,metal_glass,train,standardized_256
data/raw/garbage_v2/standardized_256/glass/glass_1251.jpg,glass,metal_glass,train,standardized_256
data/raw/garbage_v2/standardized_256/glass/glass_1253.jpg,glass,metal_glass,train,standardized_256
data/raw/garbage_v2/standardized_256/glass/glass_1254.jpg,glass,metal_glass,train,standardized_256
data/raw/garbage_v2/standardized_256/glass/glass_1255.jpg,glass,metal_glass,train,standardized_256
data/raw/garbage_v2/standardized_256/glass/glass_1256.jpg,glass,metal_glass,train,standardized_256
data/raw/garbage_v2/standardized_256/glass/glass_1258.jpg,glass,metal_glass,train,standardized_256
data/raw/garbage_v2/standardized_256/glass/glass_126.jpg,glass,metal_glass,train,standardized_256
data/raw/garbage_v2/standardized_256/glass/glass_1261.jpg,glass,metal_glass,train,standardized_256
data/raw/garbage_v2/standardized_256/glass/glass_1262.jpg,glass,metal_glass,train,standardized_256
data/raw/garbage_v2/standardized_256/glass/glass_1263.jpg,glass,metal_glass,train,standardized_256
data/raw/garbage_v2/standardized_256/glass/glass_1265.jpg,glass,metal_glass,train,standardized_256
data/raw/garbage_v2/standardized_256/glass/glass_1267.jpg,glass,metal_glass,train,standardized_256
data/raw/garbage_v2/standardized_256/glass/glass_1269.jpg,glass,metal_glass,train,standardized_256
data/raw/garbage_v2/standardized_256/glass/glass_127.jpg,glass,metal_glass,train,standardized_256
data/raw/garbage_v2/standardized_256/glass/glass_1270.jpg,glass,metal_glass,train,standardized_256
data/raw/garbage_v2/standardized_256/glass/glass_1271.jpg,glass,metal_glass,train,standardized_256
data/raw/garbage_v2/standardized_256/glass/glass_1273.jpg,glass,metal_glass,train,standardized_256
data/raw/garbage_v2/standardized_256/glass/glass_1274.jpg,glass,metal_glass,train,standardized_256
data/raw/garbage_v2/standardized_256/glass/glass_1275.jpg,glass,metal_glass,train,standardized_256
data/raw/garbage_v2/standardized_256/glass/glass_1276.jpg,glass,metal_glass,train,standardized_256
data/raw/garbage_v2/standardized_256/glass/glass_1277.jpg,glass,metal_glass,train,standardized_256
data/raw/garbage_v2/standardized_256/glass/glass_1278.jpg,glass,metal_glass,train,standardized_256
data/raw/garbage_v2/standardized_256/glass/glass_1279.jpg,glass,metal_glass,train,standardized_256
data/raw/garbage_v2/standardized_256/glass/glass_128.jpg,glass,metal_glass,train,standardized_256
data/raw/garbage_v2/standardized_256/glass/glass_1280.jpg,glass,metal_glass,train,standardized_256
data/raw/garbage_v2/standardized_256/glass/glass_1282.jpg,glass,metal_glass,train,standardized_256
data/raw/garbage_v2/standardized_256/glass/glass_1283.jpg,glass,metal_glass,train,standardized_256
data/raw/garbage_v2/standardized_256/glass/glass_1285.jpg,glass,metal_glass,train,standardized_256
data/raw/garbage_v2/standardized_256/glass/glass_1286.jpg,glass,metal_glass,train,standardized_256
data/raw/garbage_v2/standardized_256/glass/glass_1289.jpg,glass,metal_glass,train,standardized_256
data/raw/garbage_v2/standardized_256/glass/glass_129.jpg,glass,metal_glass,train,standardized_256
data/raw/garbage_v2/standardized_256/glass/glass_1290.jpg,glass,metal_glass,train,standardized_256
data/raw/garbage_v2/standardized_256/glass/glass_1291.jpg,glass,metal_glass,train,standardized_256
data/raw/garbage_v2/standardized_256/glass/glass_1293.jpg,glass,metal_glass,train,standardized_256
data/raw/garbage_v2/standardized_256/glass/glass_1294.jpg,glass,metal_glass,train,standardized_256
data/raw/garbage_v2/standardized_256/glass/glass_1296.jpg,glass,metal_glass,train,standardized_256
data/raw/garbage_v2/standardized_256/glass/glass_1297.jpg,glass,metal_glass,train,standardized_256
data/raw/garbage_v2/standardized_256/glass/glass_1298.jpg,glass,metal_glass,train,standardized_256
data/raw/garbage_v2/standardized_256/glass/glass_1299.jpg,glass,metal_glass,train,standardized_256
data/raw/garbage_v2/standardized_256/glass/glass_13.jpg,glass,metal_glass,train,standardized_256
data/raw/garbage_v2/standardized_256/glass/glass_130.jpg,glass,metal_glass,train,standardized_256
data/raw/garbage_v2/standardized_256/glass/glass_1301.jpg,glass,metal_glass,train,standardized_256
data/raw/garbage_v2/standardized_256/glass/glass_1303.jpg,glass,metal_glass,train,standardized_256
data/raw/garbage_v2/standardized_256/glass/glass_1304.jpg,glass,metal_glass,train,standardized_256
data/raw/garbage_v2/standardized_256/glass/glass_1305.jpg,glass,metal_glass,train,standardized_256
data/raw/garbage_v2/standardized_256/glass/glass_1307.jpg,glass,metal_glass,train,standardized_256
data/raw/garbage_v2/standardized_256/glass/glass_1308.jpg,glass,metal_glass,train,standardized_256
data/raw/garbage_v2/standardized_256/glass/glass_1309.jpg,glass,metal_glass,train,standardized_256
data/raw/garbage_v2/standardized_256/glass/glass_131.jpg,glass,metal_glass,train,standardized_256
data/raw/garbage_v2/standardized_256/glass/glass_1310.jpg,glass,metal_glass,train,standardized_256
data/raw/garbage_v2/standardized_256/glass/glass_1311.jpg,glass,metal_glass,train,standardized_256
data/raw/garbage_v2/standardized_256/glass/glass_1312.jpg,glass,metal_glass,train,standardized_256
data/raw/garbage_v2/standardized_256/glass/glass_1313.jpg,glass,metal_glass,train,standardized_256
data/raw/garbage_v2/standardized_256/glass/glass_1314.jpg,glass,metal_glass,train,standardized_256
data/raw/garbage_v2/standardized_256/glass/glass_1315.jpg,glass,metal_glass,train,standardized_256
data/raw/garbage_v2/standardized_256/glass/glass_1316.jpg,glass,metal_glass,train,standardized_256
data/raw/garbage_v2/standardized_256/glass/glass_1317.jpg,glass,metal_glass,train,standardized_256
data/raw/garbage_v2/standardized_256/glass/glass_1319.jpg,glass,metal_glass,train,standardized_256
data/raw/garbage_v2/standardized_256/glass/glass_132.jpg,glass,metal_glass,train,standardized_256
data/raw/garbage_v2/standardized_256/glass/glass_1320.jpg,glass,metal_glass,train,standardized_256
data/raw/garbage_v2/standardized_256/glass/glass_1321.jpg,glass,metal_glass,train,standardized_256
data/raw/garbage_v2/standardized_256/glass/glass_1322.jpg,glass,metal_glass,train,standardized_256
data/raw/garbage_v2/standardized_256/glass/glass_1323.jpg,glass,metal_glass,train,standardized_256
data/raw/garbage_v2/standardized_256/glass/glass_1327.jpg,glass,metal_glass,train,standardized_256
data/raw/garbage_v2/standardized_256/glass/glass_1328.jpg,glass,metal_glass,train,standardized_256
data/raw/garbage_v2/standardized_256/glass/glass_1329.jpg,glass,metal_glass,train,standardized_256
data/raw/garbage_v2/standardized_256/glass/glass_133.jpg,glass,metal_glass,train,standardized_256
data/raw/garbage_v2/standardized_256/glass/glass_1330.jpg,glass,metal_glass,train,standardized_256
data/raw/garbage_v2/standardized_256/glass/glass_1331.jpg,glass,metal_glass,train,standardized_256
data/raw/garbage_v2/standardized_256/glass/glass_1333.jpg,glass,metal_glass,train,standardized_256
data/raw/garbage_v2/standardized_256/glass/glass_1334.jpg,glass,metal_glass,train,standardized_256
data/raw/garbage_v2/standardized_256/glass/glass_1335.jpg,glass,metal_glass,train,standardized_256
data/raw/garbage_v2/standardized_256/glass/glass_1336.jpg,glass,metal_glass,train,standardized_256
data/raw/garbage_v2/standardized_256/glass/glass_1338.jpg,glass,metal_glass,train,standardized_256
data/raw/garbage_v2/standardized_256/glass/glass_1339.jpg,glass,metal_glass,train,standardized_256
data/raw/garbage_v2/standardized_256/glass/glass_134.jpg,glass,metal_glass,train,standardized_256
data/raw/garbage_v2/standardized_256/glass/glass_1340.jpg,glass,metal_glass,train,standardized_256
data/raw/garbage_v2/standardized_256/glass/glass_1341.jpg,glass,metal_glass,train,standardized_256
data/raw/garbage_v2/standardized_256/glass/glass_1343.jpg,glass,metal_glass,train,standardized_256
data/raw/garbage_v2/standardized_256/glass/glass_1345.jpg,glass,metal_glass,train,standardized_256
data/raw/garbage_v2/standardized_256/glass/glass_1346.jpg,glass,metal_glass,train,standardized_256
data/raw/garbage_v2/standardized_256/glass/glass_1347.jpg,glass,metal_glass,train,standardized_256
data/raw/garbage_v2/standardized_256/glass/glass_1348.jpg,glass,metal_glass,train,standardized_256
data/raw/garbage_v2/standardized_256/glass/glass_1349.jpg,glass,metal_glass,train,standardized_256
data/raw/garbage_v2/standardized_256/glass/glass_1350.jpg,glass,metal_glass,train,standardized_256
data/raw/garbage_v2/standardized_256/glass/glass_1351.jpg,glass,metal_glass,train,standardized_256
data/raw/garbage_v2/standardized_256/glass/glass_1352.jpg,glass,metal_glass,train,standardized_256
data/raw/garbage_v2/standardized_256/glass/glass_1354.jpg,glass,metal_glass,train,standardized_256
data/raw/garbage_v2/standardized_256/glass/glass_1357.jpg,glass,metal_glass,train,standardized_256
data/raw/garbage_v2/standardized_256/glass/glass_1358.jpg,glass,metal_glass,train,standardized_256
data/raw/garbage_v2/standardized_256/glass/glass_1359.jpg,glass,metal_glass,train,standardized_256
data/raw/garbage_v2/standardized_256/glass/glass_1361.jpg,glass,metal_glass,train,standardized_256
data/raw/garbage_v2/standardized_256/glass/glass_1363.jpg,glass,metal_glass,train,standardized_256
data/raw/garbage_v2/standardized_256/glass/glass_1364.jpg,glass,metal_glass,train,standardized_256
data/raw/garbage_v2/standardized_256/glass/glass_1365.jpg,glass,metal_glass,train,standardized_256
data/raw/garbage_v2/standardized_256/glass/glass_1366.jpg,glass,metal_glass,train,standardized_256
data/raw/garbage_v2/standardized_256/glass/glass_1368.jpg,glass,metal_glass,train,standardized_256
data/raw/garbage_v2/standardized_256/glass/glass_137.jpg,glass,metal_glass,train,standardized_256
data/raw/garbage_v2/standardized_256/glass/glass_1370.jpg,glass,metal_glass,train,standardized_256
data/raw/garbage_v2/standardized_256/glass/glass_1371.jpg,glass,metal_glass,train,standardized_256
data/raw/garbage_v2/standardized_256/glass/glass_1373.jpg,glass,metal_glass,train,standardized_256
data/raw/garbage_v2/standardized_256/glass/glass_1375.jpg,glass,metal_glass,train,standardized_256
data/raw/garbage_v2/standardized_256/glass/glass_1376.jpg,glass,metal_glass,train,standardized_256
data/raw/garbage_v2/standardized_256/glass/glass_1377.jpg,glass,metal_glass,train,standardized_256
data/raw/garbage_v2/standardized_256/glass/glass_1379.jpg,glass,metal_glass,train,standardized_256
data/raw/garbage_v2/standardized_256/glass/glass_1380.jpg,glass,metal_glass,train,standardized_256
data/raw/garbage_v2/standardized_256/glass/glass_1381.jpg,glass,metal_glass,train,standardized_256
data/raw/garbage_v2/standardized_256/glass/glass_1382.jpg,glass,metal_glass,train,standardized_256
data/raw/garbage_v2/standardized_256/glass/glass_1383.jpg,glass,metal_glass,train,standardized_256
data/raw/garbage_v2/standardized_256/glass/glass_1384.jpg,glass,metal_glass,train,standardized_256
data/raw/garbage_v2/standardized_256/glass/glass_1388.jpg,glass,metal_glass,train,standardized_256
data/raw/garbage_v2/standardized_256/glass/glass_139.jpg,glass,metal_glass,train,standardized_256
data/raw/garbage_v2/standardized_256/glass/glass_1390.jpg,glass,metal_glass,train,standardized_256
data/raw/garbage_v2/standardized_256/glass/glass_1392.jpg,glass,metal_glass,train,standardized_256
data/raw/garbage_v2/standardized_256/glass/glass_1393.jpg,glass,metal_glass,train,standardized_256
data/raw/garbage_v2/standardized_256/glass/glass_1394.jpg,glass,metal_glass,train,standardized_256
data/raw/garbage_v2/standardized_256/glass/glass_1395.jpg,glass,metal_glass,train,standardized_256
data/raw/garbage_v2/standardized_256/glass/glass_1397.jpg,glass,metal_glass,train,standardized_256
data/raw/garbage_v2/standardized_256/glass/glass_1398.jpg,glass,metal_glass,train,standardized_256
data/raw/garbage_v2/standardized_256/glass/glass_1399.jpg,glass,metal_glass,train,standardized_256
data/raw/garbage_v2/standardized_256/glass/glass_140.jpg,glass,metal_glass,train,standardized_256
data/raw/garbage_v2/standardized_256/glass/glass_1401.jpg,glass,metal_glass,train,standardized_256
data/raw/garbage_v2/standardized_256/glass/glass_1402.jpg,glass,metal_glass,train,standardized_256
data/raw/garbage_v2/standardized_256/glass/glass_1404.jpg,glass,metal_glass,train,standardized_256
data/raw/garbage_v2/standardized_256/glass/glass_1408.jpg,glass,metal_glass,train,standardized_256
data/raw/garbage_v2/standardized_256/glass/glass_141.jpg,glass,metal_glass,train,standardized_256
data/raw/garbage_v2/standardized_256/glass/glass_1412.jpg,glass,metal_glass,train,standardized_256
data/raw/garbage_v2/standardized_256/glass/glass_1414.jpg,glass,metal_glass,train,standardized_256
data/raw/garbage_v2/standardized_256/glass/glass_1415.jpg,glass,metal_glass,train,standardized_256
data/raw/garbage_v2/standardized_256/glass/glass_1416.jpg,glass,metal_glass,train,standardized_256
data/raw/garbage_v2/standardized_256/glass/glass_1417.jpg,glass,metal_glass,train,standardized_256
data/raw/garbage_v2/standardized_256/glass/glass_1419.jpg,glass,metal_glass,train,standardized_256
data/raw/garbage_v2/standardized_256/glass/glass_142.jpg,glass,metal_glass,train,standardized_256
data/raw/garbage_v2/standardized_256/glass/glass_1420.jpg,glass,metal_glass,train,standardized_256
data/raw/garbage_v2/standardized_256/glass/glass_1421.jpg,glass,metal_glass,train,standardized_256
data/raw/garbage_v2/standardized_256/glass/glass_1422.jpg,glass,metal_glass,train,standardized_256
data/raw/garbage_v2/standardized_256/glass/glass_1423.jpg,glass,metal_glass,train,standardized_256
data/raw/garbage_v2/standardized_256/glass/glass_1424.jpg,glass,metal_glass,train,standardized_256
data/raw/garbage_v2/standardized_256/glass/glass_1425.jpg,glass,metal_glass,train,standardized_256
data/raw/garbage_v2/standardized_256/glass/glass_1426.jpg,glass,metal_glass,train,standardized_256
data/raw/garbage_v2/standardized_256/glass/glass_1427.jpg,glass,metal_glass,train,standardized_256
data/raw/garbage_v2/standardized_256/glass/glass_1428.jpg,glass,metal_glass,train,standardized_256
data/raw/garbage_v2/standardized_256/glass/glass_1429.jpg,glass,metal_glass,train,standardized_256
data/raw/garbage_v2/standardized_256/glass/glass_143.jpg,glass,metal_glass,train,standardized_256
data/raw/garbage_v2/standardized_256/glass/glass_1432.jpg,glass,metal_glass,train,standardized_256
data/raw/garbage_v2/standardized_256/glass/glass_1433.jpg,glass,metal_glass,train,standardized_256
data/raw/garbage_v2/standardized_256/glass/glass_1434.jpg,glass,metal_glass,train,standardized_256
data/raw/garbage_v2/standardized_256/glass/glass_1435.jpg,glass,metal_glass,train,standardized_256
data/raw/garbage_v2/standardized_256/glass/glass_1437.jpg,glass,metal_glass,train,standardized_256
data/raw/garbage_v2/standardized_256/glass/glass_1438.jpg,glass,metal_glass,train,standardized_256
data/raw/garbage_v2/standardized_256/glass/glass_1439.jpg,glass,metal_glass,train,standardized_256
data/raw/garbage_v2/standardized_256/glass/glass_144.jpg,glass,metal_glass,train,standardized_256
data/raw/garbage_v2/standardized_256/glass/glass_1440.jpg,glass,metal_glass,train,standardized_256
data/raw/garbage_v2/standardized_256/glass/glass_1443.jpg,glass,metal_glass,train,standardized_256
data/raw/garbage_v2/standardized_256/glass/glass_1444.jpg,glass,metal_glass,train,standardized_256
data/raw/garbage_v2/standardized_256/glass/glass_1445.jpg,glass,metal_glass,train,standardized_256
data/raw/garbage_v2/standardized_256/glass/glass_1446.jpg,glass,metal_glass,train,standardized_256
data/raw/garbage_v2/standardized_256/glass/glass_1447.jpg,glass,metal_glass,train,standardized_256
data/raw/garbage_v2/standardized_256/glass/glass_1449.jpg,glass,metal_glass,train,standardized_256
data/raw/garbage_v2/standardized_256/glass/glass_145.jpg,glass,metal_glass,train,standardized_256
data/raw/garbage_v2/standardized_256/glass/glass_1450.jpg,glass,metal_glass,train,standardized_256
data/raw/garbage_v2/standardized_256/glass/glass_1451.jpg,glass,metal_glass,train,standardized_256
data/raw/garbage_v2/standardized_256/glass/glass_1452.jpg,glass,metal_glass,train,standardized_256
data/raw/garbage_v2/standardized_256/glass/glass_1453.jpg,glass,metal_glass,train,standardized_256
data/raw/garbage_v2/standardized_256/glass/glass_1454.jpg,glass,metal_glass,train,standardized_256
data/raw/garbage_v2/standardized_256/glass/glass_1455.jpg,glass,metal_glass,train,standardized_256
data/raw/garbage_v2/standardized_256/glass/glass_1458.jpg,glass,metal_glass,train,standardized_256
data/raw/garbage_v2/standardized_256/glass/glass_1459.jpg,glass,metal_glass,train,standardized_256
data/raw/garbage_v2/standardized_256/glass/glass_146.jpg,glass,metal_glass,train,standardized_256
data/raw/garbage_v2/standardized_256/glass/glass_1463.jpg,glass,metal_glass,train,standardized_256
data/raw/garbage_v2/standardized_256/glass/glass_1465.jpg,glass,metal_glass,train,standardized_256
data/raw/garbage_v2/standardized_256/glass/glass_1466.jpg,glass,metal_glass,train,standardized_256
data/raw/garbage_v2/standardized_256/glass/glass_1468.jpg,glass,metal_glass,train,standardized_256
data/raw/garbage_v2/standardized_256/glass/glass_147.jpg,glass,metal_glass,train,standardized_256
data/raw/garbage_v2/standardized_256/glass/glass_1470.jpg,glass,metal_glass,train,standardized_256
data/raw/garbage_v2/standardized_256/glass/glass_1472.jpg,glass,metal_glass,train,standardized_256
data/raw/garbage_v2/standardized_256/glass/glass_1473.jpg,glass,metal_glass,train,standardized_256
data/raw/garbage_v2/standardized_256/glass/glass_1474.jpg,glass,metal_glass,train,standardized_256
data/raw/garbage_v2/standardized_256/glass/glass_1476.jpg,glass,metal_glass,train,standardized_256
data/raw/garbage_v2/standardized_256/glass/glass_1477.jpg,glass,metal_glass,train,standardized_256
data/raw/garbage_v2/standardized_256/glass/glass_1478.jpg,glass,metal_glass,train,standardized_256
data/raw/garbage_v2/standardized_256/glass/glass_1479.jpg,glass,metal_glass,train,standardized_256
data/raw/garbage_v2/standardized_256/glass/glass_148.jpg,glass,metal_glass,train,standardized_256
data/raw/garbage_v2/standardized_256/glass/glass_1481.jpg,glass,metal_glass,train,standardized_256
data/raw/garbage_v2/standardized_256/glass/glass_1482.jpg,glass,metal_glass,train,standardized_256
data/raw/garbage_v2/standardized_256/glass/glass_1483.jpg,glass,metal_glass,train,standardized_256
data/raw/garbage_v2/standardized_256/glass/glass_1484.jpg,glass,metal_glass,train,standardized_256
data/raw/garbage_v2/standardized_256/glass/glass_1485.jpg,glass,metal_glass,train,standardized_256
data/raw/garbage_v2/standardized_256/glass/glass_1487.jpg,glass,metal_glass,train,standardized_256
data/raw/garbage_v2/standardized_256/glass/glass_1488.jpg,glass,metal_glass,train,standardized_256
data/raw/garbage_v2/standardized_256/glass/glass_1489.jpg,glass,metal_glass,train,standardized_256
data/raw/garbage_v2/standardized_256/glass/glass_149.jpg,glass,metal_glass,train,standardized_256
data/raw/garbage_v2/standardized_256/glass/glass_1491.jpg,glass,metal_glass,train,standardized_256
data/raw/garbage_v2/standardized_256/glass/glass_1492.jpg,glass,metal_glass,train,standardized_256
data/raw/garbage_v2/standardized_256/glass/glass_1493.jpg,glass,metal_glass,train,standardized_256
data/raw/garbage_v2/standardized_256/glass/glass_1494.jpg,glass,metal_glass,train,standardized_256
data/raw/garbage_v2/standardized_256/glass/glass_1495.jpg,glass,metal_glass,train,standardized_256
data/raw/garbage_v2/standardized_256/glass/glass_1496.jpg,glass,metal_glass,train,standardized_256
data/raw/garbage_v2/standardized_256/glass/glass_1497.jpg,glass,metal_glass,train,standardized_256
data/raw/garbage_v2/standardized_256/glass/glass_1498.jpg,glass,metal_glass,train,standardized_256
data/raw/garbage_v2/standardized_256/glass/glass_1499.jpg,glass,metal_glass,train,standardized_256
data/raw/garbage_v2/standardized_256/glass/glass_15.jpg,glass,metal_glass,train,standardized_256
data/raw/garbage_v2/standardized_256/glass/glass_150.jpg,glass,metal_glass,train,standardized_256
data/raw/garbage_v2/standardized_256/glass/glass_1500.jpg,glass,metal_glass,train,standardized_256
data/raw/garbage_v2/standardized_256/glass/glass_1501.jpg,glass,metal_glass,train,standardized_256
data/raw/garbage_v2/standardized_256/glass/glass_1503.jpg,glass,metal_glass,train,standardized_256
data/raw/garbage_v2/standardized_256/glass/glass_1504.jpg,glass,metal_glass,train,standardized_256
data/raw/garbage_v2/standardized_256/glass/glass_1505.jpg,glass,metal_glass,train,standardized_256
data/raw/garbage_v2/standardized_256/glass/glass_1506.jpg,glass,metal_glass,train,standardized_256
data/raw/garbage_v2/standardized_256/glass/glass_1507.jpg,glass,metal_glass,train,standardized_256
data/raw/garbage_v2/standardized_256/glass/glass_1508.jpg,glass,metal_glass,train,standardized_256
data/raw/garbage_v2/standardized_256/glass/glass_1509.jpg,glass,metal_glass,train,standardized_256
data/raw/garbage_v2/standardized_256/glass/glass_151.jpg,glass,metal_glass,train,standardized_256
data/raw/garbage_v2/standardized_256/glass/glass_1511.jpg,glass,metal_glass,train,standardized_256
data/raw/garbage_v2/standardized_256/glass/glass_1513.jpg,glass,metal_glass,train,standardized_256
data/raw/garbage_v2/standardized_256/glass/glass_1514.jpg,glass,metal_glass,train,standardized_256
data/raw/garbage_v2/standardized_256/glass/glass_1515.jpg,glass,metal_glass,train,standardized_256
data/raw/garbage_v2/standardized_256/glass/glass_1516.jpg,glass,metal_glass,train,standardized_256
data/raw/garbage_v2/standardized_256/glass/glass_1518.jpg,glass,metal_glass,train,standardized_256
data/raw/garbage_v2/standardized_256/glass/glass_1519.jpg,glass,metal_glass,train,standardized_256
data/raw/garbage_v2/standardized_256/glass/glass_1520.jpg,glass,metal_glass,train,standardized_256
data/raw/garbage_v2/standardized_256/glass/glass_1521.jpg,glass,metal_glass,train,standardized_256
data/raw/garbage_v2/standardized_256/glass/glass_1522.jpg,glass,metal_glass,train,standardized_256
data/raw/garbage_v2/standardized_256/glass/glass_1523.jpg,glass,metal_glass,train,standardized_256
data/raw/garbage_v2/standardized_256/glass/glass_1524.jpg,glass,metal_glass,train,standardized_256
data/raw/garbage_v2/standardized_256/glass/glass_1527.jpg,glass,metal_glass,train,standardized_256
data/raw/garbage_v2/standardized_256/glass/glass_1528.jpg,glass,metal_glass,train,standardized_256
data/raw/garbage_v2/standardized_256/glass/glass_153.jpg,glass,metal_glass,train,standardized_256
data/raw/garbage_v2/standardized_256/glass/glass_1530.jpg,glass,metal_glass,train,standardized_256
data/raw/garbage_v2/standardized_256/glass/glass_1531.jpg,glass,metal_glass,train,standardized_256
data/raw/garbage_v2/standardized_256/glass/glass_1533.jpg,glass,metal_glass,train,standardized_256
data/raw/garbage_v2/standardized_256/glass/glass_1535.jpg,glass,metal_glass,train,standardized_256
data/raw/garbage_v2/standardized_256/glass/glass_1537.jpg,glass,metal_glass,train,standardized_256
data/raw/garbage_v2/standardized_256/glass/glass_1538.jpg,glass,metal_glass,train,standardized_256
data/raw/garbage_v2/standardized_256/glass/glass_1539.jpg,glass,metal_glass,train,standardized_256
data/raw/garbage_v2/standardized_256/glass/glass_1541.jpg,glass,metal_glass,train,standardized_256
data/raw/garbage_v2/standardized_256/glass/glass_1543.jpg,glass,metal_glass,train,standardized_256
data/raw/garbage_v2/standardized_256/glass/glass_1544.jpg,glass,metal_glass,train,standardized_256
data/raw/garbage_v2/standardized_256/glass/glass_1546.jpg,glass,metal_glass,train,standardized_256
data/raw/garbage_v2/standardized_256/glass/glass_1547.jpg,glass,metal_glass,train,standardized_256
data/raw/garbage_v2/standardized_256/glass/glass_1549.jpg,glass,metal_glass,train,standardized_256
data/raw/garbage_v2/standardized_256/glass/glass_1550.jpg,glass,metal_glass,train,standardized_256
data/raw/garbage_v2/standardized_256/glass/glass_1551.jpg,glass,metal_glass,train,standardized_256
data/raw/garbage_v2/standardized_256/glass/glass_1552.jpg,glass,metal_glass,train,standardized_256
data/raw/garbage_v2/standardized_256/glass/glass_1555.jpg,glass,metal_glass,train,standardized_256
data/raw/garbage_v2/standardized_256/glass/glass_1556.jpg,glass,metal_glass,train,standardized_256
data/raw/garbage_v2/standardized_256/glass/glass_1557.jpg,glass,metal_glass,train,standardized_256
data/raw/garbage_v2/standardized_256/glass/glass_1558.jpg,glass,metal_glass,train,standardized_256
data/raw/garbage_v2/standardized_256/glass/glass_1559.jpg,glass,metal_glass,train,standardized_256
data/raw/garbage_v2/standardized_256/glass/glass_1561.jpg,glass,metal_glass,train,standardized_256
data/raw/garbage_v2/standardized_256/glass/glass_1562.jpg,glass,metal_glass,train,standardized_256
data/raw/garbage_v2/standardized_256/glass/glass_1563.jpg,glass,metal_glass,train,standardized_256
data/raw/garbage_v2/standardized_256/glass/glass_1564.jpg,glass,metal_glass,train,standardized_256
data/raw/garbage_v2/standardized_256/glass/glass_1565.jpg,glass,metal_glass,train,standardized_256
data/raw/garbage_v2/standardized_256/glass/glass_1566.jpg,glass,metal_glass,train,standardized_256
data/raw/garbage_v2/standardized_256/glass/glass_1567.jpg,glass,metal_glass,train,standardized_256
data/raw/garbage_v2/standardized_256/glass/glass_1568.jpg,glass,metal_glass,train,standardized_256
data/raw/garbage_v2/standardized_256/glass/glass_1569.jpg,glass,metal_glass,train,standardized_256
data/raw/garbage_v2/standardized_256/glass/glass_157.jpg,glass,metal_glass,train,standardized_256
data/raw/garbage_v2/standardized_256/glass/glass_1570.jpg,glass,metal_glass,train,standardized_256
data/raw/garbage_v2/standardized_256/glass/glass_1571.jpg,glass,metal_glass,train,standardized_256
data/raw/garbage_v2/standardized_256/glass/glass_1572.jpg,glass,metal_glass,train,standardized_256
data/raw/garbage_v2/standardized_256/glass/glass_1573.jpg,glass,metal_glass,train,standardized_256
data/raw/garbage_v2/standardized_256/glass/glass_1574.jpg,glass,metal_glass,train,standardized_256
data/raw/garbage_v2/standardized_256/glass/glass_1576.jpg,glass,metal_glass,train,standardized_256
data/raw/garbage_v2/standardized_256/glass/glass_1579.jpg,glass,metal_glass,train,standardized_256
data/raw/garbage_v2/standardized_256/glass/glass_158.jpg,glass,metal_glass,train,standardized_256
data/raw/garbage_v2/standardized_256/glass/glass_1580.jpg,glass,metal_glass,train,standardized_256
data/raw/garbage_v2/standardized_256/glass/glass_1582.jpg,glass,metal_glass,train,standardized_256
data/raw/garbage_v2/standardized_256/glass/glass_1583.jpg,glass,metal_glass,train,standardized_256
data/raw/garbage_v2/standardized_256/glass/glass_1585.jpg,glass,metal_glass,train,standardized_256
data/raw/garbage_v2/standardized_256/glass/glass_1586.jpg,glass,metal_glass,train,standardized_256
data/raw/garbage_v2/standardized_256/glass/glass_1587.jpg,glass,metal_glass,train,standardized_256
data/raw/garbage_v2/standardized_256/glass/glass_1588.jpg,glass,metal_glass,train,standardized_256
data/raw/garbage_v2/standardized_256/glass/glass_1589.jpg,glass,metal_glass,train,standardized_256
data/raw/garbage_v2/standardized_256/glass/glass_1591.jpg,glass,metal_glass,train,standardized_256
data/raw/garbage_v2/standardized_256/glass/glass_1594.jpg,glass,metal_glass,train,standardized_256
data/raw/garbage_v2/standardized_256/glass/glass_1595.jpg,glass,metal_glass,train,standardized_256
data/raw/garbage_v2/standardized_256/glass/glass_1596.jpg,glass,metal_glass,train,standardized_256
data/raw/garbage_v2/standardized_256/glass/glass_1597.jpg,glass,metal_glass,train,standardized_256
data/raw/garbage_v2/standardized_256/glass/glass_1598.jpg,glass,metal_glass,train,standardized_256
data/raw/garbage_v2/standardized_256/glass/glass_1599.jpg,glass,metal_glass,train,standardized_256
data/raw/garbage_v2/standardized_256/glass/glass_16.jpg,glass,metal_glass,train,standardized_256
data/raw/garbage_v2/standardized_256/glass/glass_160.jpg,glass,metal_glass,train,standardized_256
data/raw/garbage_v2/standardized_256/glass/glass_1600.jpg,glass,metal_glass,train,standardized_256
data/raw/garbage_v2/standardized_256/glass/glass_1601.jpg,glass,metal_glass,train,standardized_256
data/raw/garbage_v2/standardized_256/glass/glass_1602.jpg,glass,metal_glass,train,standardized_256
data/raw/garbage_v2/standardized_256/glass/glass_1603.jpg,glass,metal_glass,train,standardized_256
data/raw/garbage_v2/standardized_256/glass/glass_1604.jpg,glass,metal_glass,train,standardized_256
data/raw/garbage_v2/standardized_256/glass/glass_1605.jpg,glass,metal_glass,train,standardized_256
data/raw/garbage_v2/standardized_256/glass/glass_1606.jpg,glass,metal_glass,train,standardized_256
data/raw/garbage_v2/standardized_256/glass/glass_1610.jpg,glass,metal_glass,train,standardized_256
data/raw/garbage_v2/standardized_256/glass/glass_1611.jpg,glass,metal_glass,train,standardized_256
data/raw/garbage_v2/standardized_256/glass/glass_1612.jpg,glass,metal_glass,train,standardized_256
data/raw/garbage_v2/standardized_256/glass/glass_1613.jpg,glass,metal_glass,train,standardized_256
data/raw/garbage_v2/standardized_256/glass/glass_1614.jpg,glass,metal_glass,train,standardized_256
data/raw/garbage_v2/standardized_256/glass/glass_1615.jpg,glass,metal_glass,train,standardized_256
data/raw/garbage_v2/standardized_256/glass/glass_1616.jpg,glass,metal_glass,train,standardized_256
data/raw/garbage_v2/standardized_256/glass/glass_1617.jpg,glass,metal_glass,train,standardized_256
data/raw/garbage_v2/standardized_256/glass/glass_1618.jpg,glass,metal_glass,train,standardized_256
data/raw/garbage_v2/standardized_256/glass/glass_1619.jpg,glass,metal_glass,train,standardized_256
data/raw/garbage_v2/standardized_256/glass/glass_162.jpg,glass,metal_glass,train,standardized_256
data/raw/garbage_v2/standardized_256/glass/glass_1620.jpg,glass,metal_glass,train,standardized_256
data/raw/garbage_v2/standardized_256/glass/glass_1622.jpg,glass,metal_glass,train,standardized_256
data/raw/garbage_v2/standardized_256/glass/glass_1623.jpg,glass,metal_glass,train,standardized_256
data/raw/garbage_v2/standardized_256/glass/glass_1624.jpg,glass,metal_glass,train,standardized_256
data/raw/garbage_v2/standardized_256/glass/glass_1625.jpg,glass,metal_glass,train,standardized_256
data/raw/garbage_v2/standardized_256/glass/glass_1626.jpg,glass,metal_glass,train,standardized_256
data/raw/garbage_v2/standardized_256/glass/glass_1629.jpg,glass,metal_glass,train,standardized_256
data/raw/garbage_v2/standardized_256/glass/glass_163.jpg,glass,metal_glass,train,standardized_256
data/raw/garbage_v2/standardized_256/glass/glass_1631.jpg,glass,metal_glass,train,standardized_256
data/raw/garbage_v2/standardized_256/glass/glass_1633.jpg,glass,metal_glass,train,standardized_256
data/raw/garbage_v2/standardized_256/glass/glass_1634.jpg,glass,metal_glass,train,standardized_256
data/raw/garbage_v2/standardized_256/glass/glass_1637.jpg,glass,metal_glass,train,standardized_256
data/raw/garbage_v2/standardized_256/glass/glass_1638.jpg,glass,metal_glass,train,standardized_256
data/raw/garbage_v2/standardized_256/glass/glass_1639.jpg,glass,metal_glass,train,standardized_256
data/raw/garbage_v2/standardized_256/glass/glass_164.jpg,glass,metal_glass,train,standardized_256
data/raw/garbage_v2/standardized_256/glass/glass_1640.jpg,glass,metal_glass,train,standardized_256
data/raw/garbage_v2/standardized_256/glass/glass_1641.jpg,glass,metal_glass,train,standardized_256
data/raw/garbage_v2/standardized_256/glass/glass_1643.jpg,glass,metal_glass,train,standardized_256
data/raw/garbage_v2/standardized_256/glass/glass_1644.jpg,glass,metal_glass,train,standardized_256
data/raw/garbage_v2/standardized_256/glass/glass_1645.jpg,glass,metal_glass,train,standardized_256
data/raw/garbage_v2/standardized_256/glass/glass_1646.jpg,glass,metal_glass,train,standardized_256
data/raw/garbage_v2/standardized_256/glass/glass_1647.jpg,glass,metal_glass,train,standardized_256
data/raw/garbage_v2/standardized_256/glass/glass_1649.jpg,glass,metal_glass,train,standardized_256
data/raw/garbage_v2/standardized_256/glass/glass_165.jpg,glass,metal_glass,train,standardized_256
data/raw/garbage_v2/standardized_256/glass/glass_1650.jpg,glass,metal_glass,train,standardized_256
data/raw/garbage_v2/standardized_256/glass/glass_1651.jpg,glass,metal_glass,train,standardized_256
data/raw/garbage_v2/standardized_256/glass/glass_1652.jpg,glass,metal_glass,train,standardized_256
data/raw/garbage_v2/standardized_256/glass/glass_1654.jpg,glass,metal_glass,train,standardized_256
data/raw/garbage_v2/standardized_256/glass/glass_1655.jpg,glass,metal_glass,train,standardized_256
data/raw/garbage_v2/standardized_256/glass/glass_1656.jpg,glass,metal_glass,train,standardized_256
data/raw/garbage_v2/standardized_256/glass/glass_1660.jpg,glass,metal_glass,train,standardized_256
data/raw/garbage_v2/standardized_256/glass/glass_1661.jpg,glass,metal_glass,train,standardized_256
data/raw/garbage_v2/standardized_256/glass/glass_1662.jpg,glass,metal_glass,train,standardized_256
data/raw/garbage_v2/standardized_256/glass/glass_1664.jpg,glass,metal_glass,train,standardized_256
data/raw/garbage_v2/standardized_256/glass/glass_1665.jpg,glass,metal_glass,train,standardized_256
data/raw/garbage_v2/standardized_256/glass/glass_1666.jpg,glass,metal_glass,train,standardized_256
data/raw/garbage_v2/standardized_256/glass/glass_1667.jpg,glass,metal_glass,train,standardized_256
data/raw/garbage_v2/standardized_256/glass/glass_1668.jpg,glass,metal_glass,train,standardized_256
data/raw/garbage_v2/standardized_256/glass/glass_167.jpg,glass,metal_glass,train,standardized_256
data/raw/garbage_v2/standardized_256/glass/glass_1670.jpg,glass,metal_glass,train,standardized_256
data/raw/garbage_v2/standardized_256/glass/glass_1671.jpg,glass,metal_glass,train,standardized_256
data/raw/garbage_v2/standardized_256/glass/glass_1672.jpg,glass,metal_glass,train,standardized_256
data/raw/garbage_v2/standardized_256/glass/glass_1673.jpg,glass,metal_glass,train,standardized_256
data/raw/garbage_v2/standardized_256/glass/glass_1674.jpg,glass,metal_glass,train,standardized_256
data/raw/garbage_v2/standardized_256/glass/glass_1675.jpg,glass,metal_glass,train,standardized_256
data/raw/garbage_v2/standardized_256/glass/glass_1676.jpg,glass,metal_glass,train,standardized_256
data/raw/garbage_v2/standardized_256/glass/glass_1678.jpg,glass,metal_glass,train,standardized_256
data/raw/garbage_v2/standardized_256/glass/glass_1679.jpg,glass,metal_glass,train,standardized_256
data/raw/garbage_v2/standardized_256/glass/glass_168.jpg,glass,metal_glass,train,standardized_256
data/raw/garbage_v2/standardized_256/glass/glass_1680.jpg,glass,metal_glass,train,standardized_256
data/raw/garbage_v2/standardized_256/glass/glass_1681.jpg,glass,metal_glass,train,standardized_256
data/raw/garbage_v2/standardized_256/glass/glass_1682.jpg,glass,metal_glass,train,standardized_256
data/raw/garbage_v2/standardized_256/glass/glass_1683.jpg,glass,metal_glass,train,standardized_256
data/raw/garbage_v2/standardized_256/glass/glass_1684.jpg,glass,metal_glass,train,standardized_256
data/raw/garbage_v2/standardized_256/glass/glass_1685.jpg,glass,metal_glass,train,standardized_256
data/raw/garbage_v2/standardized_256/glass/glass_1686.jpg,glass,metal_glass,train,standardized_256
data/raw/garbage_v2/standardized_256/glass/glass_1689.jpg,glass,metal_glass,train,standardized_256
data/raw/garbage_v2/standardized_256/glass/glass_1690.jpg,glass,metal_glass,train,standardized_256
data/raw/garbage_v2/standardized_256/glass/glass_1691.jpg,glass,metal_glass,train,standardized_256
data/raw/garbage_v2/standardized_256/glass/glass_1692.jpg,glass,metal_glass,train,standardized_256
data/raw/garbage_v2/standardized_256/glass/glass_1693.jpg,glass,metal_glass,train,standardized_256
data/raw/garbage_v2/standardized_256/glass/glass_1695.jpg,glass,metal_glass,train,standardized_256
data/raw/garbage_v2/standardized_256/glass/glass_1696.jpg,glass,metal_glass,train,standardized_256
data/raw/garbage_v2/standardized_256/glass/glass_1698.jpg,glass,metal_glass,train,standardized_256
data/raw/garbage_v2/standardized_256/glass/glass_1699.jpg,glass,metal_glass,train,standardized_256
data/raw/garbage_v2/standardized_256/glass/glass_17.jpg,glass,metal_glass,train,standardized_256
data/raw/garbage_v2/standardized_256/glass/glass_170.jpg,glass,metal_glass,train,standardized_256
data/raw/garbage_v2/standardized_256/glass/glass_1702.jpg,glass,metal_glass,train,standardized_256
data/raw/garbage_v2/standardized_256/glass/glass_1703.jpg,glass,metal_glass,train,standardized_256
data/raw/garbage_v2/standardized_256/glass/glass_1704.jpg,glass,metal_glass,train,standardized_256
data/raw/garbage_v2/standardized_256/glass/glass_1705.jpg,glass,metal_glass,train,standardized_256
data/raw/garbage_v2/standardized_256/glass/glass_1706.jpg,glass,metal_glass,train,standardized_256
data/raw/garbage_v2/standardized_256/glass/glass_1709.jpg,glass,metal_glass,train,standardized_256
data/raw/garbage_v2/standardized_256/glass/glass_1710.jpg,glass,metal_glass,train,standardized_256
data/raw/garbage_v2/standardized_256/glass/glass_1711.jpg,glass,metal_glass,train,standardized_256
data/raw/garbage_v2/standardized_256/glass/glass_1714.jpg,glass,metal_glass,train,standardized_256
data/raw/garbage_v2/standardized_256/glass/glass_1717.jpg,glass,metal_glass,train,standardized_256
data/raw/garbage_v2/standardized_256/glass/glass_1718.jpg,glass,metal_glass,train,standardized_256
data/raw/garbage_v2/standardized_256/glass/glass_172.jpg,glass,metal_glass,train,standardized_256
data/raw/garbage_v2/standardized_256/glass/glass_1720.jpg,glass,metal_glass,train,standardized_256
data/raw/garbage_v2/standardized_256/glass/glass_1721.jpg,glass,metal_glass,train,standardized_256
data/raw/garbage_v2/standardized_256/glass/glass_1723.jpg,glass,metal_glass,train,standardized_256
data/raw/garbage_v2/standardized_256/glass/glass_1724.jpg,glass,metal_glass,train,standardized_256
data/raw/garbage_v2/standardized_256/glass/glass_1726.jpg,glass,metal_glass,train,standardized_256
data/raw/garbage_v2/standardized_256/glass/glass_1728.jpg,glass,metal_glass,train,standardized_256
data/raw/garbage_v2/standardized_256/glass/glass_1729.jpg,glass,metal_glass,train,standardized_256
data/raw/garbage_v2/standardized_256/glass/glass_173.jpg,glass,metal_glass,train,standardized_256
data/raw/garbage_v2/standardized_256/glass/glass_1730.jpg,glass,metal_glass,train,standardized_256
data/raw/garbage_v2/standardized_256/glass/glass_1732.jpg,glass,metal_glass,train,standardized_256
data/raw/garbage_v2/standardized_256/glass/glass_1733.jpg,glass,metal_glass,train,standardized_256
data/raw/garbage_v2/standardized_256/glass/glass_1734.jpg,glass,metal_glass,train,standardized_256
data/raw/garbage_v2/standardized_256/glass/glass_1735.jpg,glass,metal_glass,train,standardized_256
data/raw/garbage_v2/standardized_256/glass/glass_1736.jpg,glass,metal_glass,train,standardized_256
data/raw/garbage_v2/standardized_256/glass/glass_174.jpg,glass,metal_glass,train,standardized_256
data/raw/garbage_v2/standardized_256/glass/glass_175.jpg,glass,metal_glass,train,standardized_256
data/raw/garbage_v2/standardized_256/glass/glass_176.jpg,glass,metal_glass,train,standardized_256
data/raw/garbage_v2/standardized_256/glass/glass_177.jpg,glass,metal_glass,train,standardized_256
data/raw/garbage_v2/standardized_256/glass/glass_178.jpg,glass,metal_glass,train,standardized_256
data/raw/garbage_v2/standardized_256/glass/glass_180.jpg,glass,metal_glass,train,standardized_256
data/raw/garbage_v2/standardized_256/glass/glass_182.jpg,glass,metal_glass,train,standardized_256
data/raw/garbage_v2/standardized_256/glass/glass_183.jpg,glass,metal_glass,train,standardized_256
data/raw/garbage_v2/standardized_256/glass/glass_184.jpg,glass,metal_glass,train,standardized_256
data/raw/garbage_v2/standardized_256/glass/glass_185.jpg,glass,metal_glass,train,standardized_256
data/raw/garbage_v2/standardized_256/glass/glass_186.jpg,glass,metal_glass,train,standardized_256
data/raw/garbage_v2/standardized_256/glass/glass_188.jpg,glass,metal_glass,train,standardized_256
data/raw/garbage_v2/standardized_256/glass/glass_189.jpg,glass,metal_glass,train,standardized_256
data/raw/garbage_v2/standardized_256/glass/glass_19.jpg,glass,metal_glass,train,standardized_256
data/raw/garbage_v2/standardized_256/glass/glass_191.jpg,glass,metal_glass,train,standardized_256
data/raw/garbage_v2/standardized_256/glass/glass_192.jpg,glass,metal_glass,train,standardized_256
data/raw/garbage_v2/standardized_256/glass/glass_193.jpg,glass,metal_glass,train,standardized_256
data/raw/garbage_v2/standardized_256/glass/glass_195.jpg,glass,metal_glass,train,standardized_256
data/raw/garbage_v2/standardized_256/glass/glass_198.jpg,glass,metal_glass,train,standardized_256
data/raw/garbage_v2/standardized_256/glass/glass_199.jpg,glass,metal_glass,train,standardized_256
data/raw/garbage_v2/standardized_256/glass/glass_20.jpg,glass,metal_glass,train,standardized_256
data/raw/garbage_v2/standardized_256/glass/glass_200.jpg,glass,metal_glass,train,standardized_256
data/raw/garbage_v2/standardized_256/glass/glass_202.jpg,glass,metal_glass,train,standardized_256
data/raw/garbage_v2/standardized_256/glass/glass_205.jpg,glass,metal_glass,train,standardized_256
data/raw/garbage_v2/standardized_256/glass/glass_206.jpg,glass,metal_glass,train,standardized_256
data/raw/garbage_v2/standardized_256/glass/glass_208.jpg,glass,metal_glass,train,standardized_256
data/raw/garbage_v2/standardized_256/glass/glass_209.jpg,glass,metal_glass,train,standardized_256
data/raw/garbage_v2/standardized_256/glass/glass_21.jpg,glass,metal_glass,train,standardized_256
data/raw/garbage_v2/standardized_256/glass/glass_210.jpg,glass,metal_glass,train,standardized_256
data/raw/garbage_v2/standardized_256/glass/glass_211.jpg,glass,metal_glass,train,standardized_256
data/raw/garbage_v2/standardized_256/glass/glass_212.jpg,glass,metal_glass,train,standardized_256
data/raw/garbage_v2/standardized_256/glass/glass_213.jpg,glass,metal_glass,train,standardized_256
data/raw/garbage_v2/standardized_256/glass/glass_215.jpg,glass,metal_glass,train,standardized_256
data/raw/garbage_v2/standardized_256/glass/glass_216.jpg,glass,metal_glass,train,standardized_256
data/raw/garbage_v2/standardized_256/glass/glass_218.jpg,glass,metal_glass,train,standardized_256
data/raw/garbage_v2/standardized_256/glass/glass_219.jpg,glass,metal_glass,train,standardized_256
data/raw/garbage_v2/standardized_256/glass/glass_22.jpg,glass,metal_glass,train,standardized_256
data/raw/garbage_v2/standardized_256/glass/glass_220.jpg,glass,metal_glass,train,standardized_256
data/raw/garbage_v2/standardized_256/glass/glass_221.jpg,glass,metal_glass,train,standardized_256
data/raw/garbage_v2/standardized_256/glass/glass_222.jpg,glass,metal_glass,train,standardized_256
data/raw/garbage_v2/standardized_256/glass/glass_223.jpg,glass,metal_glass,train,standardized_256
data/raw/garbage_v2/standardized_256/glass/glass_224.jpg,glass,metal_glass,train,standardized_256
data/raw/garbage_v2/standardized_256/glass/glass_226.jpg,glass,metal_glass,train,standardized_256
data/raw/garbage_v2/standardized_256/glass/glass_227.jpg,glass,metal_glass,train,standardized_256
data/raw/garbage_v2/standardized_256/glass/glass_228.jpg,glass,metal_glass,train,standardized_256
data/raw/garbage_v2/standardized_256/glass/glass_229.jpg,glass,metal_glass,train,standardized_256
data/raw/garbage_v2/standardized_256/glass/glass_23.jpg,glass,metal_glass,train,standardized_256
data/raw/garbage_v2/standardized_256/glass/glass_230.jpg,glass,metal_glass,train,standardized_256
data/raw/garbage_v2/standardized_256/glass/glass_231.jpg,glass,metal_glass,train,standardized_256
data/raw/garbage_v2/standardized_256/glass/glass_232.jpg,glass,metal_glass,train,standardized_256
data/raw/garbage_v2/standardized_256/glass/glass_234.jpg,glass,metal_glass,train,standardized_256
data/raw/garbage_v2/standardized_256/glass/glass_235.jpg,glass,metal_glass,train,standardized_256
data/raw/garbage_v2/standardized_256/glass/glass_236.jpg,glass,metal_glass,train,standardized_256
data/raw/garbage_v2/standardized_256/glass/glass_237.jpg,glass,metal_glass,train,standardized_256
data/raw/garbage_v2/standardized_256/glass/glass_239.jpg,glass,metal_glass,train,standardized_256
data/raw/garbage_v2/standardized_256/glass/glass_24.jpg,glass,metal_glass,train,standardized_256
data/raw/garbage_v2/standardized_256/glass/glass_240.jpg,glass,metal_glass,train,standardized_256
data/raw/garbage_v2/standardized_256/glass/glass_241.jpg,glass,metal_glass,train,standardized_256
data/raw/garbage_v2/standardized_256/glass/glass_243.jpg,glass,metal_glass,train,standardized_256
data/raw/garbage_v2/standardized_256/glass/glass_244.jpg,glass,metal_glass,train,standardized_256
data/raw/garbage_v2/standardized_256/glass/glass_245.jpg,glass,metal_glass,train,standardized_256
data/raw/garbage_v2/standardized_256/glass/glass_246.jpg,glass,metal_glass,train,standardized_256
data/raw/garbage_v2/standardized_256/glass/glass_247.jpg,glass,metal_glass,train,standardized_256
data/raw/garbage_v2/standardized_256/glass/glass_249.jpg,glass,metal_glass,train,standardized_256
data/raw/garbage_v2/standardized_256/glass/glass_25.jpg,glass,metal_glass,train,standardized_256
data/raw/garbage_v2/standardized_256/glass/glass_250.jpg,glass,metal_glass,train,standardized_256
data/raw/garbage_v2/standardized_256/glass/glass_251.jpg,glass,metal_glass,train,standardized_256
data/raw/garbage_v2/standardized_256/glass/glass_253.jpg,glass,metal_glass,train,standardized_256
data/raw/garbage_v2/standardized_256/glass/glass_255.jpg,glass,metal_glass,train,standardized_256
data/raw/garbage_v2/standardized_256/glass/glass_256.jpg,glass,metal_glass,train,standardized_256
data/raw/garbage_v2/standardized_256/glass/glass_258.jpg,glass,metal_glass,train,standardized_256
data/raw/garbage_v2/standardized_256/glass/glass_259.jpg,glass,metal_glass,train,standardized_256
data/raw/garbage_v2/standardized_256/glass/glass_260.jpg,glass,metal_glass,train,standardized_256
data/raw/garbage_v2/standardized_256/glass/glass_262.jpg,glass,metal_glass,train,standardized_256
data/raw/garbage_v2/standardized_256/glass/glass_264.jpg,glass,metal_glass,train,standardized_256
data/raw/garbage_v2/standardized_256/glass/glass_265.jpg,glass,metal_glass,train,standardized_256
data/raw/garbage_v2/standardized_256/glass/glass_268.jpg,glass,metal_glass,train,standardized_256
data/raw/garbage_v2/standardized_256/glass/glass_269.jpg,glass,metal_glass,train,standardized_256
data/raw/garbage_v2/standardized_256/glass/glass_271.jpg,glass,metal_glass,train,standardized_256
data/raw/garbage_v2/standardized_256/glass/glass_272.jpg,glass,metal_glass,train,standardized_256
data/raw/garbage_v2/standardized_256/glass/glass_274.jpg,glass,metal_glass,train,standardized_256
data/raw/garbage_v2/standardized_256/glass/glass_275.jpg,glass,metal_glass,train,standardized_256
data/raw/garbage_v2/standardized_256/glass/glass_276.jpg,glass,metal_glass,train,standardized_256
data/raw/garbage_v2/standardized_256/glass/glass_278.jpg,glass,metal_glass,train,standardized_256
data/raw/garbage_v2/standardized_256/glass/glass_28.jpg,glass,metal_glass,train,standardized_256
data/raw/garbage_v2/standardized_256/glass/glass_280.jpg,glass,metal_glass,train,standardized_256
data/raw/garbage_v2/standardized_256/glass/glass_281.jpg,glass,metal_glass,train,standardized_256
data/raw/garbage_v2/standardized_256/glass/glass_283.jpg,glass,metal_glass,train,standardized_256
data/raw/garbage_v2/standardized_256/glass/glass_284.jpg,glass,metal_glass,train,standardized_256
data/raw/garbage_v2/standardized_256/glass/glass_285.jpg,glass,metal_glass,train,standardized_256
data/raw/garbage_v2/standardized_256/glass/glass_287.jpg,glass,metal_glass,train,standardized_256
data/raw/garbage_v2/standardized_256/glass/glass_288.jpg,glass,metal_glass,train,standardized_256
data/raw/garbage_v2/standardized_256/glass/glass_289.jpg,glass,metal_glass,train,standardized_256
data/raw/garbage_v2/standardized_256/glass/glass_29.jpg,glass,metal_glass,train,standardized_256
data/raw/garbage_v2/standardized_256/glass/glass_290.jpg,glass,metal_glass,train,standardized_256
data/raw/garbage_v2/standardized_256/glass/glass_291.jpg,glass,metal_glass,train,standardized_256
data/raw/garbage_v2/standardized_256/glass/glass_292.jpg,glass,metal_glass,train,standardized_256
data/raw/garbage_v2/standardized_256/glass/glass_293.jpg,glass,metal_glass,train,standardized_256
data/raw/garbage_v2/standardized_256/glass/glass_294.jpg,glass,metal_glass,train,standardized_256
data/raw/garbage_v2/standardized_256/glass/glass_295.jpg,glass,metal_glass,train,standardized_256
data/raw/garbage_v2/standardized_256/glass/glass_297.jpg,glass,metal_glass,train,standardized_256
data/raw/garbage_v2/standardized_256/glass/glass_298.jpg,glass,metal_glass,train,standardized_256
data/raw/garbage_v2/standardized_256/glass/glass_299.jpg,glass,metal_glass,train,standardized_256
data/raw/garbage_v2/standardized_256/glass/glass_3.jpg,glass,metal_glass,train,standardized_256
data/raw/garbage_v2/standardized_256/glass/glass_30.jpg,glass,metal_glass,train,standardized_256
data/raw/garbage_v2/standardized_256/glass/glass_301.jpg,glass,metal_glass,train,standardized_256
data/raw/garbage_v2/standardized_256/glass/glass_302.jpg,glass,metal_glass,train,standardized_256
data/raw/garbage_v2/standardized_256/glass/glass_303.jpg,glass,metal_glass,train,standardized_256
data/raw/garbage_v2/standardized_256/glass/glass_304.jpg,glass,metal_glass,train,standardized_256
data/raw/garbage_v2/standardized_256/glass/glass_305.jpg,glass,metal_glass,train,standardized_256
data/raw/garbage_v2/standardized_256/glass/glass_306.jpg,glass,metal_glass,train,standardized_256
data/raw/garbage_v2/standardized_256/glass/glass_308.jpg,glass,metal_glass,train,standardized_256
data/raw/garbage_v2/standardized_256/glass/glass_31.jpg,glass,metal_glass,train,standardized_256
data/raw/garbage_v2/standardized_256/glass/glass_311.jpg,glass,metal_glass,train,standardized_256
data/raw/garbage_v2/standardized_256/glass/glass_312.jpg,glass,metal_glass,train,standardized_256
data/raw/garbage_v2/standardized_256/glass/glass_313.jpg,glass,metal_glass,train,standardized_256
data/raw/garbage_v2/standardized_256/glass/glass_314.jpg,glass,metal_glass,train,standardized_256
data/raw/garbage_v2/standardized_256/glass/glass_315.jpg,glass,metal_glass,train,standardized_256
data/raw/garbage_v2/standardized_256/glass/glass_316.jpg,glass,metal_glass,train,standardized_256
data/raw/garbage_v2/standardized_256/glass/glass_317.jpg,glass,metal_glass,train,standardized_256
data/raw/garbage_v2/standardized_256/glass/glass_318.jpg,glass,metal_glass,train,standardized_256
data/raw/garbage_v2/standardized_256/glass/glass_319.jpg,glass,metal_glass,train,standardized_256
data/raw/garbage_v2/standardized_256/glass/glass_32.jpg,glass,metal_glass,train,standardized_256
data/raw/garbage_v2/standardized_256/glass/glass_321.jpg,glass,metal_glass,train,standardized_256
data/raw/garbage_v2/standardized_256/glass/glass_322.jpg,glass,metal_glass,train,standardized_256
data/raw/garbage_v2/standardized_256/glass/glass_324.jpg,glass,metal_glass,train,standardized_256
data/raw/garbage_v2/standardized_256/glass/glass_325.jpg,glass,metal_glass,train,standardized_256
data/raw/garbage_v2/standardized_256/glass/glass_327.jpg,glass,metal_glass,train,standardized_256
data/raw/garbage_v2/standardized_256/glass/glass_328.jpg,glass,metal_glass,train,standardized_256
data/raw/garbage_v2/standardized_256/glass/glass_329.jpg,glass,metal_glass,train,standardized_256
data/raw/garbage_v2/standardized_256/glass/glass_33.jpg,glass,metal_glass,train,standardized_256
data/raw/garbage_v2/standardized_256/glass/glass_330.jpg,glass,metal_glass,train,standardized_256
data/raw/garbage_v2/standardized_256/glass/glass_331.jpg,glass,metal_glass,train,standardized_256
data/raw/garbage_v2/standardized_256/glass/glass_334.jpg,glass,metal_glass,train,standardized_256
data/raw/garbage_v2/standardized_256/glass/glass_336.jpg,glass,metal_glass,train,standardized_256
data/raw/garbage_v2/standardized_256/glass/glass_337.jpg,glass,metal_glass,train,standardized_256
data/raw/garbage_v2/standardized_256/glass/glass_338.jpg,glass,metal_glass,train,standardized_256
data/raw/garbage_v2/standardized_256/glass/glass_339.jpg,glass,metal_glass,train,standardized_256
data/raw/garbage_v2/standardized_256/glass/glass_340.jpg,glass,metal_glass,train,standardized_256
data/raw/garbage_v2/standardized_256/glass/glass_342.jpg,glass,metal_glass,train,standardized_256
data/raw/garbage_v2/standardized_256/glass/glass_344.jpg,glass,metal_glass,train,standardized_256
data/raw/garbage_v2/standardized_256/glass/glass_345.jpg,glass,metal_glass,train,standardized_256
data/raw/garbage_v2/standardized_256/glass/glass_346.jpg,glass,metal_glass,train,standardized_256
data/raw/garbage_v2/standardized_256/glass/glass_347.jpg,glass,metal_glass,train,standardized_256
data/raw/garbage_v2/standardized_256/glass/glass_348.jpg,glass,metal_glass,train,standardized_256
data/raw/garbage_v2/standardized_256/glass/glass_349.jpg,glass,metal_glass,train,standardized_256
data/raw/garbage_v2/standardized_256/glass/glass_350.jpg,glass,metal_glass,train,standardized_256
data/raw/garbage_v2/standardized_256/glass/glass_351.jpg,glass,metal_glass,train,standardized_256
data/raw/garbage_v2/standardized_256/glass/glass_353.jpg,glass,metal_glass,train,standardized_256
data/raw/garbage_v2/standardized_256/glass/glass_356.jpg,glass,metal_glass,train,standardized_256
data/raw/garbage_v2/standardized_256/glass/glass_357.jpg,glass,metal_glass,train,standardized_256
data/raw/garbage_v2/standardized_256/glass/glass_358.jpg,glass,metal_glass,train,standardized_256
data/raw/garbage_v2/standardized_256/glass/glass_359.jpg,glass,metal_glass,train,standardized_256
data/raw/garbage_v2/standardized_256/glass/glass_36.jpg,glass,metal_glass,train,standardized_256
data/raw/garbage_v2/standardized_256/glass/glass_360.jpg,glass,metal_glass,train,standardized_256
data/raw/garbage_v2/standardized_256/glass/glass_361.jpg,glass,metal_glass,train,standardized_256
data/raw/garbage_v2/standardized_256/glass/glass_363.jpg,glass,metal_glass,train,standardized_256
data/raw/garbage_v2/standardized_256/glass/glass_366.jpg,glass,metal_glass,train,standardized_256
data/raw/garbage_v2/standardized_256/glass/glass_369.jpg,glass,metal_glass,train,standardized_256
data/raw/garbage_v2/standardized_256/glass/glass_37.jpg,glass,metal_glass,train,standardized_256
data/raw/garbage_v2/standardized_256/glass/glass_371.jpg,glass,metal_glass,train,standardized_256
data/raw/garbage_v2/standardized_256/glass/glass_372.jpg,glass,metal_glass,train,standardized_256
data/raw/garbage_v2/standardized_256/glass/glass_374.jpg,glass,metal_glass,train,standardized_256
data/raw/garbage_v2/standardized_256/glass/glass_375.jpg,glass,metal_glass,train,standardized_256
data/raw/garbage_v2/standardized_256/glass/glass_376.jpg,glass,metal_glass,train,standardized_256
data/raw/garbage_v2/standardized_256/glass/glass_377.jpg,glass,metal_glass,train,standardized_256
data/raw/garbage_v2/standardized_256/glass/glass_379.jpg,glass,metal_glass,train,standardized_256
data/raw/garbage_v2/standardized_256/glass/glass_38.jpg,glass,metal_glass,train,standardized_256
data/raw/garbage_v2/standardized_256/glass/glass_381.jpg,glass,metal_glass,train,standardized_256
data/raw/garbage_v2/standardized_256/glass/glass_382.jpg,glass,metal_glass,train,standardized_256
data/raw/garbage_v2/standardized_256/glass/glass_385.jpg,glass,metal_glass,train,standardized_256
data/raw/garbage_v2/standardized_256/glass/glass_386.jpg,glass,metal_glass,train,standardized_256
data/raw/garbage_v2/standardized_256/glass/glass_387.jpg,glass,metal_glass,train,standardized_256
data/raw/garbage_v2/standardized_256/glass/glass_388.jpg,glass,metal_glass,train,standardized_256
data/raw/garbage_v2/standardized_256/glass/glass_39.jpg,glass,metal_glass,train,standardized_256
data/raw/garbage_v2/standardized_256/glass/glass_390.jpg,glass,metal_glass,train,standardized_256
data/raw/garbage_v2/standardized_256/glass/glass_391.jpg,glass,metal_glass,train,standardized_256
data/raw/garbage_v2/standardized_256/glass/glass_392.jpg,glass,metal_glass,train,standardized_256
data/raw/garbage_v2/standardized_256/glass/glass_394.jpg,glass,metal_glass,train,standardized_256
data/raw/garbage_v2/standardized_256/glass/glass_395.jpg,glass,metal_glass,train,standardized_256
data/raw/garbage_v2/standardized_256/glass/glass_397.jpg,glass,metal_glass,train,standardized_256
data/raw/garbage_v2/standardized_256/glass/glass_398.jpg,glass,metal_glass,train,standardized_256
data/raw/garbage_v2/standardized_256/glass/glass_400.jpg,glass,metal_glass,train,standardized_256
data/raw/garbage_v2/standardized_256/glass/glass_401.jpg,glass,metal_glass,train,standardized_256
data/raw/garbage_v2/standardized_256/glass/glass_403.jpg,glass,metal_glass,train,standardized_256
data/raw/garbage_v2/standardized_256/glass/glass_405.jpg,glass,metal_glass,train,standardized_256
data/raw/garbage_v2/standardized_256/glass/glass_406.jpg,glass,metal_glass,train,standardized_256
data/raw/garbage_v2/standardized_256/glass/glass_407.jpg,glass,metal_glass,train,standardized_256
data/raw/garbage_v2/standardized_256/glass/glass_408.jpg,glass,metal_glass,train,standardized_256
data/raw/garbage_v2/standardized_256/glass/glass_409.jpg,glass,metal_glass,train,standardized_256
data/raw/garbage_v2/standardized_256/glass/glass_41.jpg,glass,metal_glass,train,standardized_256
data/raw/garbage_v2/standardized_256/glass/glass_410.jpg,glass,metal_glass,train,standardized_256
data/raw/garbage_v2/standardized_256/glass/glass_411.jpg,glass,metal_glass,train,standardized_256
data/raw/garbage_v2/standardized_256/glass/glass_412.jpg,glass,metal_glass,train,standardized_256
data/raw/garbage_v2/standardized_256/glass/glass_414.jpg,glass,metal_glass,train,standardized_256
data/raw/garbage_v2/standardized_256/glass/glass_415.jpg,glass,metal_glass,train,standardized_256
data/raw/garbage_v2/standardized_256/glass/glass_416.jpg,glass,metal_glass,train,standardized_256
data/raw/garbage_v2/standardized_256/glass/glass_417.jpg,glass,metal_glass,train,standardized_256
data/raw/garbage_v2/standardized_256/glass/glass_418.jpg,glass,metal_glass,train,standardized_256
data/raw/garbage_v2/standardized_256/glass/glass_420.jpg,glass,metal_glass,train,standardized_256
data/raw/garbage_v2/standardized_256/glass/glass_422.jpg,glass,metal_glass,train,standardized_256
data/raw/garbage_v2/standardized_256/glass/glass_423.jpg,glass,metal_glass,train,standardized_256
data/raw/garbage_v2/standardized_256/glass/glass_424.jpg,glass,metal_glass,train,standardized_256
data/raw/garbage_v2/standardized_256/glass/glass_428.jpg,glass,metal_glass,train,standardized_256
data/raw/garbage_v2/standardized_256/glass/glass_429.jpg,glass,metal_glass,train,standardized_256
data/raw/garbage_v2/standardized_256/glass/glass_43.jpg,glass,metal_glass,train,standardized_256
data/raw/garbage_v2/standardized_256/glass/glass_430.jpg,glass,metal_glass,train,standardized_256
data/raw/garbage_v2/standardized_256/glass/glass_432.jpg,glass,metal_glass,train,standardized_256
data/raw/garbage_v2/standardized_256/glass/glass_434.jpg,glass,metal_glass,train,standardized_256
data/raw/garbage_v2/standardized_256/glass/glass_435.jpg,glass,metal_glass,train,standardized_256
data/raw/garbage_v2/standardized_256/glass/glass_438.jpg,glass,metal_glass,train,standardized_256
data/raw/garbage_v2/standardized_256/glass/glass_439.jpg,glass,metal_glass,train,standardized_256
data/raw/garbage_v2/standardized_256/glass/glass_44.jpg,glass,metal_glass,train,standardized_256
data/raw/garbage_v2/standardized_256/glass/glass_440.jpg,glass,metal_glass,train,standardized_256
data/raw/garbage_v2/standardized_256/glass/glass_442.jpg,glass,metal_glass,train,standardized_256
data/raw/garbage_v2/standardized_256/glass/glass_444.jpg,glass,metal_glass,train,standardized_256
data/raw/garbage_v2/standardized_256/glass/glass_446.jpg,glass,metal_glass,train,standardized_256
data/raw/garbage_v2/standardized_256/glass/glass_447.jpg,glass,metal_glass,train,standardized_256
data/raw/garbage_v2/standardized_256/glass/glass_451.jpg,glass,metal_glass,train,standardized_256
data/raw/garbage_v2/standardized_256/glass/glass_452.jpg,glass,metal_glass,train,standardized_256
data/raw/garbage_v2/standardized_256/glass/glass_454.jpg,glass,metal_glass,train,standardized_256
data/raw/garbage_v2/standardized_256/glass/glass_455.jpg,glass,metal_glass,train,standardized_256
data/raw/garbage_v2/standardized_256/glass/glass_457.jpg,glass,metal_glass,train,standardized_256
data/raw/garbage_v2/standardized_256/glass/glass_458.jpg,glass,metal_glass,train,standardized_256
data/raw/garbage_v2/standardized_256/glass/glass_46.jpg,glass,metal_glass,train,standardized_256
data/raw/garbage_v2/standardized_256/glass/glass_460.jpg,glass,metal_glass,train,standardized_256
data/raw/garbage_v2/standardized_256/glass/glass_462.jpg,glass,metal_glass,train,standardized_256
data/raw/garbage_v2/standardized_256/glass/glass_466.jpg,glass,metal_glass,train,standardized_256
data/raw/garbage_v2/standardized_256/glass/glass_467.jpg,glass,metal_glass,train,standardized_256
data/raw/garbage_v2/standardized_256/glass/glass_468.jpg,glass,metal_glass,train,standardized_256
data/raw/garbage_v2/standardized_256/glass/glass_47.jpg,glass,metal_glass,train,standardized_256
data/raw/garbage_v2/standardized_256/glass/glass_473.jpg,glass,metal_glass,train,standardized_256
data/raw/garbage_v2/standardized_256/glass/glass_474.jpg,glass,metal_glass,train,standardized_256
data/raw/garbage_v2/standardized_256/glass/glass_475.jpg,glass,metal_glass,train,standardized_256
data/raw/garbage_v2/standardized_256/glass/glass_476.jpg,glass,metal_glass,train,standardized_256
data/raw/garbage_v2/standardized_256/glass/glass_477.jpg,glass,metal_glass,train,standardized_256
data/raw/garbage_v2/standardized_256/glass/glass_479.jpg,glass,metal_glass,train,standardized_256
data/raw/garbage_v2/standardized_256/glass/glass_48.jpg,glass,metal_glass,train,standardized_256
data/raw/garbage_v2/standardized_256/glass/glass_480.jpg,glass,metal_glass,train,standardized_256
data/raw/garbage_v2/standardized_256/glass/glass_482.jpg,glass,metal_glass,train,standardized_256
data/raw/garbage_v2/standardized_256/glass/glass_483.jpg,glass,metal_glass,train,standardized_256
data/raw/garbage_v2/standardized_256/glass/glass_484.jpg,glass,metal_glass,train,standardized_256
data/raw/garbage_v2/standardized_256/glass/glass_485.jpg,glass,metal_glass,train,standardized_256
data/raw/garbage_v2/standardized_256/glass/glass_486.jpg,glass,metal_glass,train,standardized_256
data/raw/garbage_v2/standardized_256/glass/glass_487.jpg,glass,metal_glass,train,standardized_256
data/raw/garbage_v2/standardized_256/glass/glass_489.jpg,glass,metal_glass,train,standardized_256
data/raw/garbage_v2/standardized_256/glass/glass_49.jpg,glass,metal_glass,train,standardized_256
data/raw/garbage_v2/standardized_256/glass/glass_490.jpg,glass,metal_glass,train,standardized_256
data/raw/garbage_v2/standardized_256/glass/glass_493.jpg,glass,metal_glass,train,standardized_256
data/raw/garbage_v2/standardized_256/glass/glass_494.jpg,glass,metal_glass,train,standardized_256
data/raw/garbage_v2/standardized_256/glass/glass_495.jpg,glass,metal_glass,train,standardized_256
data/raw/garbage_v2/standardized_256/glass/glass_497.jpg,glass,metal_glass,train,standardized_256
data/raw/garbage_v2/standardized_256/glass/glass_498.jpg,glass,metal_glass,train,standardized_256
data/raw/garbage_v2/standardized_256/glass/glass_5.jpg,glass,metal_glass,train,standardized_256
data/raw/garbage_v2/standardized_256/glass/glass_50.jpg,glass,metal_glass,train,standardized_256
data/raw/garbage_v2/standardized_256/glass/glass_500.jpg,glass,metal_glass,train,standardized_256
data/raw/garbage_v2/standardized_256/glass/glass_502.jpg,glass,metal_glass,train,standardized_256
data/raw/garbage_v2/standardized_256/glass/glass_503.jpg,glass,metal_glass,train,standardized_256
data/raw/garbage_v2/standardized_256/glass/glass_504.jpg,glass,metal_glass,train,standardized_256
data/raw/garbage_v2/standardized_256/glass/glass_505.jpg,glass,metal_glass,train,standardized_256
data/raw/garbage_v2/standardized_256/glass/glass_507.jpg,glass,metal_glass,train,standardized_256
data/raw/garbage_v2/standardized_256/glass/glass_508.jpg,glass,metal_glass,train,standardized_256
data/raw/garbage_v2/standardized_256/glass/glass_509.jpg,glass,metal_glass,train,standardized_256
data/raw/garbage_v2/standardized_256/glass/glass_510.jpg,glass,metal_glass,train,standardized_256
data/raw/garbage_v2/standardized_256/glass/glass_511.jpg,glass,metal_glass,train,standardized_256
data/raw/garbage_v2/standardized_256/glass/glass_513.jpg,glass,metal_glass,train,standardized_256
data/raw/garbage_v2/standardized_256/glass/glass_516.jpg,glass,metal_glass,train,standardized_256
data/raw/garbage_v2/standardized_256/glass/glass_517.jpg,glass,metal_glass,train,standardized_256
data/raw/garbage_v2/standardized_256/glass/glass_518.jpg,glass,metal_glass,train,standardized_256
data/raw/garbage_v2/standardized_256/glass/glass_519.jpg,glass,metal_glass,train,standardized_256
data/raw/garbage_v2/standardized_256/glass/glass_52.jpg,glass,metal_glass,train,standardized_256
data/raw/garbage_v2/standardized_256/glass/glass_522.jpg,glass,metal_glass,train,standardized_256
data/raw/garbage_v2/standardized_256/glass/glass_523.jpg,glass,metal_glass,train,standardized_256
data/raw/garbage_v2/standardized_256/glass/glass_524.jpg,glass,metal_glass,train,standardized_256
data/raw/garbage_v2/standardized_256/glass/glass_525.jpg,glass,metal_glass,train,standardized_256
data/raw/garbage_v2/standardized_256/glass/glass_526.jpg,glass,metal_glass,train,standardized_256
data/raw/garbage_v2/standardized_256/glass/glass_527.jpg,glass,metal_glass,train,standardized_256
data/raw/garbage_v2/standardized_256/glass/glass_528.jpg,glass,metal_glass,train,standardized_256
data/raw/garbage_v2/standardized_256/glass/glass_529.jpg,glass,metal_glass,train,standardized_256
data/raw/garbage_v2/standardized_256/glass/glass_53.jpg,glass,metal_glass,train,standardized_256
data/raw/garbage_v2/standardized_256/glass/glass_530.jpg,glass,metal_glass,train,standardized_256
data/raw/garbage_v2/standardized_256/glass/glass_531.jpg,glass,metal_glass,train,standardized_256
data/raw/garbage_v2/standardized_256/glass/glass_532.jpg,glass,metal_glass,train,standardized_256
data/raw/garbage_v2/standardized_256/glass/glass_533.jpg,glass,metal_glass,train,standardized_256
data/raw/garbage_v2/standardized_256/glass/glass_534.jpg,glass,metal_glass,train,standardized_256
data/raw/garbage_v2/standardized_256/glass/glass_537.jpg,glass,metal_glass,train,standardized_256
data/raw/garbage_v2/standardized_256/glass/glass_538.jpg,glass,metal_glass,train,standardized_256
data/raw/garbage_v2/standardized_256/glass/glass_539.jpg,glass,metal_glass,train,standardized_256
data/raw/garbage_v2/standardized_256/glass/glass_54.jpg,glass,metal_glass,train,standardized_256
data/raw/garbage_v2/standardized_256/glass/glass_540.jpg,glass,metal_glass,train,standardized_256
data/raw/garbage_v2/standardized_256/glass/glass_543.jpg,glass,metal_glass,train,standardized_256
data/raw/garbage_v2/standardized_256/glass/glass_544.jpg,glass,metal_glass,train,standardized_256
data/raw/garbage_v2/standardized_256/glass/glass_545.jpg,glass,metal_glass,train,standardized_256
data/raw/garbage_v2/standardized_256/glass/glass_547.jpg,glass,metal_glass,train,standardized_256
data/raw/garbage_v2/standardized_256/glass/glass_549.jpg,glass,metal_glass,train,standardized_256
data/raw/garbage_v2/standardized_256/glass/glass_550.jpg,glass,metal_glass,train,standardized_256
data/raw/garbage_v2/standardized_256/glass/glass_551.jpg,glass,metal_glass,train,standardized_256
data/raw/garbage_v2/standardized_256/glass/glass_552.jpg,glass,metal_glass,train,standardized_256
data/raw/garbage_v2/standardized_256/glass/glass_555.jpg,glass,metal_glass,train,standardized_256
data/raw/garbage_v2/standardized_256/glass/glass_556.jpg,glass,metal_glass,train,standardized_256
data/raw/garbage_v2/standardized_256/glass/glass_557.jpg,glass,metal_glass,train,standardized_256
data/raw/garbage_v2/standardized_256/glass/glass_558.jpg,glass,metal_glass,train,standardized_256
data/raw/garbage_v2/standardized_256/glass/glass_56.jpg,glass,metal_glass,train,standardized_256
data/raw/garbage_v2/standardized_256/glass/glass_560.jpg,glass,metal_glass,train,standardized_256
data/raw/garbage_v2/standardized_256/glass/glass_561.jpg,glass,metal_glass,train,standardized_256
data/raw/garbage_v2/standardized_256/glass/glass_564.jpg,glass,metal_glass,train,standardized_256
data/raw/garbage_v2/standardized_256/glass/glass_565.jpg,glass,metal_glass,train,standardized_256
data/raw/garbage_v2/standardized_256/glass/glass_568.jpg,glass,metal_glass,train,standardized_256
data/raw/garbage_v2/standardized_256/glass/glass_569.jpg,glass,metal_glass,train,standardized_256
data/raw/garbage_v2/standardized_256/glass/glass_57.jpg,glass,metal_glass,train,standardized_256
data/raw/garbage_v2/standardized_256/glass/glass_572.jpg,glass,metal_glass,train,standardized_256
data/raw/garbage_v2/standardized_256/glass/glass_573.jpg,glass,metal_glass,train,standardized_256
data/raw/garbage_v2/standardized_256/glass/glass_574.jpg,glass,metal_glass,train,standardized_256
data/raw/garbage_v2/standardized_256/glass/glass_575.jpg,glass,metal_glass,train,standardized_256
data/raw/garbage_v2/standardized_256/glass/glass_578.jpg,glass,metal_glass,train,standardized_256
data/raw/garbage_v2/standardized_256/glass/glass_580.jpg,glass,metal_glass,train,standardized_256
data/raw/garbage_v2/standardized_256/glass/glass_582.jpg,glass,metal_glass,train,standardized_256
data/raw/garbage_v2/standardized_256/glass/glass_583.jpg,glass,metal_glass,train,standardized_256
data/raw/garbage_v2/standardized_256/glass/glass_584.jpg,glass,metal_glass,train,standardized_256
data/raw/garbage_v2/standardized_256/glass/glass_585.jpg,glass,metal_glass,train,standardized_256
data/raw/garbage_v2/standardized_256/glass/glass_586.jpg,glass,metal_glass,train,standardized_256
data/raw/garbage_v2/standardized_256/glass/glass_588.jpg,glass,metal_glass,train,standardized_256
data/raw/garbage_v2/standardized_256/glass/glass_59.jpg,glass,metal_glass,train,standardized_256
data/raw/garbage_v2/standardized_256/glass/glass_590.jpg,glass,metal_glass,train,standardized_256
data/raw/garbage_v2/standardized_256/glass/glass_592.jpg,glass,metal_glass,train,standardized_256
data/raw/garbage_v2/standardized_256/glass/glass_593.jpg,glass,metal_glass,train,standardized_256
data/raw/garbage_v2/standardized_256/glass/glass_594.jpg,glass,metal_glass,train,standardized_256
data/raw/garbage_v2/standardized_256/glass/glass_595.jpg,glass,metal_glass,train,standardized_256
data/raw/garbage_v2/standardized_256/glass/glass_596.jpg,glass,metal_glass,train,standardized_256
data/raw/garbage_v2/standardized_256/glass/glass_599.jpg,glass,metal_glass,train,standardized_256
data/raw/garbage_v2/standardized_256/glass/glass_6.jpg,glass,metal_glass,train,standardized_256
data/raw/garbage_v2/standardized_256/glass/glass_60.jpg,glass,metal_glass,train,standardized_256
data/raw/garbage_v2/standardized_256/glass/glass_600.jpg,glass,metal_glass,train,standardized_256
data/raw/garbage_v2/standardized_256/glass/glass_604.jpg,glass,metal_glass,train,standardized_256
data/raw/garbage_v2/standardized_256/glass/glass_605.jpg,glass,metal_glass,train,standardized_256
data/raw/garbage_v2/standardized_256/glass/glass_606.jpg,glass,metal_glass,train,standardized_256
data/raw/garbage_v2/standardized_256/glass/glass_607.jpg,glass,metal_glass,train,standardized_256
data/raw/garbage_v2/standardized_256/glass/glass_608.jpg,glass,metal_glass,train,standardized_256
data/raw/garbage_v2/standardized_256/glass/glass_609.jpg,glass,metal_glass,train,standardized_256
data/raw/garbage_v2/standardized_256/glass/glass_611.jpg,glass,metal_glass,train,standardized_256
data/raw/garbage_v2/standardized_256/glass/glass_613.jpg,glass,metal_glass,train,standardized_256
data/raw/garbage_v2/standardized_256/glass/glass_614.jpg,glass,metal_glass,train,standardized_256
data/raw/garbage_v2/standardized_256/glass/glass_615.jpg,glass,metal_glass,train,standardized_256
data/raw/garbage_v2/standardized_256/glass/glass_616.jpg,glass,metal_glass,train,standardized_256
data/raw/garbage_v2/standardized_256/glass/glass_617.jpg,glass,metal_glass,train,standardized_256
data/raw/garbage_v2/standardized_256/glass/glass_619.jpg,glass,metal_glass,train,standardized_256
data/raw/garbage_v2/standardized_256/glass/glass_620.jpg,glass,metal_glass,train,standardized_256
data/raw/garbage_v2/standardized_256/glass/glass_622.jpg,glass,metal_glass,train,standardized_256
data/raw/garbage_v2/standardized_256/glass/glass_623.jpg,glass,metal_glass,train,standardized_256
data/raw/garbage_v2/standardized_256/glass/glass_624.jpg,glass,metal_glass,train,standardized_256
data/raw/garbage_v2/standardized_256/glass/glass_625.jpg,glass,metal_glass,train,standardized_256
data/raw/garbage_v2/standardized_256/glass/glass_626.jpg,glass,metal_glass,train,standardized_256
data/raw/garbage_v2/standardized_256/glass/glass_627.jpg,glass,metal_glass,train,standardized_256
data/raw/garbage_v2/standardized_256/glass/glass_628.jpg,glass,metal_glass,train,standardized_256
data/raw/garbage_v2/standardized_256/glass/glass_633.jpg,glass,metal_glass,train,standardized_256
data/raw/garbage_v2/standardized_256/glass/glass_635.jpg,glass,metal_glass,train,standardized_256
data/raw/garbage_v2/standardized_256/glass/glass_636.jpg,glass,metal_glass,train,standardized_256
data/raw/garbage_v2/standardized_256/glass/glass_638.jpg,glass,metal_glass,train,standardized_256
data/raw/garbage_v2/standardized_256/glass/glass_639.jpg,glass,metal_glass,train,standardized_256
data/raw/garbage_v2/standardized_256/glass/glass_64.jpg,glass,metal_glass,train,standardized_256
data/raw/garbage_v2/standardized_256/glass/glass_641.jpg,glass,metal_glass,train,standardized_256
data/raw/garbage_v2/standardized_256/glass/glass_644.jpg,glass,metal_glass,train,standardized_256
data/raw/garbage_v2/standardized_256/glass/glass_645.jpg,glass,metal_glass,train,standardized_256
data/raw/garbage_v2/standardized_256/glass/glass_646.jpg,glass,metal_glass,train,standardized_256
data/raw/garbage_v2/standardized_256/glass/glass_649.jpg,glass,metal_glass,train,standardized_256
data/raw/garbage_v2/standardized_256/glass/glass_652.jpg,glass,metal_glass,train,standardized_256
data/raw/garbage_v2/standardized_256/glass/glass_653.jpg,glass,metal_glass,train,standardized_256
data/raw/garbage_v2/standardized_256/glass/glass_654.jpg,glass,metal_glass,train,standardized_256
data/raw/garbage_v2/standardized_256/glass/glass_655.jpg,glass,metal_glass,train,standardized_256
data/raw/garbage_v2/standardized_256/glass/glass_657.jpg,glass,metal_glass,train,standardized_256
data/raw/garbage_v2/standardized_256/glass/glass_658.jpg,glass,metal_glass,train,standardized_256
data/raw/garbage_v2/standardized_256/glass/glass_661.jpg,glass,metal_glass,train,standardized_256
data/raw/garbage_v2/standardized_256/glass/glass_662.jpg,glass,metal_glass,train,standardized_256
data/raw/garbage_v2/standardized_256/glass/glass_663.jpg,glass,metal_glass,train,standardized_256
data/raw/garbage_v2/standardized_256/glass/glass_664.jpg,glass,metal_glass,train,standardized_256
data/raw/garbage_v2/standardized_256/glass/glass_665.jpg,glass,metal_glass,train,standardized_256
data/raw/garbage_v2/standardized_256/glass/glass_667.jpg,glass,metal_glass,train,standardized_256
data/raw/garbage_v2/standardized_256/glass/glass_668.jpg,glass,metal_glass,train,standardized_256
data/raw/garbage_v2/standardized_256/glass/glass_669.jpg,glass,metal_glass,train,standardized_256
data/raw/garbage_v2/standardized_256/glass/glass_67.jpg,glass,metal_glass,train,standardized_256
data/raw/garbage_v2/standardized_256/glass/glass_673.jpg,glass,metal_glass,train,standardized_256
data/raw/garbage_v2/standardized_256/glass/glass_677.jpg,glass,metal_glass,train,standardized_256
data/raw/garbage_v2/standardized_256/glass/glass_678.jpg,glass,metal_glass,train,standardized_256
data/raw/garbage_v2/standardized_256/glass/glass_68.jpg,glass,metal_glass,train,standardized_256
data/raw/garbage_v2/standardized_256/glass/glass_680.jpg,glass,metal_glass,train,standardized_256
data/raw/garbage_v2/standardized_256/glass/glass_682.jpg,glass,metal_glass,train,standardized_256
data/raw/garbage_v2/standardized_256/glass/glass_685.jpg,glass,metal_glass,train,standardized_256
data/raw/garbage_v2/standardized_256/glass/glass_688.jpg,glass,metal_glass,train,standardized_256
data/raw/garbage_v2/standardized_256/glass/glass_689.jpg,glass,metal_glass,train,standardized_256
data/raw/garbage_v2/standardized_256/glass/glass_690.jpg,glass,metal_glass,train,standardized_256
data/raw/garbage_v2/standardized_256/glass/glass_691.jpg,glass,metal_glass,train,standardized_256
data/raw/garbage_v2/standardized_256/glass/glass_692.jpg,glass,metal_glass,train,standardized_256
data/raw/garbage_v2/standardized_256/glass/glass_693.jpg,glass,metal_glass,train,standardized_256
data/raw/garbage_v2/standardized_256/glass/glass_694.jpg,glass,metal_glass,train,standardized_256
data/raw/garbage_v2/standardized_256/glass/glass_697.jpg,glass,metal_glass,train,standardized_256
data/raw/garbage_v2/standardized_256/glass/glass_70.jpg,glass,metal_glass,train,standardized_256
data/raw/garbage_v2/standardized_256/glass/glass_700.jpg,glass,metal_glass,train,standardized_256
data/raw/garbage_v2/standardized_256/glass/glass_702.jpg,glass,metal_glass,train,standardized_256
data/raw/garbage_v2/standardized_256/glass/glass_703.jpg,glass,metal_glass,train,standardized_256
data/raw/garbage_v2/standardized_256/glass/glass_705.jpg,glass,metal_glass,train,standardized_256
data/raw/garbage_v2/standardized_256/glass/glass_706.jpg,glass,metal_glass,train,standardized_256
data/raw/garbage_v2/standardized_256/glass/glass_707.jpg,glass,metal_glass,train,standardized_256
data/raw/garbage_v2/standardized_256/glass/glass_708.jpg,glass,metal_glass,train,standardized_256
data/raw/garbage_v2/standardized_256/glass/glass_71.jpg,glass,metal_glass,train,standardized_256
data/raw/garbage_v2/standardized_256/glass/glass_711.jpg,glass,metal_glass,train,standardized_256
data/raw/garbage_v2/standardized_256/glass/glass_714.jpg,glass,metal_glass,train,standardized_256
data/raw/garbage_v2/standardized_256/glass/glass_716.jpg,glass,metal_glass,train,standardized_256
data/raw/garbage_v2/standardized_256/glass/glass_717.jpg,glass,metal_glass,train,standardized_256
data/raw/garbage_v2/standardized_256/glass/glass_718.jpg,glass,metal_glass,train,standardized_256
data/raw/garbage_v2/standardized_256/glass/glass_72.jpg,glass,metal_glass,train,standardized_256
data/raw/garbage_v2/standardized_256/glass/glass_720.jpg,glass,metal_glass,train,standardized_256
data/raw/garbage_v2/standardized_256/glass/glass_721.jpg,glass,metal_glass,train,standardized_256
data/raw/garbage_v2/standardized_256/glass/glass_722.jpg,glass,metal_glass,train,standardized_256
data/raw/garbage_v2/standardized_256/glass/glass_723.jpg,glass,metal_glass,train,standardized_256
data/raw/garbage_v2/standardized_256/glass/glass_724.jpg,glass,metal_glass,train,standardized_256
data/raw/garbage_v2/standardized_256/glass/glass_725.jpg,glass,metal_glass,train,standardized_256
data/raw/garbage_v2/standardized_256/glass/glass_728.jpg,glass,metal_glass,train,standardized_256
data/raw/garbage_v2/standardized_256/glass/glass_730.jpg,glass,metal_glass,train,standardized_256
data/raw/garbage_v2/standardized_256/glass/glass_731.jpg,glass,metal_glass,train,standardized_256
data/raw/garbage_v2/standardized_256/glass/glass_732.jpg,glass,metal_glass,train,standardized_256
data/raw/garbage_v2/standardized_256/glass/glass_733.jpg,glass,metal_glass,train,standardized_256
data/raw/garbage_v2/standardized_256/glass/glass_735.jpg,glass,metal_glass,train,standardized_256
data/raw/garbage_v2/standardized_256/glass/glass_736.jpg,glass,metal_glass,train,standardized_256
data/raw/garbage_v2/standardized_256/glass/glass_737.jpg,glass,metal_glass,train,standardized_256
data/raw/garbage_v2/standardized_256/glass/glass_739.jpg,glass,metal_glass,train,standardized_256
data/raw/garbage_v2/standardized_256/glass/glass_740.jpg,glass,metal_glass,train,standardized_256
data/raw/garbage_v2/standardized_256/glass/glass_741.jpg,glass,metal_glass,train,standardized_256
data/raw/garbage_v2/standardized_256/glass/glass_742.jpg,glass,metal_glass,train,standardized_256
data/raw/garbage_v2/standardized_256/glass/glass_743.jpg,glass,metal_glass,train,standardized_256
data/raw/garbage_v2/standardized_256/glass/glass_744.jpg,glass,metal_glass,train,standardized_256
data/raw/garbage_v2/standardized_256/glass/glass_747.jpg,glass,metal_glass,train,standardized_256
data/raw/garbage_v2/standardized_256/glass/glass_749.jpg,glass,metal_glass,train,standardized_256
data/raw/garbage_v2/standardized_256/glass/glass_75.jpg,glass,metal_glass,train,standardized_256
data/raw/garbage_v2/standardized_256/glass/glass_750.jpg,glass,metal_glass,train,standardized_256
data/raw/garbage_v2/standardized_256/glass/glass_751.jpg,glass,metal_glass,train,standardized_256
data/raw/garbage_v2/standardized_256/glass/glass_752.jpg,glass,metal_glass,train,standardized_256
data/raw/garbage_v2/standardized_256/glass/glass_754.jpg,glass,metal_glass,train,standardized_256
data/raw/garbage_v2/standardized_256/glass/glass_755.jpg,glass,metal_glass,train,standardized_256
data/raw/garbage_v2/standardized_256/glass/glass_759.jpg,glass,metal_glass,train,standardized_256
data/raw/garbage_v2/standardized_256/glass/glass_76.jpg,glass,metal_glass,train,standardized_256
data/raw/garbage_v2/standardized_256/glass/glass_761.jpg,glass,metal_glass,train,standardized_256
data/raw/garbage_v2/standardized_256/glass/glass_762.jpg,glass,metal_glass,train,standardized_256
data/raw/garbage_v2/standardized_256/glass/glass_764.jpg,glass,metal_glass,train,standardized_256
data/raw/garbage_v2/standardized_256/glass/glass_765.jpg,glass,metal_glass,train,standardized_256
data/raw/garbage_v2/standardized_256/glass/glass_768.jpg,glass,metal_glass,train,standardized_256
data/raw/garbage_v2/standardized_256/glass/glass_769.jpg,glass,metal_glass,train,standardized_256
data/raw/garbage_v2/standardized_256/glass/glass_77.jpg,glass,metal_glass,train,standardized_256
data/raw/garbage_v2/standardized_256/glass/glass_771.jpg,glass,metal_glass,train,standardized_256
data/raw/garbage_v2/standardized_256/glass/glass_772.jpg,glass,metal_glass,train,standardized_256
data/raw/garbage_v2/standardized_256/glass/glass_774.jpg,glass,metal_glass,train,standardized_256
data/raw/garbage_v2/standardized_256/glass/glass_775.jpg,glass,metal_glass,train,standardized_256
data/raw/garbage_v2/standardized_256/glass/glass_778.jpg,glass,metal_glass,train,standardized_256
data/raw/garbage_v2/standardized_256/glass/glass_779.jpg,glass,metal_glass,train,standardized_256
data/raw/garbage_v2/standardized_256/glass/glass_780.jpg,glass,metal_glass,train,standardized_256
data/raw/garbage_v2/standardized_256/glass/glass_781.jpg,glass,metal_glass,train,standardized_256
data/raw/garbage_v2/standardized_256/glass/glass_782.jpg,glass,metal_glass,train,standardized_256
data/raw/garbage_v2/standardized_256/glass/glass_784.jpg,glass,metal_glass,train,standardized_256
data/raw/garbage_v2/standardized_256/glass/glass_785.jpg,glass,metal_glass,train,standardized_256
data/raw/garbage_v2/standardized_256/glass/glass_788.jpg,glass,metal_glass,train,standardized_256
data/raw/garbage_v2/standardized_256/glass/glass_789.jpg,glass,metal_glass,train,standardized_256
data/raw/garbage_v2/standardized_256/glass/glass_79.jpg,glass,metal_glass,train,standardized_256
data/raw/garbage_v2/standardized_256/glass/glass_790.jpg,glass,metal_glass,train,standardized_256
data/raw/garbage_v2/standardized_256/glass/glass_792.jpg,glass,metal_glass,train,standardized_256
data/raw/garbage_v2/standardized_256/glass/glass_794.jpg,glass,metal_glass,train,standardized_256
data/raw/garbage_v2/standardized_256/glass/glass_796.jpg,glass,metal_glass,train,standardized_256
data/raw/garbage_v2/standardized_256/glass/glass_797.jpg,glass,metal_glass,train,standardized_256
data/raw/garbage_v2/standardized_256/glass/glass_799.jpg,glass,metal_glass,train,standardized_256
data/raw/garbage_v2/standardized_256/glass/glass_8.jpg,glass,metal_glass,train,standardized_256
data/raw/garbage_v2/standardized_256/glass/glass_80.jpg,glass,metal_glass,train,standardized_256
data/raw/garbage_v2/standardized_256/glass/glass_800.jpg,glass,metal_glass,train,standardized_256
data/raw/garbage_v2/standardized_256/glass/glass_801.jpg,glass,metal_glass,train,standardized_256
data/raw/garbage_v2/standardized_256/glass/glass_802.jpg,glass,metal_glass,train,standardized_256
data/raw/garbage_v2/standardized_256/glass/glass_805.jpg,glass,metal_glass,train,standardized_256
data/raw/garbage_v2/standardized_256/glass/glass_808.jpg,glass,metal_glass,train,standardized_256
data/raw/garbage_v2/standardized_256/glass/glass_809.jpg,glass,metal_glass,train,standardized_256
data/raw/garbage_v2/standardized_256/glass/glass_810.jpg,glass,metal_glass,train,standardized_256
data/raw/garbage_v2/standardized_256/glass/glass_811.jpg,glass,metal_glass,train,standardized_256
data/raw/garbage_v2/standardized_256/glass/glass_813.jpg,glass,metal_glass,train,standardized_256
data/raw/garbage_v2/standardized_256/glass/glass_814.jpg,glass,metal_glass,train,standardized_256
data/raw/garbage_v2/standardized_256/glass/glass_815.jpg,glass,metal_glass,train,standardized_256
data/raw/garbage_v2/standardized_256/glass/glass_817.jpg,glass,metal_glass,train,standardized_256
data/raw/garbage_v2/standardized_256/glass/glass_818.jpg,glass,metal_glass,train,standardized_256
data/raw/garbage_v2/standardized_256/glass/glass_819.jpg,glass,metal_glass,train,standardized_256
data/raw/garbage_v2/standardized_256/glass/glass_82.jpg,glass,metal_glass,train,standardized_256
data/raw/garbage_v2/standardized_256/glass/glass_821.jpg,glass,metal_glass,train,standardized_256
data/raw/garbage_v2/standardized_256/glass/glass_822.jpg,glass,metal_glass,train,standardized_256
data/raw/garbage_v2/standardized_256/glass/glass_823.jpg,glass,metal_glass,train,standardized_256
data/raw/garbage_v2/standardized_256/glass/glass_824.jpg,glass,metal_glass,train,standardized_256
data/raw/garbage_v2/standardized_256/glass/glass_825.jpg,glass,metal_glass,train,standardized_256
data/raw/garbage_v2/standardized_256/glass/glass_826.jpg,glass,metal_glass,train,standardized_256
data/raw/garbage_v2/standardized_256/glass/glass_827.jpg,glass,metal_glass,train,standardized_256
data/raw/garbage_v2/standardized_256/glass/glass_828.jpg,glass,metal_glass,train,standardized_256
data/raw/garbage_v2/standardized_256/glass/glass_833.jpg,glass,metal_glass,train,standardized_256
data/raw/garbage_v2/standardized_256/glass/glass_834.jpg,glass,metal_glass,train,standardized_256
data/raw/garbage_v2/standardized_256/glass/glass_835.jpg,glass,metal_glass,train,standardized_256
data/raw/garbage_v2/standardized_256/glass/glass_837.jpg,glass,metal_glass,train,standardized_256
data/raw/garbage_v2/standardized_256/glass/glass_838.jpg,glass,metal_glass,train,standardized_256
data/raw/garbage_v2/standardized_256/glass/glass_840.jpg,glass,metal_glass,train,standardized_256
data/raw/garbage_v2/standardized_256/glass/glass_843.jpg,glass,metal_glass,train,standardized_256
data/raw/garbage_v2/standardized_256/glass/glass_844.jpg,glass,metal_glass,train,standardized_256
data/raw/garbage_v2/standardized_256/glass/glass_845.jpg,glass,metal_glass,train,standardized_256
data/raw/garbage_v2/standardized_256/glass/glass_847.jpg,glass,metal_glass,train,standardized_256
data/raw/garbage_v2/standardized_256/glass/glass_848.jpg,glass,metal_glass,train,standardized_256
data/raw/garbage_v2/standardized_256/glass/glass_849.jpg,glass,metal_glass,train,standardized_256
data/raw/garbage_v2/standardized_256/glass/glass_85.jpg,glass,metal_glass,train,standardized_256
data/raw/garbage_v2/standardized_256/glass/glass_852.jpg,glass,metal_glass,train,standardized_256
data/raw/garbage_v2/standardized_256/glass/glass_853.jpg,glass,metal_glass,train,standardized_256
data/raw/garbage_v2/standardized_256/glass/glass_854.jpg,glass,metal_glass,train,standardized_256
data/raw/garbage_v2/standardized_256/glass/glass_855.jpg,glass,metal_glass,train,standardized_256
data/raw/garbage_v2/standardized_256/glass/glass_856.jpg,glass,metal_glass,train,standardized_256
data/raw/garbage_v2/standardized_256/glass/glass_857.jpg,glass,metal_glass,train,standardized_256
data/raw/garbage_v2/standardized_256/glass/glass_858.jpg,glass,metal_glass,train,standardized_256
data/raw/garbage_v2/standardized_256/glass/glass_86.jpg,glass,metal_glass,train,standardized_256
data/raw/garbage_v2/standardized_256/glass/glass_861.jpg,glass,metal_glass,train,standardized_256
data/raw/garbage_v2/standardized_256/glass/glass_862.jpg,glass,metal_glass,train,standardized_256
data/raw/garbage_v2/standardized_256/glass/glass_863.jpg,glass,metal_glass,train,standardized_256
data/raw/garbage_v2/standardized_256/glass/glass_864.jpg,glass,metal_glass,train,standardized_256
data/raw/garbage_v2/standardized_256/glass/glass_865.jpg,glass,metal_glass,train,standardized_256
data/raw/garbage_v2/standardized_256/glass/glass_866.jpg,glass,metal_glass,train,standardized_256
data/raw/garbage_v2/standardized_256/glass/glass_867.jpg,glass,metal_glass,train,standardized_256
data/raw/garbage_v2/standardized_256/glass/glass_868.jpg,glass,metal_glass,train,standardized_256
data/raw/garbage_v2/standardized_256/glass/glass_869.jpg,glass,metal_glass,train,standardized_256
data/raw/garbage_v2/standardized_256/glass/glass_87.jpg,glass,metal_glass,train,standardized_256
data/raw/garbage_v2/standardized_256/glass/glass_870.jpg,glass,metal_glass,train,standardized_256
data/raw/garbage_v2/standardized_256/glass/glass_871.jpg,glass,metal_glass,train,standardized_256
data/raw/garbage_v2/standardized_256/glass/glass_873.jpg,glass,metal_glass,train,standardized_256
data/raw/garbage_v2/standardized_256/glass/glass_874.jpg,glass,metal_glass,train,standardized_256
data/raw/garbage_v2/standardized_256/glass/glass_877.jpg,glass,metal_glass,train,standardized_256
data/raw/garbage_v2/standardized_256/glass/glass_878.jpg,glass,metal_glass,train,standardized_256
data/raw/garbage_v2/standardized_256/glass/glass_879.jpg,glass,metal_glass,train,standardized_256
data/raw/garbage_v2/standardized_256/glass/glass_880.jpg,glass,metal_glass,train,standardized_256
data/raw/garbage_v2/standardized_256/glass/glass_882.jpg,glass,metal_glass,train,standardized_256
data/raw/garbage_v2/standardized_256/glass/glass_883.jpg,glass,metal_glass,train,standardized_256
data/raw/garbage_v2/standardized_256/glass/glass_884.jpg,glass,metal_glass,train,standardized_256
data/raw/garbage_v2/standardized_256/glass/glass_885.jpg,glass,metal_glass,train,standardized_256
data/raw/garbage_v2/standardized_256/glass/glass_886.jpg,glass,metal_glass,train,standardized_256
data/raw/garbage_v2/standardized_256/glass/glass_888.jpg,glass,metal_glass,train,standardized_256
data/raw/garbage_v2/standardized_256/glass/glass_889.jpg,glass,metal_glass,train,standardized_256
data/raw/garbage_v2/standardized_256/glass/glass_890.jpg,glass,metal_glass,train,standardized_256
data/raw/garbage_v2/standardized_256/glass/glass_891.jpg,glass,metal_glass,train,standardized_256
data/raw/garbage_v2/standardized_256/glass/glass_892.jpg,glass,metal_glass,train,standardized_256
data/raw/garbage_v2/standardized_256/glass/glass_894.jpg,glass,metal_glass,train,standardized_256
data/raw/garbage_v2/standardized_256/glass/glass_895.jpg,glass,metal_glass,train,standardized_256
data/raw/garbage_v2/standardized_256/glass/glass_898.jpg,glass,metal_glass,train,standardized_256
data/raw/garbage_v2/standardized_256/glass/glass_9.jpg,glass,metal_glass,train,standardized_256
data/raw/garbage_v2/standardized_256/glass/glass_90.jpg,glass,metal_glass,train,standardized_256
data/raw/garbage_v2/standardized_256/glass/glass_902.jpg,glass,metal_glass,train,standardized_256
data/raw/garbage_v2/standardized_256/glass/glass_903.jpg,glass,metal_glass,train,standardized_256
data/raw/garbage_v2/standardized_256/glass/glass_904.jpg,glass,metal_glass,train,standardized_256
data/raw/garbage_v2/standardized_256/glass/glass_905.jpg,glass,metal_glass,train,standardized_256
data/raw/garbage_v2/standardized_256/glass/glass_906.jpg,glass,metal_glass,train,standardized_256
data/raw/garbage_v2/standardized_256/glass/glass_909.jpg,glass,metal_glass,train,standardized_256
data/raw/garbage_v2/standardized_256/glass/glass_91.jpg,glass,metal_glass,train,standardized_256
data/raw/garbage_v2/standardized_256/glass/glass_910.jpg,glass,metal_glass,train,standardized_256
data/raw/garbage_v2/standardized_256/glass/glass_911.jpg,glass,metal_glass,train,standardized_256
data/raw/garbage_v2/standardized_256/glass/glass_913.jpg,glass,metal_glass,train,standardized_256
data/raw/garbage_v2/standardized_256/glass/glass_914.jpg,glass,metal_glass,train,standardized_256
data/raw/garbage_v2/standardized_256/glass/glass_916.jpg,glass,metal_glass,train,standardized_256
data/raw/garbage_v2/standardized_256/glass/glass_917.jpg,glass,metal_glass,train,standardized_256
data/raw/garbage_v2/standardized_256/glass/glass_918.jpg,glass,metal_glass,train,standardized_256
data/raw/garbage_v2/standardized_256/glass/glass_92.jpg,glass,metal_glass,train,standardized_256
data/raw/garbage_v2/standardized_256/glass/glass_920.jpg,glass,metal_glass,train,standardized_256
data/raw/garbage_v2/standardized_256/glass/glass_921.jpg,glass,metal_glass,train,standardized_256
data/raw/garbage_v2/standardized_256/glass/glass_923.jpg,glass,metal_glass,train,standardized_256
data/raw/garbage_v2/standardized_256/glass/glass_924.jpg,glass,metal_glass,train,standardized_256
data/raw/garbage_v2/standardized_256/glass/glass_926.jpg,glass,metal_glass,train,standardized_256
data/raw/garbage_v2/standardized_256/glass/glass_927.jpg,glass,metal_glass,train,standardized_256
data/raw/garbage_v2/standardized_256/glass/glass_928.jpg,glass,metal_glass,train,standardized_256
data/raw/garbage_v2/standardized_256/glass/glass_929.jpg,glass,metal_glass,train,standardized_256
data/raw/garbage_v2/standardized_256/glass/glass_93.jpg,glass,metal_glass,train,standardized_256
data/raw/garbage_v2/standardized_256/glass/glass_930.jpg,glass,metal_glass,train,standardized_256
data/raw/garbage_v2/standardized_256/glass/glass_931.jpg,glass,metal_glass,train,standardized_256
data/raw/garbage_v2/standardized_256/glass/glass_933.jpg,glass,metal_glass,train,standardized_256
data/raw/garbage_v2/standardized_256/glass/glass_934.jpg,glass,metal_glass,train,standardized_256
data/raw/garbage_v2/standardized_256/glass/glass_935.jpg,glass,metal_glass,train,standardized_256
data/raw/garbage_v2/standardized_256/glass/glass_936.jpg,glass,metal_glass,train,standardized_256
data/raw/garbage_v2/standardized_256/glass/glass_937.jpg,glass,metal_glass,train,standardized_256
data/raw/garbage_v2/standardized_256/glass/glass_938.jpg,glass,metal_glass,train,standardized_256
data/raw/garbage_v2/standardized_256/glass/glass_94.jpg,glass,metal_glass,train,standardized_256
data/raw/garbage_v2/standardized_256/glass/glass_940.jpg,glass,metal_glass,train,standardized_256
data/raw/garbage_v2/standardized_256/glass/glass_941.jpg,glass,metal_glass,train,standardized_256
data/raw/garbage_v2/standardized_256/glass/glass_943.jpg,glass,metal_glass,train,standardized_256
data/raw/garbage_v2/standardized_256/glass/glass_945.jpg,glass,metal_glass,train,standardized_256
data/raw/garbage_v2/standardized_256/glass/glass_947.jpg,glass,metal_glass,train,standardized_256
data/raw/garbage_v2/standardized_256/glass/glass_948.jpg,glass,metal_glass,train,standardized_256
data/raw/garbage_v2/standardized_256/glass/glass_949.jpg,glass,metal_glass,train,standardized_256
data/raw/garbage_v2/standardized_256/glass/glass_95.jpg,glass,metal_glass,train,standardized_256
data/raw/garbage_v2/standardized_256/glass/glass_950.jpg,glass,metal_glass,train,standardized_256
data/raw/garbage_v2/standardized_256/glass/glass_951.jpg,glass,metal_glass,train,standardized_256
data/raw/garbage_v2/standardized_256/glass/glass_953.jpg,glass,metal_glass,train,standardized_256
data/raw/garbage_v2/standardized_256/glass/glass_955.jpg,glass,metal_glass,train,standardized_256
data/raw/garbage_v2/standardized_256/glass/glass_956.jpg,glass,metal_glass,train,standardized_256
data/raw/garbage_v2/standardized_256/glass/glass_957.jpg,glass,metal_glass,train,standardized_256
data/raw/garbage_v2/standardized_256/glass/glass_958.jpg,glass,metal_glass,train,standardized_256
data/raw/garbage_v2/standardized_256/glass/glass_959.jpg,glass,metal_glass,train,standardized_256
data/raw/garbage_v2/standardized_256/glass/glass_960.jpg,glass,metal_glass,train,standardized_256
data/raw/garbage_v2/standardized_256/glass/glass_962.jpg,glass,metal_glass,train,standardized_256
data/raw/garbage_v2/standardized_256/glass/glass_963.jpg,glass,metal_glass,train,standardized_256
data/raw/garbage_v2/standardized_256/glass/glass_964.jpg,glass,metal_glass,train,standardized_256
data/raw/garbage_v2/standardized_256/glass/glass_967.jpg,glass,metal_glass,train,standardized_256
data/raw/garbage_v2/standardized_256/glass/glass_969.jpg,glass,metal_glass,train,standardized_256
data/raw/garbage_v2/standardized_256/glass/glass_970.jpg,glass,metal_glass,train,standardized_256
data/raw/garbage_v2/standardized_256/glass/glass_971.jpg,glass,metal_glass,train,standardized_256
data/raw/garbage_v2/standardized_256/glass/glass_974.jpg,glass,metal_glass,train,standardized_256
data/raw/garbage_v2/standardized_256/glass/glass_975.jpg,glass,metal_glass,train,standardized_256
data/raw/garbage_v2/standardized_256/glass/glass_976.jpg,glass,metal_glass,train,standardized_256
data/raw/garbage_v2/standardized_256/glass/glass_977.jpg,glass,metal_glass,train,standardized_256
data/raw/garbage_v2/standardized_256/glass/glass_978.jpg,glass,metal_glass,train,standardized_256
data/raw/garbage_v2/standardized_256/glass/glass_98.jpg,glass,metal_glass,train,standardized_256
data/raw/garbage_v2/standardized_256/glass/glass_980.jpg,glass,metal_glass,train,standardized_256
data/raw/garbage_v2/standardized_256/glass/glass_981.jpg,glass,metal_glass,train,standardized_256
data/raw/garbage_v2/standardized_256/glass/glass_983.jpg,glass,metal_glass,train,standardized_256
data/raw/garbage_v2/standardized_256/glass/glass_984.jpg,glass,metal_glass,train,standardized_256
data/raw/garbage_v2/standardized_256/glass/glass_985.jpg,glass,metal_glass,train,standardized_256
data/raw/garbage_v2/standardized_256/glass/glass_987.jpg,glass,metal_glass,train,standardized_256
data/raw/garbage_v2/standardized_256/glass/glass_988.jpg,glass,metal_glass,train,standardized_256
data/raw/garbage_v2/standardized_256/glass/glass_989.jpg,glass,metal_glass,train,standardized_256
data/raw/garbage_v2/standardized_256/glass/glass_99.jpg,glass,metal_glass,train,standardized_256
data/raw/garbage_v2/standardized_256/glass/glass_990.jpg,glass,metal_glass,train,standardized_256
data/raw/garbage_v2/standardized_256/glass/glass_992.jpg,glass,metal_glass,train,standardized_256
data/raw/garbage_v2/standardized_256/glass/glass_993.jpg,glass,metal_glass,train,standardized_256
data/raw/garbage_v2/standardized_256/glass/glass_994.jpg,glass,metal_glass,train,standardized_256
data/raw/garbage_v2/standardized_256/glass/glass_996.jpg,glass,metal_glass,train,standardized_256
data/raw/garbage_v2/standardized_256/glass/glass_997.jpg,glass,metal_glass,train,standardized_256
data/raw/garbage_v2/standardized_256/glass/glass_999.jpg,glass,metal_glass,train,standardized_256
data/raw/garbage_v2/standardized_256/metal/metal_1.jpg,metal,metal_glass,train,standardized_256
data/raw/garbage_v2/standardized_256/metal/metal_10.jpg,metal,metal_glass,train,standardized_256
data/raw/garbage_v2/standardized_256/metal/metal_100.jpg,metal,metal_glass,train,standardized_256
data/raw/garbage_v2/standardized_256/metal/metal_101.jpg,metal,metal_glass,train,standardized_256
data/raw/garbage_v2/standardized_256/metal/metal_102.jpg,metal,metal_glass,train,standardized_256
data/raw/garbage_v2/standardized_256/metal/metal_103.jpg,metal,metal_glass,train,standardized_256
data/raw/garbage_v2/standardized_256/metal/metal_104.jpg,metal,metal_glass,train,standardized_256
data/raw/garbage_v2/standardized_256/metal/metal_105.jpg,metal,metal_glass,train,standardized_256
data/raw/garbage_v2/standardized_256/metal/metal_107.jpg,metal,metal_glass,train,standardized_256
data/raw/garbage_v2/standardized_256/metal/metal_108.jpg,metal,metal_glass,train,standardized_256
data/raw/garbage_v2/standardized_256/metal/metal_109.jpg,metal,metal_glass,train,standardized_256
data/raw/garbage_v2/standardized_256/metal/metal_11.jpg,metal,metal_glass,train,standardized_256
data/raw/garbage_v2/standardized_256/metal/metal_110.jpg,metal,metal_glass,train,standardized_256
data/raw/garbage_v2/standardized_256/metal/metal_113.jpg,metal,metal_glass,train,standardized_256
data/raw/garbage_v2/standardized_256/metal/metal_114.jpg,metal,metal_glass,train,standardized_256
data/raw/garbage_v2/standardized_256/metal/metal_117.jpg,metal,metal_glass,train,standardized_256
data/raw/garbage_v2/standardized_256/metal/metal_118.jpg,metal,metal_glass,train,standardized_256
data/raw/garbage_v2/standardized_256/metal/metal_120.jpg,metal,metal_glass,train,standardized_256
data/raw/garbage_v2/standardized_256/metal/metal_121.jpg,metal,metal_glass,train,standardized_256
data/raw/garbage_v2/standardized_256/metal/metal_123.jpg,metal,metal_glass,train,standardized_256
data/raw/garbage_v2/standardized_256/metal/metal_124.jpg,metal,metal_glass,train,standardized_256
data/raw/garbage_v2/standardized_256/metal/metal_125.jpg,metal,metal_glass,train,standardized_256
data/raw/garbage_v2/standardized_256/metal/metal_127.jpg,metal,metal_glass,train,standardized_256
data/raw/garbage_v2/standardized_256/metal/metal_128.jpg,metal,metal_glass,train,standardized_256
data/raw/garbage_v2/standardized_256/metal/metal_13.jpg,metal,metal_glass,train,standardized_256
data/raw/garbage_v2/standardized_256/metal/metal_130.jpg,metal,metal_glass,train,standardized_256
data/raw/garbage_v2/standardized_256/metal/metal_131.jpg,metal,metal_glass,train,standardized_256
data/raw/garbage_v2/standardized_256/metal/metal_132.jpg,metal,metal_glass,train,standardized_256
data/raw/garbage_v2/standardized_256/metal/metal_133.jpg,metal,metal_glass,train,standardized_256
data/raw/garbage_v2/standardized_256/metal/metal_136.jpg,metal,metal_glass,train,standardized_256
data/raw/garbage_v2/standardized_256/metal/metal_14.jpg,metal,metal_glass,train,standardized_256
data/raw/garbage_v2/standardized_256/metal/metal_140.jpg,metal,metal_glass,train,standardized_256
data/raw/garbage_v2/standardized_256/metal/metal_141.jpg,metal,metal_glass,train,standardized_256
data/raw/garbage_v2/standardized_256/metal/metal_142.jpg,metal,metal_glass,train,standardized_256
data/raw/garbage_v2/standardized_256/metal/metal_143.jpg,metal,metal_glass,train,standardized_256
data/raw/garbage_v2/standardized_256/metal/metal_145.jpg,metal,metal_glass,train,standardized_256
data/raw/garbage_v2/standardized_256/metal/metal_146.jpg,metal,metal_glass,train,standardized_256
data/raw/garbage_v2/standardized_256/metal/metal_147.jpg,metal,metal_glass,train,standardized_256
data/raw/garbage_v2/standardized_256/metal/metal_15.jpg,metal,metal_glass,train,standardized_256
data/raw/garbage_v2/standardized_256/metal/metal_150.jpg,metal,metal_glass,train,standardized_256
data/raw/garbage_v2/standardized_256/metal/metal_151.jpg,metal,metal_glass,train,standardized_256
data/raw/garbage_v2/standardized_256/metal/metal_152.jpg,metal,metal_glass,train,standardized_256
data/raw/garbage_v2/standardized_256/metal/metal_153.jpg,metal,metal_glass,train,standardized_256
data/raw/garbage_v2/standardized_256/metal/metal_155.jpg,metal,metal_glass,train,standardized_256
data/raw/garbage_v2/standardized_256/metal/metal_157.jpg,metal,metal_glass,train,standardized_256
data/raw/garbage_v2/standardized_256/metal/metal_158.jpg,metal,metal_glass,train,standardized_256
data/raw/garbage_v2/standardized_256/metal/metal_159.jpg,metal,metal_glass,train,standardized_256
data/raw/garbage_v2/standardized_256/metal/metal_162.jpg,metal,metal_glass,train,standardized_256
data/raw/garbage_v2/standardized_256/metal/metal_163.jpg,metal,metal_glass,train,standardized_256
data/raw/garbage_v2/standardized_256/metal/metal_164.jpg,metal,metal_glass,train,standardized_256
data/raw/garbage_v2/standardized_256/metal/metal_165.jpg,metal,metal_glass,train,standardized_256
data/raw/garbage_v2/standardized_256/metal/metal_166.jpg,metal,metal_glass,train,standardized_256
data/raw/garbage_v2/standardized_256/metal/metal_167.jpg,metal,metal_glass,train,standardized_256
data/raw/garbage_v2/standardized_256/metal/metal_168.jpg,metal,metal_glass,train,standardized_256
data/raw/garbage_v2/standardized_256/metal/metal_169.jpg,metal,metal_glass,train,standardized_256
data/raw/garbage_v2/standardized_256/metal/metal_17.jpg,metal,metal_glass,train,standardized_256
data/raw/garbage_v2/standardized_256/metal/metal_170.jpg,metal,metal_glass,train,standardized_256
data/raw/garbage_v2/standardized_256/metal/metal_171.jpg,metal,metal_glass,train,standardized_256
data/raw/garbage_v2/standardized_256/metal/metal_173.jpg,metal,metal_glass,train,standardized_256
data/raw/garbage_v2/standardized_256/metal/metal_174.jpg,metal,metal_glass,train,standardized_256
data/raw/garbage_v2/standardized_256/metal/metal_175.jpg,metal,metal_glass,train,standardized_256
data/raw/garbage_v2/standardized_256/metal/metal_176.jpg,metal,metal_glass,train,standardized_256
data/raw/garbage_v2/standardized_256/metal/metal_177.jpg,metal,metal_glass,train,standardized_256
data/raw/garbage_v2/standardized_256/metal/metal_179.jpg,metal,metal_glass,train,standardized_256
data/raw/garbage_v2/standardized_256/metal/metal_181.jpg,metal,metal_glass,train,standardized_256
data/raw/garbage_v2/standardized_256/metal/metal_183.jpg,metal,metal_glass,train,standardized_256
data/raw/garbage_v2/standardized_256/metal/metal_184.jpg,metal,metal_glass,train,standardized_256
data/raw/garbage_v2/standardized_256/metal/metal_185.jpg,metal,metal_glass,train,standardized_256
data/raw/garbage_v2/standardized_256/metal/metal_186.jpg,metal,metal_glass,train,standardized_256
data/raw/garbage_v2/standardized_256/metal/metal_187.jpg,metal,metal_glass,train,standardized_256
data/raw/garbage_v2/standardized_256/metal/metal_188.jpg,metal,metal_glass,train,standardized_256
data/raw/garbage_v2/standardized_256/metal/metal_189.jpg,metal,metal_glass,train,standardized_256
data/raw/garbage_v2/standardized_256/metal/metal_19.jpg,metal,metal_glass,train,standardized_256
data/raw/garbage_v2/standardized_256/metal/metal_191.jpg,metal,metal_glass,train,standardized_256
data/raw/garbage_v2/standardized_256/metal/metal_192.jpg,metal,metal_glass,train,standardized_256
data/raw/garbage_v2/standardized_256/metal/metal_193.jpg,metal,metal_glass,train,standardized_256
data/raw/garbage_v2/standardized_256/metal/metal_194.jpg,metal,metal_glass,train,standardized_256
data/raw/garbage_v2/standardized_256/metal/metal_195.jpg,metal,metal_glass,train,standardized_256
data/raw/garbage_v2/standardized_256/metal/metal_196.jpg,metal,metal_glass,train,standardized_256
data/raw/garbage_v2/standardized_256/metal/metal_197.jpg,metal,metal_glass,train,standardized_256
data/raw/garbage_v2/standardized_256/metal/metal_20.jpg,metal,metal_glass,train,standardized_256
data/raw/garbage_v2/standardized_256/metal/metal_201.jpg,metal,metal_glass,train,standardized_256
data/raw/garbage_v2/standardized_256/metal/metal_203.jpg,metal,metal_glass,train,standardized_256
data/raw/garbage_v2/standardized_256/metal/metal_204.jpg,metal,metal_glass,train,standardized_256
data/raw/garbage_v2/standardized_256/metal/metal_205.jpg,metal,metal_glass,train,standardized_256
data/raw/garbage_v2/standardized_256/metal/metal_206.jpg,metal,metal_glass,train,standardized_256
data/raw/garbage_v2/standardized_256/metal/metal_207.jpg,metal,metal_glass,train,standardized_256
data/raw/garbage_v2/standardized_256/metal/metal_209.jpg,metal,metal_glass,train,standardized_256
data/raw/garbage_v2/standardized_256/metal/metal_21.jpg,metal,metal_glass,train,standardized_256
data/raw/garbage_v2/standardized_256/metal/metal_210.jpg,metal,metal_glass,train,standardized_256
data/raw/garbage_v2/standardized_256/metal/metal_211.jpg,metal,metal_glass,train,standardized_256
data/raw/garbage_v2/standardized_256/metal/metal_212.jpg,metal,metal_glass,train,standardized_256
data/raw/garbage_v2/standardized_256/metal/metal_213.jpg,metal,metal_glass,train,standardized_256
data/raw/garbage_v2/standardized_256/metal/metal_214.jpg,metal,metal_glass,train,standardized_256
data/raw/garbage_v2/standardized_256/metal/metal_215.jpg,metal,metal_glass,train,standardized_256
data/raw/garbage_v2/standardized_256/metal/metal_216.jpg,metal,metal_glass,train,standardized_256
data/raw/garbage_v2/standardized_256/metal/metal_217.jpg,metal,metal_glass,train,standardized_256
data/raw/garbage_v2/standardized_256/metal/metal_218.jpg,metal,metal_glass,train,standardized_256
data/raw/garbage_v2/standardized_256/metal/metal_219.jpg,metal,metal_glass,train,standardized_256
data/raw/garbage_v2/standardized_256/metal/metal_220.jpg,metal,metal_glass,train,standardized_256
data/raw/garbage_v2/standardized_256/metal/metal_221.jpg,metal,metal_glass,train,standardized_256
data/raw/garbage_v2/standardized_256/metal/metal_224.jpg,metal,metal_glass,train,standardized_256
data/raw/garbage_v2/standardized_256/metal/metal_227.jpg,metal,metal_glass,train,standardized_256
data/raw/garbage_v2/standardized_256/metal/metal_228.jpg,metal,metal_glass,train,standardized_256
data/raw/garbage_v2/standardized_256/metal/metal_230.jpg,metal,metal_glass,train,standardized_256
data/raw/garbage_v2/standardized_256/metal/metal_231.jpg,metal,metal_glass,train,standardized_256
data/raw/garbage_v2/standardized_256/metal/metal_234.jpg,metal,metal_glass,train,standardized_256
data/raw/garbage_v2/standardized_256/metal/metal_236.jpg,metal,metal_glass,train,standardized_256
data/raw/garbage_v2/standardized_256/metal/metal_237.jpg,metal,metal_glass,train,standardized_256
data/raw/garbage_v2/standardized_256/metal/metal_238.jpg,metal,metal_glass,train,standardized_256
data/raw/garbage_v2/standardized_256/metal/metal_240.jpg,metal,metal_glass,train,standardized_256
data/raw/garbage_v2/standardized_256/metal/metal_241.jpg,metal,metal_glass,train,standardized_256
data/raw/garbage_v2/standardized_256/metal/metal_245.jpg,metal,metal_glass,train,standardized_256
data/raw/garbage_v2/standardized_256/metal/metal_246.jpg,metal,metal_glass,train,standardized_256
data/raw/garbage_v2/standardized_256/metal/metal_247.jpg,metal,metal_glass,train,standardized_256
data/raw/garbage_v2/standardized_256/metal/metal_248.jpg,metal,metal_glass,train,standardized_256
data/raw/garbage_v2/standardized_256/metal/metal_249.jpg,metal,metal_glass,train,standardized_256
data/raw/garbage_v2/standardized_256/metal/metal_250.jpg,metal,metal_glass,train,standardized_256
data/raw/garbage_v2/standardized_256/metal/metal_251.jpg,metal,metal_glass,train,standardized_256
data/raw/garbage_v2/standardized_256/metal/metal_253.jpg,metal,metal_glass,train,standardized_256
data/raw/garbage_v2/standardized_256/metal/metal_254.jpg,metal,metal_glass,train,standardized_256
data/raw/garbage_v2/standardized_256/metal/metal_255.jpg,metal,metal_glass,train,standardized_256
data/raw/garbage_v2/standardized_256/metal/metal_257.jpg,metal,metal_glass,train,standardized_256
data/raw/garbage_v2/standardized_256/metal/metal_258.jpg,metal,metal_glass,train,standardized_256
data/raw/garbage_v2/standardized_256/metal/metal_259.jpg,metal,metal_glass,train,standardized_256
data/raw/garbage_v2/standardized_256/metal/metal_26.jpg,metal,metal_glass,train,standardized_256
data/raw/garbage_v2/standardized_256/metal/metal_260.jpg,metal,metal_glass,train,standardized_256
data/raw/garbage_v2/standardized_256/metal/metal_261.jpg,metal,metal_glass,train,standardized_256
data/raw/garbage_v2/standardized_256/metal/metal_263.jpg,metal,metal_glass,train,standardized_256
data/raw/garbage_v2/standardized_256/metal/metal_264.jpg,metal,metal_glass,train,standardized_256
data/raw/garbage_v2/standardized_256/metal/metal_265.jpg,metal,metal_glass,train,standardized_256
data/raw/garbage_v2/standardized_256/metal/metal_266.jpg,metal,metal_glass,train,standardized_256
data/raw/garbage_v2/standardized_256/metal/metal_267.jpg,metal,metal_glass,train,standardized_256
data/raw/garbage_v2/standardized_256/metal/metal_268.jpg,metal,metal_glass,train,standardized_256
data/raw/garbage_v2/standardized_256/metal/metal_271.jpg,metal,metal_glass,train,standardized_256
data/raw/garbage_v2/standardized_256/metal/metal_273.jpg,metal,metal_glass,train,standardized_256
data/raw/garbage_v2/standardized_256/metal/metal_275.jpg,metal,metal_glass,train,standardized_256
data/raw/garbage_v2/standardized_256/metal/metal_276.jpg,metal,metal_glass,train,standardized_256
data/raw/garbage_v2/standardized_256/metal/metal_278.jpg,metal,metal_glass,train,standardized_256
data/raw/garbage_v2/standardized_256/metal/metal_279.jpg,metal,metal_glass,train,standardized_256
data/raw/garbage_v2/standardized_256/metal/metal_28.jpg,metal,metal_glass,train,standardized_256
data/raw/garbage_v2/standardized_256/metal/metal_280.jpg,metal,metal_glass,train,standardized_256
data/raw/garbage_v2/standardized_256/metal/metal_281.jpg,metal,metal_glass,train,standardized_256
data/raw/garbage_v2/standardized_256/metal/metal_283.jpg,metal,metal_glass,train,standardized_256
data/raw/garbage_v2/standardized_256/metal/metal_285.jpg,metal,metal_glass,train,standardized_256
data/raw/garbage_v2/standardized_256/metal/metal_289.jpg,metal,metal_glass,train,standardized_256
data/raw/garbage_v2/standardized_256/metal/metal_290.jpg,metal,metal_glass,train,standardized_256
data/raw/garbage_v2/standardized_256/metal/metal_291.jpg,metal,metal_glass,train,standardized_256
data/raw/garbage_v2/standardized_256/metal/metal_293.jpg,metal,metal_glass,train,standardized_256
data/raw/garbage_v2/standardized_256/metal/metal_295.jpg,metal,metal_glass,train,standardized_256
data/raw/garbage_v2/standardized_256/metal/metal_296.jpg,metal,metal_glass,train,standardized_256
data/raw/garbage_v2/standardized_256/metal/metal_297.jpg,metal,metal_glass,train,standardized_256
data/raw/garbage_v2/standardized_256/metal/metal_298.jpg,metal,metal_glass,train,standardized_256
data/raw/garbage_v2/standardized_256/metal/metal_299.jpg,metal,metal_glass,train,standardized_256
data/raw/garbage_v2/standardized_256/metal/metal_3.jpg,metal,metal_glass,train,standardized_256
data/raw/garbage_v2/standardized_256/metal/metal_30.jpg,metal,metal_glass,train,standardized_256
data/raw/garbage_v2/standardized_256/metal/metal_300.jpg,metal,metal_glass,train,standardized_256
data/raw/garbage_v2/standardized_256/metal/metal_301.jpg,metal,metal_glass,train,standardized_256
data/raw/garbage_v2/standardized_256/metal/metal_302.jpg,metal,metal_glass,train,standardized_256
data/raw/garbage_v2/standardized_256/metal/metal_304.jpg,metal,metal_glass,train,standardized_256
data/raw/garbage_v2/standardized_256/metal/metal_305.jpg,metal,metal_glass,train,standardized_256
data/raw/garbage_v2/standardized_256/metal/metal_309.jpg,metal,metal_glass,train,standardized_256
data/raw/garbage_v2/standardized_256/metal/metal_31.jpg,metal,metal_glass,train,standardized_256
data/raw/garbage_v2/standardized_256/metal/metal_310.jpg,metal,metal_glass,train,standardized_256
data/raw/garbage_v2/standardized_256/metal/metal_313.jpg,metal,metal_glass,train,standardized_256
data/raw/garbage_v2/standardized_256/metal/metal_314.jpg,metal,metal_glass,train,standardized_256
data/raw/garbage_v2/standardized_256/metal/metal_315.jpg,metal,metal_glass,train,standardized_256
data/raw/garbage_v2/standardized_256/metal/metal_317.jpg,metal,metal_glass,train,standardized_256
data/raw/garbage_v2/standardized_256/metal/metal_318.jpg,metal,metal_glass,train,standardized_256
data/raw/garbage_v2/standardized_256/metal/metal_319.jpg,metal,metal_glass,train,standardized_256
data/raw/garbage_v2/standardized_256/metal/metal_32.jpg,metal,metal_glass,train,standardized_256
data/raw/garbage_v2/standardized_256/metal/metal_321.jpg,metal,metal_glass,train,standardized_256
data/raw/garbage_v2/standardized_256/metal/metal_323.jpg,metal,metal_glass,train,standardized_256
data/raw/garbage_v2/standardized_256/metal/metal_324.jpg,metal,metal_glass,train,standardized_256
data/raw/garbage_v2/standardized_256/metal/metal_328.jpg,metal,metal_glass,train,standardized_256
data/raw/garbage_v2/standardized_256/metal/metal_329.jpg,metal,metal_glass,train,standardized_256
data/raw/garbage_v2/standardized_256/metal/metal_33.jpg,metal,metal_glass,train,standardized_256
data/raw/garbage_v2/standardized_256/metal/metal_330.jpg,metal,metal_glass,train,standardized_256
data/raw/garbage_v2/standardized_256/metal/metal_331.jpg,metal,metal_glass,train,standardized_256
data/raw/garbage_v2/standardized_256/metal/metal_332.jpg,metal,metal_glass,train,standardized_256
data/raw/garbage_v2/standardized_256/metal/metal_333.jpg,metal,metal_glass,train,standardized_256
data/raw/garbage_v2/standardized_256/metal/metal_335.jpg,metal,metal_glass,train,standardized_256
data/raw/garbage_v2/standardized_256/metal/metal_338.jpg,metal,metal_glass,train,standardized_256
data/raw/garbage_v2/standardized_256/metal/metal_339.jpg,metal,metal_glass,train,standardized_256
data/raw/garbage_v2/standardized_256/metal/metal_34.jpg,metal,metal_glass,train,standardized_256
data/raw/garbage_v2/standardized_256/metal/metal_340.jpg,metal,metal_glass,train,standardized_256
data/raw/garbage_v2/standardized_256/metal/metal_341.jpg,metal,metal_glass,train,standardized_256
data/raw/garbage_v2/standardized_256/metal/metal_342.jpg,metal,metal_glass,train,standardized_256
data/raw/garbage_v2/standardized_256/metal/metal_343.jpg,metal,metal_glass,train,standardized_256
data/raw/garbage_v2/standardized_256/metal/metal_344.jpg,metal,metal_glass,train,standardized_256
data/raw/garbage_v2/standardized_256/metal/metal_346.jpg,metal,metal_glass,train,standardized_256
data/raw/garbage_v2/standardized_256/metal/metal_347.jpg,metal,metal_glass,train,standardized_256
data/raw/garbage_v2/standardized_256/metal/metal_35.jpg,metal,metal_glass,train,standardized_256
data/raw/garbage_v2/standardized_256/metal/metal_350.jpg,metal,metal_glass,train,standardized_256
data/raw/garbage_v2/standardized_256/metal/metal_352.jpg,metal,metal_glass,train,standardized_256
data/raw/garbage_v2/standardized_256/metal/metal_354.jpg,metal,metal_glass,train,standardized_256
data/raw/garbage_v2/standardized_256/metal/metal_355.jpg,metal,metal_glass,train,standardized_256
data/raw/garbage_v2/standardized_256/metal/metal_356.jpg,metal,metal_glass,train,standardized_256
data/raw/garbage_v2/standardized_256/metal/metal_358.jpg,metal,metal_glass,train,standardized_256
data/raw/garbage_v2/standardized_256/metal/metal_359.jpg,metal,metal_glass,train,standardized_256
data/raw/garbage_v2/standardized_256/metal/metal_36.jpg,metal,metal_glass,train,standardized_256
data/raw/garbage_v2/standardized_256/metal/metal_361.jpg,metal,metal_glass,train,standardized_256
data/raw/garbage_v2/standardized_256/metal/metal_363.jpg,metal,metal_glass,train,standardized_256
data/raw/garbage_v2/standardized_256/metal/metal_365.jpg,metal,metal_glass,train,standardized_256
data/raw/garbage_v2/standardized_256/metal/metal_366.jpg,metal,metal_glass,train,standardized_256
data/raw/garbage_v2/standardized_256/metal/metal_367.jpg,metal,metal_glass,train,standardized_256
data/raw/garbage_v2/standardized_256/metal/metal_37.jpg,metal,metal_glass,train,standardized_256
data/raw/garbage_v2/standardized_256/metal/metal_371.jpg,metal,metal_glass,train,standardized_256
data/raw/garbage_v2/standardized_256/metal/metal_372.jpg,metal,metal_glass,train,standardized_256
data/raw/garbage_v2/standardized_256/metal/metal_373.jpg,metal,metal_glass,train,standardized_256
data/raw/garbage_v2/standardized_256/metal/metal_374.jpg,metal,metal_glass,train,standardized_256
data/raw/garbage_v2/standardized_256/metal/metal_375.jpg,metal,metal_glass,train,standardized_256
data/raw/garbage_v2/standardized_256/metal/metal_376.jpg,metal,metal_glass,train,standardized_256
data/raw/garbage_v2/standardized_256/metal/metal_377.jpg,metal,metal_glass,train,standardized_256
data/raw/garbage_v2/standardized_256/metal/metal_381.jpg,metal,metal_glass,train,standardized_256
data/raw/garbage_v2/standardized_256/metal/metal_382.jpg,metal,metal_glass,train,standardized_256
data/raw/garbage_v2/standardized_256/metal/metal_383.jpg,metal,metal_glass,train,standardized_256
data/raw/garbage_v2/standardized_256/metal/metal_385.jpg,metal,metal_glass,train,standardized_256
data/raw/garbage_v2/standardized_256/metal/metal_386.jpg,metal,metal_glass,train,standardized_256
data/raw/garbage_v2/standardized_256/metal/metal_389.jpg,metal,metal_glass,train,standardized_256
data/raw/garbage_v2/standardized_256/metal/metal_39.jpg,metal,metal_glass,train,standardized_256
data/raw/garbage_v2/standardized_256/metal/metal_391.jpg,metal,metal_glass,train,standardized_256
data/raw/garbage_v2/standardized_256/metal/metal_394.jpg,metal,metal_glass,train,standardized_256
data/raw/garbage_v2/standardized_256/metal/metal_395.jpg,metal,metal_glass,train,standardized_256
data/raw/garbage_v2/standardized_256/metal/metal_396.jpg,metal,metal_glass,train,standardized_256
data/raw/garbage_v2/standardized_256/metal/metal_397.jpg,metal,metal_glass,train,standardized_256
data/raw/garbage_v2/standardized_256/metal/metal_398.jpg,metal,metal_glass,train,standardized_256
data/raw/garbage_v2/standardized_256/metal/metal_4.jpg,metal,metal_glass,train,standardized_256
data/raw/garbage_v2/standardized_256/metal/metal_40.jpg,metal,metal_glass,train,standardized_256
data/raw/garbage_v2/standardized_256/metal/metal_400.jpg,metal,metal_glass,train,standardized_256
data/raw/garbage_v2/standardized_256/metal/metal_401.jpg,metal,metal_glass,train,standardized_256
data/raw/garbage_v2/standardized_256/metal/metal_403.jpg,metal,metal_glass,train,standardized_256
data/raw/garbage_v2/standardized_256/metal/metal_405.jpg,metal,metal_glass,train,standardized_256
data/raw/garbage_v2/standardized_256/metal/metal_407.jpg,metal,metal_glass,train,standardized_256
data/raw/garbage_v2/standardized_256/metal/metal_408.jpg,metal,metal_glass,train,standardized_256
data/raw/garbage_v2/standardized_256/metal/metal_409.jpg,metal,metal_glass,train,standardized_256
data/raw/garbage_v2/standardized_256/metal/metal_41.jpg,metal,metal_glass,train,standardized_256
data/raw/garbage_v2/standardized_256/metal/metal_410.jpg,metal,metal_glass,train,standardized_256
data/raw/garbage_v2/standardized_256/metal/metal_411.jpg,metal,metal_glass,train,standardized_256
data/raw/garbage_v2/standardized_256/metal/metal_412.jpg,metal,metal_glass,train,standardized_256
data/raw/garbage_v2/standardized_256/metal/metal_414.jpg,metal,metal_glass,train,standardized_256
data/raw/garbage_v2/standardized_256/metal/metal_416.jpg,metal,metal_glass,train,standardized_256
data/raw/garbage_v2/standardized_256/metal/metal_417.jpg,metal,metal_glass,train,standardized_256
data/raw/garbage_v2/standardized_256/metal/metal_418.jpg,metal,metal_glass,train,standardized_256
data/raw/garbage_v2/standardized_256/metal/metal_42.jpg,metal,metal_glass,train,standardized_256
data/raw/garbage_v2/standardized_256/metal/metal_420.jpg,metal,metal_glass,train,standardized_256
data/raw/garbage_v2/standardized_256/metal/metal_421.jpg,metal,metal_glass,train,standardized_256
data/raw/garbage_v2/standardized_256/metal/metal_422.jpg,metal,metal_glass,train,standardized_256
data/raw/garbage_v2/standardized_256/metal/metal_424.jpg,metal,metal_glass,train,standardized_256
data/raw/garbage_v2/standardized_256/metal/metal_425.jpg,metal,metal_glass,train,standardized_256
data/raw/garbage_v2/standardized_256/metal/metal_427.jpg,metal,metal_glass,train,standardized_256
data/raw/garbage_v2/standardized_256/metal/metal_428.jpg,metal,metal_glass,train,standardized_256
data/raw/garbage_v2/standardized_256/metal/metal_429.jpg,metal,metal_glass,train,standardized_256
data/raw/garbage_v2/standardized_256/metal/metal_431.jpg,metal,metal_glass,train,standardized_256
data/raw/garbage_v2/standardized_256/metal/metal_432.jpg,metal,metal_glass,train,standardized_256
data/raw/garbage_v2/standardized_256/metal/metal_433.jpg,metal,metal_glass,train,standardized_256
data/raw/garbage_v2/standardized_256/metal/metal_434.jpg,metal,metal_glass,train,standardized_256
data/raw/garbage_v2/standardized_256/metal/metal_435.jpg,metal,metal_glass,train,standardized_256
data/raw/garbage_v2/standardized_256/metal/metal_436.jpg,metal,metal_glass,train,standardized_256
data/raw/garbage_v2/standardized_256/metal/metal_437.jpg,metal,metal_glass,train,standardized_256
data/raw/garbage_v2/standardized_256/metal/metal_438.jpg,metal,metal_glass,train,standardized_256
data/raw/garbage_v2/standardized_256/metal/metal_439.jpg,metal,metal_glass,train,standardized_256
data/raw/garbage_v2/standardized_256/metal/metal_44.jpg,metal,metal_glass,train,standardized_256
data/raw/garbage_v2/standardized_256/metal/metal_440.jpg,metal,metal_glass,train,standardized_256
data/raw/garbage_v2/standardized_256/metal/metal_441.jpg,metal,metal_glass,train,standardized_256
data/raw/garbage_v2/standardized_256/metal/metal_442.jpg,metal,metal_glass,train,standardized_256
data/raw/garbage_v2/standardized_256/metal/metal_444.jpg,metal,metal_glass,train,standardized_256
data/raw/garbage_v2/standardized_256/metal/metal_445.jpg,metal,metal_glass,train,standardized_256
data/raw/garbage_v2/standardized_256/metal/metal_447.jpg,metal,metal_glass,train,standardized_256
data/raw/garbage_v2/standardized_256/metal/metal_448.jpg,metal,metal_glass,train,standardized_256
data/raw/garbage_v2/standardized_256/metal/metal_449.jpg,metal,metal_glass,train,standardized_256
data/raw/garbage_v2/standardized_256/metal/metal_450.jpg,metal,metal_glass,train,standardized_256
data/raw/garbage_v2/standardized_256/metal/metal_452.jpg,metal,metal_glass,train,standardized_256
data/raw/garbage_v2/standardized_256/metal/metal_453.jpg,metal,metal_glass,train,standardized_256
data/raw/garbage_v2/standardized_256/metal/metal_454.jpg,metal,metal_glass,train,standardized_256
data/raw/garbage_v2/standardized_256/metal/metal_458.jpg,metal,metal_glass,train,standardized_256
data/raw/garbage_v2/standardized_256/metal/metal_459.jpg,metal,metal_glass,train,standardized_256
data/raw/garbage_v2/standardized_256/metal/metal_46.jpg,metal,metal_glass,train,standardized_256
data/raw/garbage_v2/standardized_256/metal/metal_460.jpg,metal,metal_glass,train,standardized_256
data/raw/garbage_v2/standardized_256/metal/metal_463.jpg,metal,metal_glass,train,standardized_256
data/raw/garbage_v2/standardized_256/metal/metal_465.jpg,metal,metal_glass,train,standardized_256
data/raw/garbage_v2/standardized_256/metal/metal_467.jpg,metal,metal_glass,train,standardized_256
data/raw/garbage_v2/standardized_256/metal/metal_468.jpg,metal,metal_glass,train,standardized_256
data/raw/garbage_v2/standardized_256/metal/metal_469.jpg,metal,metal_glass,train,standardized_256
data/raw/garbage_v2/standardized_256/metal/metal_47.jpg,metal,metal_glass,train,standardized_256
data/raw/garbage_v2/standardized_256/metal/metal_470.jpg,metal,metal_glass,train,standardized_256
data/raw/garbage_v2/standardized_256/metal/metal_471.jpg,metal,metal_glass,train,standardized_256
data/raw/garbage_v2/standardized_256/metal/metal_473.jpg,metal,metal_glass,train,standardized_256
data/raw/garbage_v2/standardized_256/metal/metal_474.jpg,metal,metal_glass,train,standardized_256
data/raw/garbage_v2/standardized_256/metal/metal_475.jpg,metal,metal_glass,train,standardized_256
data/raw/garbage_v2/standardized_256/metal/metal_477.jpg,metal,metal_glass,train,standardized_256
data/raw/garbage_v2/standardized_256/metal/metal_478.jpg,metal,metal_glass,train,standardized_256
data/raw/garbage_v2/standardized_256/metal/metal_481.jpg,metal,metal_glass,train,standardized_256
data/raw/garbage_v2/standardized_256/metal/metal_482.jpg,metal,metal_glass,train,standardized_256
data/raw/garbage_v2/standardized_256/metal/metal_483.jpg,metal,metal_glass,train,standardized_256
data/raw/garbage_v2/standardized_256/metal/metal_485.jpg,metal,metal_glass,train,standardized_256
data/raw/garbage_v2/standardized_256/metal/metal_486.jpg,metal,metal_glass,train,standardized_256
data/raw/garbage_v2/standardized_256/metal/metal_487.jpg,metal,metal_glass,train,standardized_256
data/raw/garbage_v2/standardized_256/metal/metal_488.jpg,metal,metal_glass,train,standardized_256
data/raw/garbage_v2/standardized_256/metal/metal_49.jpg,metal,metal_glass,train,standardized_256
data/raw/garbage_v2/standardized_256/metal/metal_490.jpg,metal,metal_glass,train,standardized_256
data/raw/garbage_v2/standardized_256/metal/metal_491.jpg,metal,metal_glass,train,standardized_256
data/raw/garbage_v2/standardized_256/metal/metal_494.jpg,metal,metal_glass,train,standardized_256
data/raw/garbage_v2/standardized_256/metal/metal_495.jpg,metal,metal_glass,train,standardized_256
data/raw/garbage_v2/standardized_256/metal/metal_497.jpg,metal,metal_glass,train,standardized_256
data/raw/garbage_v2/standardized_256/metal/metal_498.jpg,metal,metal_glass,train,standardized_256
data/raw/garbage_v2/standardized_256/metal/metal_499.jpg,metal,metal_glass,train,standardized_256
data/raw/garbage_v2/standardized_256/metal/metal_5.jpg,metal,metal_glass,train,standardized_256
data/raw/garbage_v2/standardized_256/metal/metal_50.jpg,metal,metal_glass,train,standardized_256
data/raw/garbage_v2/standardized_256/metal/metal_500.jpg,metal,metal_glass,train,standardized_256
data/raw/garbage_v2/standardized_256/metal/metal_501.jpg,metal,metal_glass,train,standardized_256
data/raw/garbage_v2/standardized_256/metal/metal_502.jpg,metal,metal_glass,train,standardized_256
data/raw/garbage_v2/standardized_256/metal/metal_505.jpg,metal,metal_glass,train,standardized_256
data/raw/garbage_v2/standardized_256/metal/metal_506.jpg,metal,metal_glass,train,standardized_256
data/raw/garbage_v2/standardized_256/metal/metal_508.jpg,metal,metal_glass,train,standardized_256
data/raw/garbage_v2/standardized_256/metal/metal_509.jpg,metal,metal_glass,train,standardized_256
data/raw/garbage_v2/standardized_256/metal/metal_51.jpg,metal,metal_glass,train,standardized_256
data/raw/garbage_v2/standardized_256/metal/metal_510.jpg,metal,metal_glass,train,standardized_256
data/raw/garbage_v2/standardized_256/metal/metal_511.jpg,metal,metal_glass,train,standardized_256
data/raw/garbage_v2/standardized_256/metal/metal_514.jpg,metal,metal_glass,train,standardized_256
data/raw/garbage_v2/standardized_256/metal/metal_516.jpg,metal,metal_glass,train,standardized_256
data/raw/garbage_v2/standardized_256/metal/metal_517.jpg,metal,metal_glass,train,standardized_256
data/raw/garbage_v2/standardized_256/metal/metal_518.jpg,metal,metal_glass,train,standardized_256
data/raw/garbage_v2/standardized_256/metal/metal_519.jpg,metal,metal_glass,train,standardized_256
data/raw/garbage_v2/standardized_256/metal/metal_521.jpg,metal,metal_glass,train,standardized_256
data/raw/garbage_v2/standardized_256/metal/metal_522.jpg,metal,metal_glass,train,standardized_256
data/raw/garbage_v2/standardized_256/metal/metal_523.jpg,metal,metal_glass,train,standardized_256
data/raw/garbage_v2/standardized_256/metal/metal_525.jpg,metal,metal_glass,train,standardized_256
data/raw/garbage_v2/standardized_256/metal/metal_527.jpg,metal,metal_glass,train,standardized_256
data/raw/garbage_v2/standardized_256/metal/metal_529.jpg,metal,metal_glass,train,standardized_256
data/raw/garbage_v2/standardized_256/metal/metal_53.jpg,metal,metal_glass,train,standardized_256
data/raw/garbage_v2/standardized_256/metal/metal_530.jpg,metal,metal_glass,train,standardized_256
data/raw/garbage_v2/standardized_256/metal/metal_532.jpg,metal,metal_glass,train,standardized_256
data/raw/garbage_v2/standardized_256/metal/metal_534.jpg,metal,metal_glass,train,standardized_256
data/raw/garbage_v2/standardized_256/metal/metal_535.jpg,metal,metal_glass,train,standardized_256
data/raw/garbage_v2/standardized_256/metal/metal_537.jpg,metal,metal_glass,train,standardized_256
data/raw/garbage_v2/standardized_256/metal/metal_538.jpg,metal,metal_glass,train,standardized_256
data/raw/garbage_v2/standardized_256/metal/metal_54.jpg,metal,metal_glass,train,standardized_256
data/raw/garbage_v2/standardized_256/metal/metal_540.jpg,metal,metal_glass,train,standardized_256
data/raw/garbage_v2/standardized_256/metal/metal_541.jpg,metal,metal_glass,train,standardized_256
data/raw/garbage_v2/standardized_256/metal/metal_542.jpg,metal,metal_glass,train,standardized_256
data/raw/garbage_v2/standardized_256/metal/metal_543.jpg,metal,metal_glass,train,standardized_256
data/raw/garbage_v2/standardized_256/metal/metal_545.jpg,metal,metal_glass,train,standardized_256
data/raw/garbage_v2/standardized_256/metal/metal_547.jpg,metal,metal_glass,train,standardized_256
data/raw/garbage_v2/standardized_256/metal/metal_548.jpg,metal,metal_glass,train,standardized_256
data/raw/garbage_v2/standardized_256/metal/metal_549.jpg,metal,metal_glass,train,standardized_256
data/raw/garbage_v2/standardized_256/metal/metal_55.jpg,metal,metal_glass,train,standardized_256
data/raw/garbage_v2/standardized_256/metal/metal_551.jpg,metal,metal_glass,train,standardized_256
data/raw/garbage_v2/standardized_256/metal/metal_553.jpg,metal,metal_glass,train,standardized_256
data/raw/garbage_v2/standardized_256/metal/metal_554.jpg,metal,metal_glass,train,standardized_256
data/raw/garbage_v2/standardized_256/metal/metal_555.jpg,metal,metal_glass,train,standardized_256
data/raw/garbage_v2/standardized_256/metal/metal_556.jpg,metal,metal_glass,train,standardized_256
data/raw/garbage_v2/standardized_256/metal/metal_557.jpg,metal,metal_glass,train,standardized_256
data/raw/garbage_v2/standardized_256/metal/metal_558.jpg,metal,metal_glass,train,standardized_256
data/raw/garbage_v2/standardized_256/metal/metal_559.jpg,metal,metal_glass,train,standardized_256
data/raw/garbage_v2/standardized_256/metal/metal_56.jpg,metal,metal_glass,train,standardized_256
data/raw/garbage_v2/standardized_256/metal/metal_563.jpg,metal,metal_glass,train,standardized_256
data/raw/garbage_v2/standardized_256/metal/metal_564.jpg,metal,metal_glass,train,standardized_256
data/raw/garbage_v2/standardized_256/metal/metal_565.jpg,metal,metal_glass,train,standardized_256
data/raw/garbage_v2/standardized_256/metal/metal_566.jpg,metal,metal_glass,train,standardized_256
data/raw/garbage_v2/standardized_256/metal/metal_567.jpg,metal,metal_glass,train,standardized_256
data/raw/garbage_v2/standardized_256/metal/metal_569.jpg,metal,metal_glass,train,standardized_256
data/raw/garbage_v2/standardized_256/metal/metal_57.jpg,metal,metal_glass,train,standardized_256
data/raw/garbage_v2/standardized_256/metal/metal_570.jpg,metal,metal_glass,train,standardized_256
data/raw/garbage_v2/standardized_256/metal/metal_571.jpg,metal,metal_glass,train,standardized_256
data/raw/garbage_v2/standardized_256/metal/metal_572.jpg,metal,metal_glass,train,standardized_256
data/raw/garbage_v2/standardized_256/metal/metal_573.jpg,metal,metal_glass,train,standardized_256
data/raw/garbage_v2/standardized_256/metal/metal_574.jpg,metal,metal_glass,train,standardized_256
data/raw/garbage_v2/standardized_256/metal/metal_577.jpg,metal,metal_glass,train,standardized_256
data/raw/garbage_v2/standardized_256/metal/metal_579.jpg,metal,metal_glass,train,standardized_256
data/raw/garbage_v2/standardized_256/metal/metal_580.jpg,metal,metal_glass,train,standardized_256
data/raw/garbage_v2/standardized_256/metal/metal_584.jpg,metal,metal_glass,train,standardized_256
data/raw/garbage_v2/standardized_256/metal/metal_586.jpg,metal,metal_glass,train,standardized_256
data/raw/garbage_v2/standardized_256/metal/metal_587.jpg,metal,metal_glass,train,standardized_256
data/raw/garbage_v2/standardized_256/metal/metal_589.jpg,metal,metal_glass,train,standardized_256
data/raw/garbage_v2/standardized_256/metal/metal_591.jpg,metal,metal_glass,train,standardized_256
data/raw/garbage_v2/standardized_256/metal/metal_592.jpg,metal,metal_glass,train,standardized_256
data/raw/garbage_v2/standardized_256/metal/metal_593.jpg,metal,metal_glass,train,standardized_256
data/raw/garbage_v2/standardized_256/metal/metal_596.jpg,metal,metal_glass,train,standardized_256
data/raw/garbage_v2/standardized_256/metal/metal_597.jpg,metal,metal_glass,train,standardized_256
data/raw/garbage_v2/standardized_256/metal/metal_598.jpg,metal,metal_glass,train,standardized_256
data/raw/garbage_v2/standardized_256/metal/metal_60.jpg,metal,metal_glass,train,standardized_256
data/raw/garbage_v2/standardized_256/metal/metal_600.jpg,metal,metal_glass,train,standardized_256
data/raw/garbage_v2/standardized_256/metal/metal_601.jpg,metal,metal_glass,train,standardized_256
data/raw/garbage_v2/standardized_256/metal/metal_603.jpg,metal,metal_glass,train,standardized_256
data/raw/garbage_v2/standardized_256/metal/metal_605.jpg,metal,metal_glass,train,standardized_256
data/raw/garbage_v2/standardized_256/metal/metal_606.jpg,metal,metal_glass,train,standardized_256
data/raw/garbage_v2/standardized_256/metal/metal_607.jpg,metal,metal_glass,train,standardized_256
data/raw/garbage_v2/standardized_256/metal/metal_608.jpg,metal,metal_glass,train,standardized_256
data/raw/garbage_v2/standardized_256/metal/metal_609.jpg,metal,metal_glass,train,standardized_256
data/raw/garbage_v2/standardized_256/metal/metal_61.jpg,metal,metal_glass,train,standardized_256
data/raw/garbage_v2/standardized_256/metal/metal_611.jpg,metal,metal_glass,train,standardized_256
data/raw/garbage_v2/standardized_256/metal/metal_614.jpg,metal,metal_glass,train,standardized_256
data/raw/garbage_v2/standardized_256/metal/metal_615.jpg,metal,metal_glass,train,standardized_256
data/raw/garbage_v2/standardized_256/metal/metal_617.jpg,metal,metal_glass,train,standardized_256
data/raw/garbage_v2/standardized_256/metal/metal_618.jpg,metal,metal_glass,train,standardized_256
data/raw/garbage_v2/standardized_256/metal/metal_619.jpg,metal,metal_glass,train,standardized_256
data/raw/garbage_v2/standardized_256/metal/metal_620.jpg,metal,metal_glass,train,standardized_256
data/raw/garbage_v2/standardized_256/metal/metal_622.jpg,metal,metal_glass,train,standardized_256
data/raw/garbage_v2/standardized_256/metal/metal_623.jpg,metal,metal_glass,train,standardized_256
data/raw/garbage_v2/standardized_256/metal/metal_624.jpg,metal,metal_glass,train,standardized_256
data/raw/garbage_v2/standardized_256/metal/metal_625.jpg,metal,metal_glass,train,standardized_256
data/raw/garbage_v2/standardized_256/metal/metal_628.jpg,metal,metal_glass,train,standardized_256
data/raw/garbage_v2/standardized_256/metal/metal_629.jpg,metal,metal_glass,train,standardized_256
data/raw/garbage_v2/standardized_256/metal/metal_63.jpg,metal,metal_glass,train,standardized_256
data/raw/garbage_v2/standardized_256/metal/metal_630.jpg,metal,metal_glass,train,standardized_256
data/raw/garbage_v2/standardized_256/metal/metal_631.jpg,metal,metal_glass,train,standardized_256
data/raw/garbage_v2/standardized_256/metal/metal_632.jpg,metal,metal_glass,train,standardized_256
data/raw/garbage_v2/standardized_256/metal/metal_633.jpg,metal,metal_glass,train,standardized_256
data/raw/garbage_v2/standardized_256/metal/metal_635.jpg,metal,metal_glass,train,standardized_256
data/raw/garbage_v2/standardized_256/metal/metal_637.jpg,metal,metal_glass,train,standardized_256
data/raw/garbage_v2/standardized_256/metal/metal_638.jpg,metal,metal_glass,train,standardized_256
data/raw/garbage_v2/standardized_256/metal/metal_639.jpg,metal,metal_glass,train,standardized_256
data/raw/garbage_v2/standardized_256/metal/metal_64.jpg,metal,metal_glass,train,standardized_256
data/raw/garbage_v2/standardized_256/metal/metal_640.jpg,metal,metal_glass,train,standardized_256
data/raw/garbage_v2/standardized_256/metal/metal_641.jpg,metal,metal_glass,train,standardized_256
data/raw/garbage_v2/standardized_256/metal/metal_642.jpg,metal,metal_glass,train,standardized_256
data/raw/garbage_v2/standardized_256/metal/metal_643.jpg,metal,metal_glass,train,standardized_256
data/raw/garbage_v2/standardized_256/metal/metal_644.jpg,metal,metal_glass,train,standardized_256
data/raw/garbage_v2/standardized_256/metal/metal_645.jpg,metal,metal_glass,train,standardized_256
data/raw/garbage_v2/standardized_256/metal/metal_646.jpg,metal,metal_glass,train,standardized_256
data/raw/garbage_v2/standardized_256/metal/metal_648.jpg,metal,metal_glass,train,standardized_256
data/raw/garbage_v2/standardized_256/metal/metal_650.jpg,metal,metal_glass,train,standardized_256
data/raw/garbage_v2/standardized_256/metal/metal_651.jpg,metal,metal_glass,train,standardized_256
data/raw/garbage_v2/standardized_256/metal/metal_652.jpg,metal,metal_glass,train,standardized_256
data/raw/garbage_v2/standardized_256/metal/metal_653.jpg,metal,metal_glass,train,standardized_256
data/raw/garbage_v2/standardized_256/metal/metal_654.jpg,metal,metal_glass,train,standardized_256
data/raw/garbage_v2/standardized_256/metal/metal_655.jpg,metal,metal_glass,train,standardized_256
data/raw/garbage_v2/standardized_256/metal/metal_656.jpg,metal,metal_glass,train,standardized_256
data/raw/garbage_v2/standardized_256/metal/metal_659.jpg,metal,metal_glass,train,standardized_256
data/raw/garbage_v2/standardized_256/metal/metal_660.jpg,metal,metal_glass,train,standardized_256
data/raw/garbage_v2/standardized_256/metal/metal_661.jpg,metal,metal_glass,train,standardized_256
data/raw/garbage_v2/standardized_256/metal/metal_662.jpg,metal,metal_glass,train,standardized_256
data/raw/garbage_v2/standardized_256/metal/metal_665.jpg,metal,metal_glass,train,standardized_256
data/raw/garbage_v2/standardized_256/metal/metal_666.jpg,metal,metal_glass,train,standardized_256
data/raw/garbage_v2/standardized_256/metal/metal_667.jpg,metal,metal_glass,train,standardized_256
data/raw/garbage_v2/standardized_256/metal/metal_67.jpg,metal,metal_glass,train,standardized_256
data/raw/garbage_v2/standardized_256/metal/metal_670.jpg,metal,metal_glass,train,standardized_256
data/raw/garbage_v2/standardized_256/metal/metal_672.jpg,metal,metal_glass,train,standardized_256
data/raw/garbage_v2/standardized_256/metal/metal_674.jpg,metal,metal_glass,train,standardized_256
data/raw/garbage_v2/standardized_256/metal/metal_675.jpg,metal,metal_glass,train,standardized_256
data/raw/garbage_v2/standardized_256/metal/metal_677.jpg,metal,metal_glass,train,standardized_256
data/raw/garbage_v2/standardized_256/metal/metal_678.jpg,metal,metal_glass,train,standardized_256
data/raw/garbage_v2/standardized_256/metal/metal_679.jpg,metal,metal_glass,train,standardized_256
data/raw/garbage_v2/standardized_256/metal/metal_68.jpg,metal,metal_glass,train,standardized_256
data/raw/garbage_v2/standardized_256/metal/metal_681.jpg,metal,metal_glass,train,standardized_256
data/raw/garbage_v2/standardized_256/metal/metal_682.jpg,metal,metal_glass,train,standardized_256
data/raw/garbage_v2/standardized_256/metal/metal_683.jpg,metal,metal_glass,train,standardized_256
data/raw/garbage_v2/standardized_256/metal/metal_684.jpg,metal,metal_glass,train,standardized_256
data/raw/garbage_v2/standardized_256/metal/metal_685.jpg,metal,metal_glass,train,standardized_256
data/raw/garbage_v2/standardized_256/metal/metal_686.jpg,metal,metal_glass,train,standardized_256
data/raw/garbage_v2/standardized_256/metal/metal_688.jpg,metal,metal_glass,train,standardized_256
data/raw/garbage_v2/standardized_256/metal/metal_689.jpg,metal,metal_glass,train,standardized_256
data/raw/garbage_v2/standardized_256/metal/metal_69.jpg,metal,metal_glass,train,standardized_256
data/raw/garbage_v2/standardized_256/metal/metal_691.jpg,metal,metal_glass,train,standardized_256
data/raw/garbage_v2/standardized_256/metal/metal_692.jpg,metal,metal_glass,train,standardized_256
data/raw/garbage_v2/standardized_256/metal/metal_693.jpg,metal,metal_glass,train,standardized_256
data/raw/garbage_v2/standardized_256/metal/metal_694.jpg,metal,metal_glass,train,standardized_256
data/raw/garbage_v2/standardized_256/metal/metal_695.jpg,metal,metal_glass,train,standardized_256
data/raw/garbage_v2/standardized_256/metal/metal_696.jpg,metal,metal_glass,train,standardized_256
data/raw/garbage_v2/standardized_256/metal/metal_697.jpg,metal,metal_glass,train,standardized_256
data/raw/garbage_v2/standardized_256/metal/metal_7.jpg,metal,metal_glass,train,standardized_256
data/raw/garbage_v2/standardized_256/metal/metal_70.jpg,metal,metal_glass,train,standardized_256
data/raw/garbage_v2/standardized_256/metal/metal_701.jpg,metal,metal_glass,train,standardized_256
data/raw/garbage_v2/standardized_256/metal/metal_705.jpg,metal,metal_glass,train,standardized_256
data/raw/garbage_v2/standardized_256/metal/metal_706.jpg,metal,metal_glass,train,standardized_256
data/raw/garbage_v2/standardized_256/metal/metal_709.jpg,metal,metal_glass,train,standardized_256
data/raw/garbage_v2/standardized_256/metal/metal_711.jpg,metal,metal_glass,train,standardized_256
data/raw/garbage_v2/standardized_256/metal/metal_712.jpg,metal,metal_glass,train,standardized_256
data/raw/garbage_v2/standardized_256/metal/metal_714.jpg,metal,metal_glass,train,standardized_256
data/raw/garbage_v2/standardized_256/metal/metal_716.jpg,metal,metal_glass,train,standardized_256
data/raw/garbage_v2/standardized_256/metal/metal_717.jpg,metal,metal_glass,train,standardized_256
data/raw/garbage_v2/standardized_256/metal/metal_719.jpg,metal,metal_glass,train,standardized_256
data/raw/garbage_v2/standardized_256/metal/metal_72.jpg,metal,metal_glass,train,standardized_256
data/raw/garbage_v2/standardized_256/metal/metal_720.jpg,metal,metal_glass,train,standardized_256
data/raw/garbage_v2/standardized_256/metal/metal_721.jpg,metal,metal_glass,train,standardized_256
data/raw/garbage_v2/standardized_256/metal/metal_722.jpg,metal,metal_glass,train,standardized_256
data/raw/garbage_v2/standardized_256/metal/metal_723.jpg,metal,metal_glass,train,standardized_256
data/raw/garbage_v2/standardized_256/metal/metal_725.jpg,metal,metal_glass,train,standardized_256
data/raw/garbage_v2/standardized_256/metal/metal_726.jpg,metal,metal_glass,train,standardized_256
data/raw/garbage_v2/standardized_256/metal/metal_727.jpg,metal,metal_glass,train,standardized_256
data/raw/garbage_v2/standardized_256/metal/metal_728.jpg,metal,metal_glass,train,standardized_256
data/raw/garbage_v2/standardized_256/metal/metal_729.jpg,metal,metal_glass,train,standardized_256
data/raw/garbage_v2/standardized_256/metal/metal_730.jpg,metal,metal_glass,train,standardized_256
data/raw/garbage_v2/standardized_256/metal/metal_735.jpg,metal,metal_glass,train,standardized_256
data/raw/garbage_v2/standardized_256/metal/metal_736.jpg,metal,metal_glass,train,standardized_256
data/raw/garbage_v2/standardized_256/metal/metal_737.jpg,metal,metal_glass,train,standardized_256
data/raw/garbage_v2/standardized_256/metal/metal_738.jpg,metal,metal_glass,train,standardized_256
data/raw/garbage_v2/standardized_256/metal/metal_740.jpg,metal,metal_glass,train,standardized_256
data/raw/garbage_v2/standardized_256/metal/metal_742.jpg,metal,metal_glass,train,standardized_256
data/raw/garbage_v2/standardized_256/metal/metal_744.jpg,metal,metal_glass,train,standardized_256
data/raw/garbage_v2/standardized_256/metal/metal_745.jpg,metal,metal_glass,train,standardized_256
data/raw/garbage_v2/standardized_256/metal/metal_746.jpg,metal,metal_glass,train,standardized_256
data/raw/garbage_v2/standardized_256/metal/metal_747.jpg,metal,metal_glass,train,standardized_256
data/raw/garbage_v2/standardized_256/metal/metal_748.jpg,metal,metal_glass,train,standardized_256
data/raw/garbage_v2/standardized_256/metal/metal_749.jpg,metal,metal_glass,train,standardized_256
data/raw/garbage_v2/standardized_256/metal/metal_750.jpg,metal,metal_glass,train,standardized_256
data/raw/garbage_v2/standardized_256/metal/metal_751.jpg,metal,metal_glass,train,standardized_256
data/raw/garbage_v2/standardized_256/metal/metal_752.jpg,metal,metal_glass,train,standardized_256
data/raw/garbage_v2/standardized_256/metal/metal_754.jpg,metal,metal_glass,train,standardized_256
data/raw/garbage_v2/standardized_256/metal/metal_755.jpg,metal,metal_glass,train,standardized_256
data/raw/garbage_v2/standardized_256/metal/metal_757.jpg,metal,metal_glass,train,standardized_256
data/raw/garbage_v2/standardized_256/metal/metal_758.jpg,metal,metal_glass,train,standardized_256
data/raw/garbage_v2/standardized_256/metal/metal_759.jpg,metal,metal_glass,train,standardized_256
data/raw/garbage_v2/standardized_256/metal/metal_76.jpg,metal,metal_glass,train,standardized_256
data/raw/garbage_v2/standardized_256/metal/metal_760.jpg,metal,metal_glass,train,standardized_256
data/raw/garbage_v2/standardized_256/metal/metal_761.jpg,metal,metal_glass,train,standardized_256
data/raw/garbage_v2/standardized_256/metal/metal_763.jpg,metal,metal_glass,train,standardized_256
data/raw/garbage_v2/standardized_256/metal/metal_764.jpg,metal,metal_glass,train,standardized_256
data/raw/garbage_v2/standardized_256/metal/metal_767.jpg,metal,metal_glass,train,standardized_256
data/raw/garbage_v2/standardized_256/metal/metal_768.jpg,metal,metal_glass,train,standardized_256
data/raw/garbage_v2/standardized_256/metal/metal_769.jpg,metal,metal_glass,train,standardized_256
data/raw/garbage_v2/standardized_256/metal/metal_773.jpg,metal,metal_glass,train,standardized_256
data/raw/garbage_v2/standardized_256/metal/metal_774.jpg,metal,metal_glass,train,standardized_256
data/raw/garbage_v2/standardized_256/metal/metal_775.jpg,metal,metal_glass,train,standardized_256
data/raw/garbage_v2/standardized_256/metal/metal_776.jpg,metal,metal_glass,train,standardized_256
data/raw/garbage_v2/standardized_256/metal/metal_777.jpg,metal,metal_glass,train,standardized_256
data/raw/garbage_v2/standardized_256/metal/metal_778.jpg,metal,metal_glass,train,standardized_256
data/raw/garbage_v2/standardized_256/metal/metal_779.jpg,metal,metal_glass,train,standardized_256
data/raw/garbage_v2/standardized_256/metal/metal_78.jpg,metal,metal_glass,train,standardized_256
data/raw/garbage_v2/standardized_256/metal/metal_780.jpg,metal,metal_glass,train,standardized_256
data/raw/garbage_v2/standardized_256/metal/metal_782.jpg,metal,metal_glass,train,standardized_256
data/raw/garbage_v2/standardized_256/metal/metal_783.jpg,metal,metal_glass,train,standardized_256
data/raw/garbage_v2/standardized_256/metal/metal_785.jpg,metal,metal_glass,train,standardized_256
data/raw/garbage_v2/standardized_256/metal/metal_788.jpg,metal,metal_glass,train,standardized_256
data/raw/garbage_v2/standardized_256/metal/metal_789.jpg,metal,metal_glass,train,standardized_256
data/raw/garbage_v2/standardized_256/metal/metal_79.jpg,metal,metal_glass,train,standardized_256
data/raw/garbage_v2/standardized_256/metal/metal_790.jpg,metal,metal_glass,train,standardized_256
data/raw/garbage_v2/standardized_256/metal/metal_793.jpg,metal,metal_glass,train,standardized_256
data/raw/garbage_v2/standardized_256/metal/metal_794.jpg,metal,metal_glass,train,standardized_256
data/raw/garbage_v2/standardized_256/metal/metal_795.jpg,metal,metal_glass,train,standardized_256
data/raw/garbage_v2/standardized_256/metal/metal_796.jpg,metal,metal_glass,train,standardized_256
data/raw/garbage_v2/standardized_256/metal/metal_797.jpg,metal,metal_glass,train,standardized_256
data/raw/garbage_v2/standardized_256/metal/metal_799.jpg,metal,metal_glass,train,standardized_256
data/raw/garbage_v2/standardized_256/metal/metal_80.jpg,metal,metal_glass,train,standardized_256
data/raw/garbage_v2/standardized_256/metal/metal_800.jpg,metal,metal_glass,train,standardized_256
data/raw/garbage_v2/standardized_256/metal/metal_801.jpg,metal,metal_glass,train,standardized_256
data/raw/garbage_v2/standardized_256/metal/metal_803.jpg,metal,metal_glass,train,standardized_256
data/raw/garbage_v2/standardized_256/metal/metal_804.jpg,metal,metal_glass,train,standardized_256
data/raw/garbage_v2/standardized_256/metal/metal_805.jpg,metal,metal_glass,train,standardized_256
data/raw/garbage_v2/standardized_256/metal/metal_807.jpg,metal,metal_glass,train,standardized_256
data/raw/garbage_v2/standardized_256/metal/metal_808.jpg,metal,metal_glass,train,standardized_256
data/raw/garbage_v2/standardized_256/metal/metal_81.jpg,metal,metal_glass,train,standardized_256
data/raw/garbage_v2/standardized_256/metal/metal_810.jpg,metal,metal_glass,train,standardized_256
data/raw/garbage_v2/standardized_256/metal/metal_811.jpg,metal,metal_glass,train,standardized_256
data/raw/garbage_v2/standardized_256/metal/metal_813.jpg,metal,metal_glass,train,standardized_256
data/raw/garbage_v2/standardized_256/metal/metal_814.jpg,metal,metal_glass,train,standardized_256
data/raw/garbage_v2/standardized_256/metal/metal_815.jpg,metal,metal_glass,train,standardized_256
data/raw/garbage_v2/standardized_256/metal/metal_816.jpg,metal,metal_glass,train,standardized_256
data/raw/garbage_v2/standardized_256/metal/metal_817.jpg,metal,metal_glass,train,standardized_256
data/raw/garbage_v2/standardized_256/metal/metal_818.jpg,metal,metal_glass,train,standardized_256
data/raw/garbage_v2/standardized_256/metal/metal_819.jpg,metal,metal_glass,train,standardized_256
data/raw/garbage_v2/standardized_256/metal/metal_82.jpg,metal,metal_glass,train,standardized_256
data/raw/garbage_v2/standardized_256/metal/metal_820.jpg,metal,metal_glass,train,standardized_256
data/raw/garbage_v2/standardized_256/metal/metal_822.jpg,metal,metal_glass,train,standardized_256
data/raw/garbage_v2/standardized_256/metal/metal_824.jpg,metal,metal_glass,train,standardized_256
data/raw/garbage_v2/standardized_256/metal/metal_825.jpg,metal,metal_glass,train,standardized_256
data/raw/garbage_v2/standardized_256/metal/metal_826.jpg,metal,metal_glass,train,standardized_256
data/raw/garbage_v2/standardized_256/metal/metal_828.jpg,metal,metal_glass,train,standardized_256
data/raw/garbage_v2/standardized_256/metal/metal_829.jpg,metal,metal_glass,train,standardized_256
data/raw/garbage_v2/standardized_256/metal/metal_83.jpg,metal,metal_glass,train,standardized_256
data/raw/garbage_v2/standardized_256/metal/metal_831.jpg,metal,metal_glass,train,standardized_256
data/raw/garbage_v2/standardized_256/metal/metal_832.jpg,metal,metal_glass,train,standardized_256
data/raw/garbage_v2/standardized_256/metal/metal_833.jpg,metal,metal_glass,train,standardized_256
data/raw/garbage_v2/standardized_256/metal/metal_836.jpg,metal,metal_glass,train,standardized_256
data/raw/garbage_v2/standardized_256/metal/metal_838.jpg,metal,metal_glass,train,standardized_256
data/raw/garbage_v2/standardized_256/metal/metal_839.jpg,metal,metal_glass,train,standardized_256
data/raw/garbage_v2/standardized_256/metal/metal_84.jpg,metal,metal_glass,train,standardized_256
data/raw/garbage_v2/standardized_256/metal/metal_841.jpg,metal,metal_glass,train,standardized_256
data/raw/garbage_v2/standardized_256/metal/metal_843.jpg,metal,metal_glass,train,standardized_256
data/raw/garbage_v2/standardized_256/metal/metal_844.jpg,metal,metal_glass,train,standardized_256
data/raw/garbage_v2/standardized_256/metal/metal_846.jpg,metal,metal_glass,train,standardized_256
data/raw/garbage_v2/standardized_256/metal/metal_847.jpg,metal,metal_glass,train,standardized_256
data/raw/garbage_v2/standardized_256/metal/metal_848.jpg,metal,metal_glass,train,standardized_256
data/raw/garbage_v2/standardized_256/metal/metal_849.jpg,metal,metal_glass,train,standardized_256
data/raw/garbage_v2/standardized_256/metal/metal_851.jpg,metal,metal_glass,train,standardized_256
data/raw/garbage_v2/standardized_256/metal/metal_852.jpg,metal,metal_glass,train,standardized_256
data/raw/garbage_v2/standardized_256/metal/metal_853.jpg,metal,metal_glass,train,standardized_256
data/raw/garbage_v2/standardized_256/metal/metal_854.jpg,metal,metal_glass,train,standardized_256
data/raw/garbage_v2/standardized_256/metal/metal_856.jpg,metal,metal_glass,train,standardized_256
data/raw/garbage_v2/standardized_256/metal/metal_857.jpg,metal,metal_glass,train,standardized_256
data/raw/garbage_v2/standardized_256/metal/metal_858.jpg,metal,metal_glass,train,standardized_256
data/raw/garbage_v2/standardized_256/metal/metal_860.jpg,metal,metal_glass,train,standardized_256
data/raw/garbage_v2/standardized_256/metal/metal_861.jpg,metal,metal_glass,train,standardized_256
data/raw/garbage_v2/standardized_256/metal/metal_862.jpg,metal,metal_glass,train,standardized_256
data/raw/garbage_v2/standardized_256/metal/metal_863.jpg,metal,metal_glass,train,standardized_256
data/raw/garbage_v2/standardized_256/metal/metal_864.jpg,metal,metal_glass,train,standardized_256
data/raw/garbage_v2/standardized_256/metal/metal_865.jpg,metal,metal_glass,train,standardized_256
data/raw/garbage_v2/standardized_256/metal/metal_866.jpg,metal,metal_glass,train,standardized_256
data/raw/garbage_v2/standardized_256/metal/metal_868.jpg,metal,metal_glass,train,standardized_256
data/raw/garbage_v2/standardized_256/metal/metal_869.jpg,metal,metal_glass,train,standardized_256
data/raw/garbage_v2/standardized_256/metal/metal_871.jpg,metal,metal_glass,train,standardized_256
data/raw/garbage_v2/standardized_256/metal/metal_872.jpg,metal,metal_glass,train,standardized_256
data/raw/garbage_v2/standardized_256/metal/metal_873.jpg,metal,metal_glass,train,standardized_256
data/raw/garbage_v2/standardized_256/metal/metal_874.jpg,metal,metal_glass,train,standardized_256
data/raw/garbage_v2/standardized_256/metal/metal_875.jpg,metal,metal_glass,train,standardized_256
data/raw/garbage_v2/standardized_256/metal/metal_876.jpg,metal,metal_glass,train,standardized_256
data/raw/garbage_v2/standardized_256/metal/metal_877.jpg,metal,metal_glass,train,standardized_256
data/raw/garbage_v2/standardized_256/metal/metal_878.jpg,metal,metal_glass,train,standardized_256
data/raw/garbage_v2/standardized_256/metal/metal_879.jpg,metal,metal_glass,train,standardized_256
data/raw/garbage_v2/standardized_256/metal/metal_88.jpg,metal,metal_glass,train,standardized_256
data/raw/garbage_v2/standardized_256/metal/metal_880.jpg,metal,metal_glass,train,standardized_256
data/raw/garbage_v2/standardized_256/metal/metal_881.jpg,metal,metal_glass,train,standardized_256
data/raw/garbage_v2/standardized_256/metal/metal_882.jpg,metal,metal_glass,train,standardized_256
data/raw/garbage_v2/standardized_256/metal/metal_883.jpg,metal,metal_glass,train,standardized_256
data/raw/garbage_v2/standardized_256/metal/metal_884.jpg,metal,metal_glass,train,standardized_256
data/raw/garbage_v2/standardized_256/metal/metal_885.jpg,metal,metal_glass,train,standardized_256
data/raw/garbage_v2/standardized_256/metal/metal_887.jpg,metal,metal_glass,train,standardized_256
data/raw/garbage_v2/standardized_256/metal/metal_888.jpg,metal,metal_glass,train,standardized_256
data/raw/garbage_v2/standardized_256/metal/metal_89.jpg,metal,metal_glass,train,standardized_256
data/raw/garbage_v2/standardized_256/metal/metal_890.jpg,metal,metal_glass,train,standardized_256
data/raw/garbage_v2/standardized_256/metal/metal_891.jpg,metal,metal_glass,train,standardized_256
data/raw/garbage_v2/standardized_256/metal/metal_892.jpg,metal,metal_glass,train,standardized_256
data/raw/garbage_v2/standardized_256/metal/metal_893.jpg,metal,metal_glass,train,standardized_256
data/raw/garbage_v2/standardized_256/metal/metal_894.jpg,metal,metal_glass,train,standardized_256
data/raw/garbage_v2/standardized_256/metal/metal_895.jpg,metal,metal_glass,train,standardized_256
data/raw/garbage_v2/standardized_256/metal/metal_896.jpg,metal,metal_glass,train,standardized_256
data/raw/garbage_v2/standardized_256/metal/metal_897.jpg,metal,metal_glass,train,standardized_256
data/raw/garbage_v2/standardized_256/metal/metal_898.jpg,metal,metal_glass,train,standardized_256
data/raw/garbage_v2/standardized_256/metal/metal_9.jpg,metal,metal_glass,train,standardized_256
data/raw/garbage_v2/standardized_256/metal/metal_900.jpg,metal,metal_glass,train,standardized_256
data/raw/garbage_v2/standardized_256/metal/metal_901.jpg,metal,metal_glass,train,standardized_256
data/raw/garbage_v2/standardized_256/metal/metal_903.jpg,metal,metal_glass,train,standardized_256
data/raw/garbage_v2/standardized_256/metal/metal_904.jpg,metal,metal_glass,train,standardized_256
data/raw/garbage_v2/standardized_256/metal/metal_905.jpg,metal,metal_glass,train,standardized_256
data/raw/garbage_v2/standardized_256/metal/metal_906.jpg,metal,metal_glass,train,standardized_256
data/raw/garbage_v2/standardized_256/metal/metal_907.jpg,metal,metal_glass,train,standardized_256
data/raw/garbage_v2/standardized_256/metal/metal_908.jpg,metal,metal_glass,train,standardized_256
data/raw/garbage_v2/standardized_256/metal/metal_909.jpg,metal,metal_glass,train,standardized_256
data/raw/garbage_v2/standardized_256/metal/metal_91.jpg,metal,metal_glass,train,standardized_256
data/raw/garbage_v2/standardized_256/metal/metal_910.jpg,metal,metal_glass,train,standardized_256
data/raw/garbage_v2/standardized_256/metal/metal_912.jpg,metal,metal_glass,train,standardized_256
data/raw/garbage_v2/standardized_256/metal/metal_913.jpg,metal,metal_glass,train,standardized_256
data/raw/garbage_v2/standardized_256/metal/metal_914.jpg,metal,metal_glass,train,standardized_256
data/raw/garbage_v2/standardized_256/metal/metal_915.jpg,metal,metal_glass,train,standardized_256
data/raw/garbage_v2/standardized_256/metal/metal_916.jpg,metal,metal_glass,train,standardized_256
data/raw/garbage_v2/standardized_256/metal/metal_917.jpg,metal,metal_glass,train,standardized_256
data/raw/garbage_v2/standardized_256/metal/metal_919.jpg,metal,metal_glass,train,standardized_256
data/raw/garbage_v2/standardized_256/metal/metal_92.jpg,metal,metal_glass,train,standardized_256
data/raw/garbage_v2/standardized_256/metal/metal_920.jpg,metal,metal_glass,train,standardized_256
data/raw/garbage_v2/standardized_256/metal/metal_921.jpg,metal,metal_glass,train,standardized_256
data/raw/garbage_v2/standardized_256/metal/metal_922.jpg,metal,metal_glass,train,standardized_256
data/raw/garbage_v2/standardized_256/metal/metal_923.jpg,metal,metal_glass,train,standardized_256
data/raw/garbage_v2/standardized_256/metal/metal_925.jpg,metal,metal_glass,train,standardized_256
data/raw/garbage_v2/standardized_256/metal/metal_926.jpg,metal,metal_glass,train,standardized_256
data/raw/garbage_v2/standardized_256/metal/metal_927.jpg,metal,metal_glass,train,standardized_256
data/raw/garbage_v2/standardized_256/metal/metal_928.jpg,metal,metal_glass,train,standardized_256
data/raw/garbage_v2/standardized_256/metal/metal_929.jpg,metal,metal_glass,train,standardized_256
data/raw/garbage_v2/standardized_256/metal/metal_95.jpg,metal,metal_glass,train,standardized_256
data/raw/garbage_v2/standardized_256/metal/metal_98.jpg,metal,metal_glass,train,standardized_256
data/raw/garbage_v2/standardized_256/metal/metal_99.jpg,metal,metal_glass,train,standardized_256
data/raw/garbage_v2/standardized_256/cardboard/cardboard_1.jpg,cardboard,paper_cardboard,train,standardized_256
data/raw/garbage_v2/standardized_256/cardboard/cardboard_100.jpg,cardboard,paper_cardboard,train,standardized_256
data/raw/garbage_v2/standardized_256/cardboard/cardboard_1000.jpg,cardboard,paper_cardboard,train,standardized_256
data/raw/garbage_v2/standardized_256/cardboard/cardboard_1001.jpg,cardboard,paper_cardboard,train,standardized_256
data/raw/garbage_v2/standardized_256/cardboard/cardboard_1002.jpg,cardboard,paper_cardboard,train,standardized_256
data/raw/garbage_v2/standardized_256/cardboard/cardboard_1003.jpg,cardboard,paper_cardboard,train,standardized_256
data/raw/garbage_v2/standardized_256/cardboard/cardboard_1004.jpg,cardboard,paper_cardboard,train,standardized_256
data/raw/garbage_v2/standardized_256/cardboard/cardboard_1005.jpg,cardboard,paper_cardboard,train,standardized_256
data/raw/garbage_v2/standardized_256/cardboard/cardboard_1006.jpg,cardboard,paper_cardboard,train,standardized_256
data/raw/garbage_v2/standardized_256/cardboard/cardboard_1008.jpg,cardboard,paper_cardboard,train,standardized_256
data/raw/garbage_v2/standardized_256/cardboard/cardboard_101.jpg,cardboard,paper_cardboard,train,standardized_256
data/raw/garbage_v2/standardized_256/cardboard/cardboard_1010.jpg,cardboard,paper_cardboard,train,standardized_256
data/raw/garbage_v2/standardized_256/cardboard/cardboard_1013.jpg,cardboard,paper_cardboard,train,standardized_256
data/raw/garbage_v2/standardized_256/cardboard/cardboard_1014.jpg,cardboard,paper_cardboard,train,standardized_256
data/raw/garbage_v2/standardized_256/cardboard/cardboard_1015.jpg,cardboard,paper_cardboard,train,standardized_256
data/raw/garbage_v2/standardized_256/cardboard/cardboard_1016.jpg,cardboard,paper_cardboard,train,standardized_256
data/raw/garbage_v2/standardized_256/cardboard/cardboard_1017.jpg,cardboard,paper_cardboard,train,standardized_256
data/raw/garbage_v2/standardized_256/cardboard/cardboard_1018.jpg,cardboard,paper_cardboard,train,standardized_256
data/raw/garbage_v2/standardized_256/cardboard/cardboard_1019.jpg,cardboard,paper_cardboard,train,standardized_256
data/raw/garbage_v2/standardized_256/cardboard/cardboard_102.jpg,cardboard,paper_cardboard,train,standardized_256
data/raw/garbage_v2/standardized_256/cardboard/cardboard_1020.jpg,cardboard,paper_cardboard,train,standardized_256
data/raw/garbage_v2/standardized_256/cardboard/cardboard_1021.jpg,cardboard,paper_cardboard,train,standardized_256
data/raw/garbage_v2/standardized_256/cardboard/cardboard_1022.jpg,cardboard,paper_cardboard,train,standardized_256
data/raw/garbage_v2/standardized_256/cardboard/cardboard_1023.jpg,cardboard,paper_cardboard,train,standardized_256
data/raw/garbage_v2/standardized_256/cardboard/cardboard_1024.jpg,cardboard,paper_cardboard,train,standardized_256
data/raw/garbage_v2/standardized_256/cardboard/cardboard_1025.jpg,cardboard,paper_cardboard,train,standardized_256
data/raw/garbage_v2/standardized_256/cardboard/cardboard_1026.jpg,cardboard,paper_cardboard,train,standardized_256
data/raw/garbage_v2/standardized_256/cardboard/cardboard_1027.jpg,cardboard,paper_cardboard,train,standardized_256
data/raw/garbage_v2/standardized_256/cardboard/cardboard_1028.jpg,cardboard,paper_cardboard,train,standardized_256
data/raw/garbage_v2/standardized_256/cardboard/cardboard_1029.jpg,cardboard,paper_cardboard,train,standardized_256
data/raw/garbage_v2/standardized_256/cardboard/cardboard_103.jpg,cardboard,paper_cardboard,train,standardized_256
data/raw/garbage_v2/standardized_256/cardboard/cardboard_1030.jpg,cardboard,paper_cardboard,train,standardized_256
data/raw/garbage_v2/standardized_256/cardboard/cardboard_1033.jpg,cardboard,paper_cardboard,train,standardized_256
data/raw/garbage_v2/standardized_256/cardboard/cardboard_1034.jpg,cardboard,paper_cardboard,train,standardized_256
data/raw/garbage_v2/standardized_256/cardboard/cardboard_1035.jpg,cardboard,paper_cardboard,train,standardized_256
data/raw/garbage_v2/standardized_256/cardboard/cardboard_1037.jpg,cardboard,paper_cardboard,train,standardized_256
data/raw/garbage_v2/standardized_256/cardboard/cardboard_1038.jpg,cardboard,paper_cardboard,train,standardized_256
data/raw/garbage_v2/standardized_256/cardboard/cardboard_1039.jpg,cardboard,paper_cardboard,train,standardized_256
data/raw/garbage_v2/standardized_256/cardboard/cardboard_104.jpg,cardboard,paper_cardboard,train,standardized_256
data/raw/garbage_v2/standardized_256/cardboard/cardboard_1040.jpg,cardboard,paper_cardboard,train,standardized_256
data/raw/garbage_v2/standardized_256/cardboard/cardboard_1041.jpg,cardboard,paper_cardboard,train,standardized_256
data/raw/garbage_v2/standardized_256/cardboard/cardboard_1042.jpg,cardboard,paper_cardboard,train,standardized_256
data/raw/garbage_v2/standardized_256/cardboard/cardboard_1043.jpg,cardboard,paper_cardboard,train,standardized_256
data/raw/garbage_v2/standardized_256/cardboard/cardboard_1044.jpg,cardboard,paper_cardboard,train,standardized_256
data/raw/garbage_v2/standardized_256/cardboard/cardboard_1045.jpg,cardboard,paper_cardboard,train,standardized_256
data/raw/garbage_v2/standardized_256/cardboard/cardboard_1048.jpg,cardboard,paper_cardboard,train,standardized_256
data/raw/garbage_v2/standardized_256/cardboard/cardboard_1049.jpg,cardboard,paper_cardboard,train,standardized_256
data/raw/garbage_v2/standardized_256/cardboard/cardboard_1050.jpg,cardboard,paper_cardboard,train,standardized_256
data/raw/garbage_v2/standardized_256/cardboard/cardboard_1052.jpg,cardboard,paper_cardboard,train,standardized_256
data/raw/garbage_v2/standardized_256/cardboard/cardboard_1053.jpg,cardboard,paper_cardboard,train,standardized_256
data/raw/garbage_v2/standardized_256/cardboard/cardboard_1055.jpg,cardboard,paper_cardboard,train,standardized_256
data/raw/garbage_v2/standardized_256/cardboard/cardboard_1057.jpg,cardboard,paper_cardboard,train,standardized_256
data/raw/garbage_v2/standardized_256/cardboard/cardboard_1058.jpg,cardboard,paper_cardboard,train,standardized_256
data/raw/garbage_v2/standardized_256/cardboard/cardboard_1059.jpg,cardboard,paper_cardboard,train,standardized_256
data/raw/garbage_v2/standardized_256/cardboard/cardboard_106.jpg,cardboard,paper_cardboard,train,standardized_256
data/raw/garbage_v2/standardized_256/cardboard/cardboard_1061.jpg,cardboard,paper_cardboard,train,standardized_256
data/raw/garbage_v2/standardized_256/cardboard/cardboard_1062.jpg,cardboard,paper_cardboard,train,standardized_256
data/raw/garbage_v2/standardized_256/cardboard/cardboard_1063.jpg,cardboard,paper_cardboard,train,standardized_256
data/raw/garbage_v2/standardized_256/cardboard/cardboard_1064.jpg,cardboard,paper_cardboard,train,standardized_256
data/raw/garbage_v2/standardized_256/cardboard/cardboard_1065.jpg,cardboard,paper_cardboard,train,standardized_256
data/raw/garbage_v2/standardized_256/cardboard/cardboard_1066.jpg,cardboard,paper_cardboard,train,standardized_256
data/raw/garbage_v2/standardized_256/cardboard/cardboard_1067.jpg,cardboard,paper_cardboard,train,standardized_256
data/raw/garbage_v2/standardized_256/cardboard/cardboard_107.jpg,cardboard,paper_cardboard,train,standardized_256
data/raw/garbage_v2/standardized_256/cardboard/cardboard_1071.jpg,cardboard,paper_cardboard,train,standardized_256
data/raw/garbage_v2/standardized_256/cardboard/cardboard_1072.jpg,cardboard,paper_cardboard,train,standardized_256
data/raw/garbage_v2/standardized_256/cardboard/cardboard_1073.jpg,cardboard,paper_cardboard,train,standardized_256
data/raw/garbage_v2/standardized_256/cardboard/cardboard_1075.jpg,cardboard,paper_cardboard,train,standardized_256
data/raw/garbage_v2/standardized_256/cardboard/cardboard_1078.jpg,cardboard,paper_cardboard,train,standardized_256
data/raw/garbage_v2/standardized_256/cardboard/cardboard_108.jpg,cardboard,paper_cardboard,train,standardized_256
data/raw/garbage_v2/standardized_256/cardboard/cardboard_1080.jpg,cardboard,paper_cardboard,train,standardized_256
data/raw/garbage_v2/standardized_256/cardboard/cardboard_1081.jpg,cardboard,paper_cardboard,train,standardized_256
data/raw/garbage_v2/standardized_256/cardboard/cardboard_1083.jpg,cardboard,paper_cardboard,train,standardized_256
data/raw/garbage_v2/standardized_256/cardboard/cardboard_1084.jpg,cardboard,paper_cardboard,train,standardized_256
data/raw/garbage_v2/standardized_256/cardboard/cardboard_1085.jpg,cardboard,paper_cardboard,train,standardized_256
data/raw/garbage_v2/standardized_256/cardboard/cardboard_1087.jpg,cardboard,paper_cardboard,train,standardized_256
data/raw/garbage_v2/standardized_256/cardboard/cardboard_1088.jpg,cardboard,paper_cardboard,train,standardized_256
data/raw/garbage_v2/standardized_256/cardboard/cardboard_1089.jpg,cardboard,paper_cardboard,train,standardized_256
data/raw/garbage_v2/standardized_256/cardboard/cardboard_1090.jpg,cardboard,paper_cardboard,train,standardized_256
data/raw/garbage_v2/standardized_256/cardboard/cardboard_1091.jpg,cardboard,paper_cardboard,train,standardized_256
data/raw/garbage_v2/standardized_256/cardboard/cardboard_1092.jpg,cardboard,paper_cardboard,train,standardized_256
data/raw/garbage_v2/standardized_256/cardboard/cardboard_1096.jpg,cardboard,paper_cardboard,train,standardized_256
data/raw/garbage_v2/standardized_256/cardboard/cardboard_1098.jpg,cardboard,paper_cardboard,train,standardized_256
data/raw/garbage_v2/standardized_256/cardboard/cardboard_1099.jpg,cardboard,paper_cardboard,train,standardized_256
data/raw/garbage_v2/standardized_256/cardboard/cardboard_1100.jpg,cardboard,paper_cardboard,train,standardized_256
data/raw/garbage_v2/standardized_256/cardboard/cardboard_1103.jpg,cardboard,paper_cardboard,train,standardized_256
data/raw/garbage_v2/standardized_256/cardboard/cardboard_1104.jpg,cardboard,paper_cardboard,train,standardized_256
data/raw/garbage_v2/standardized_256/cardboard/cardboard_1105.jpg,cardboard,paper_cardboard,train,standardized_256
data/raw/garbage_v2/standardized_256/cardboard/cardboard_1106.jpg,cardboard,paper_cardboard,train,standardized_256
data/raw/garbage_v2/standardized_256/cardboard/cardboard_1107.jpg,cardboard,paper_cardboard,train,standardized_256
data/raw/garbage_v2/standardized_256/cardboard/cardboard_1109.jpg,cardboard,paper_cardboard,train,standardized_256
data/raw/garbage_v2/standardized_256/cardboard/cardboard_111.jpg,cardboard,paper_cardboard,train,standardized_256
data/raw/garbage_v2/standardized_256/cardboard/cardboard_1110.jpg,cardboard,paper_cardboard,train,standardized_256
data/raw/garbage_v2/standardized_256/cardboard/cardboard_1112.jpg,cardboard,paper_cardboard,train,standardized_256
data/raw/garbage_v2/standardized_256/cardboard/cardboard_1113.jpg,cardboard,paper_cardboard,train,standardized_256
data/raw/garbage_v2/standardized_256/cardboard/cardboard_1114.jpg,cardboard,paper_cardboard,train,standardized_256
data/raw/garbage_v2/standardized_256/cardboard/cardboard_1115.jpg,cardboard,paper_cardboard,train,standardized_256
data/raw/garbage_v2/standardized_256/cardboard/cardboard_1116.jpg,cardboard,paper_cardboard,train,standardized_256
data/raw/garbage_v2/standardized_256/cardboard/cardboard_1117.jpg,cardboard,paper_cardboard,train,standardized_256
data/raw/garbage_v2/standardized_256/cardboard/cardboard_1118.jpg,cardboard,paper_cardboard,train,standardized_256
data/raw/garbage_v2/standardized_256/cardboard/cardboard_112.jpg,cardboard,paper_cardboard,train,standardized_256
data/raw/garbage_v2/standardized_256/cardboard/cardboard_1120.jpg,cardboard,paper_cardboard,train,standardized_256
data/raw/garbage_v2/standardized_256/cardboard/cardboard_1122.jpg,cardboard,paper_cardboard,train,standardized_256
data/raw/garbage_v2/standardized_256/cardboard/cardboard_1124.jpg,cardboard,paper_cardboard,train,standardized_256
data/raw/garbage_v2/standardized_256/cardboard/cardboard_1125.jpg,cardboard,paper_cardboard,train,standardized_256
data/raw/garbage_v2/standardized_256/cardboard/cardboard_1127.jpg,cardboard,paper_cardboard,train,standardized_256
data/raw/garbage_v2/standardized_256/cardboard/cardboard_1128.jpg,cardboard,paper_cardboard,train,standardized_256
data/raw/garbage_v2/standardized_256/cardboard/cardboard_1129.jpg,cardboard,paper_cardboard,train,standardized_256
data/raw/garbage_v2/standardized_256/cardboard/cardboard_113.jpg,cardboard,paper_cardboard,train,standardized_256
data/raw/garbage_v2/standardized_256/cardboard/cardboard_1131.jpg,cardboard,paper_cardboard,train,standardized_256
data/raw/garbage_v2/standardized_256/cardboard/cardboard_1132.jpg,cardboard,paper_cardboard,train,standardized_256
data/raw/garbage_v2/standardized_256/cardboard/cardboard_1133.jpg,cardboard,paper_cardboard,train,standardized_256
data/raw/garbage_v2/standardized_256/cardboard/cardboard_1135.jpg,cardboard,paper_cardboard,train,standardized_256
data/raw/garbage_v2/standardized_256/cardboard/cardboard_1136.jpg,cardboard,paper_cardboard,train,standardized_256
data/raw/garbage_v2/standardized_256/cardboard/cardboard_1138.jpg,cardboard,paper_cardboard,train,standardized_256
data/raw/garbage_v2/standardized_256/cardboard/cardboard_1142.jpg,cardboard,paper_cardboard,train,standardized_256
data/raw/garbage_v2/standardized_256/cardboard/cardboard_1145.jpg,cardboard,paper_cardboard,train,standardized_256
data/raw/garbage_v2/standardized_256/cardboard/cardboard_1146.jpg,cardboard,paper_cardboard,train,standardized_256
data/raw/garbage_v2/standardized_256/cardboard/cardboard_1147.jpg,cardboard,paper_cardboard,train,standardized_256
data/raw/garbage_v2/standardized_256/cardboard/cardboard_115.jpg,cardboard,paper_cardboard,train,standardized_256
data/raw/garbage_v2/standardized_256/cardboard/cardboard_1150.jpg,cardboard,paper_cardboard,train,standardized_256
data/raw/garbage_v2/standardized_256/cardboard/cardboard_1151.jpg,cardboard,paper_cardboard,train,standardized_256
data/raw/garbage_v2/standardized_256/cardboard/cardboard_1156.jpg,cardboard,paper_cardboard,train,standardized_256
data/raw/garbage_v2/standardized_256/cardboard/cardboard_1157.jpg,cardboard,paper_cardboard,train,standardized_256
data/raw/garbage_v2/standardized_256/cardboard/cardboard_1158.jpg,cardboard,paper_cardboard,train,standardized_256
data/raw/garbage_v2/standardized_256/cardboard/cardboard_1159.jpg,cardboard,paper_cardboard,train,standardized_256
data/raw/garbage_v2/standardized_256/cardboard/cardboard_116.jpg,cardboard,paper_cardboard,train,standardized_256
data/raw/garbage_v2/standardized_256/cardboard/cardboard_1161.jpg,cardboard,paper_cardboard,train,standardized_256
data/raw/garbage_v2/standardized_256/cardboard/cardboard_1162.jpg,cardboard,paper_cardboard,train,standardized_256
data/raw/garbage_v2/standardized_256/cardboard/cardboard_1163.jpg,cardboard,paper_cardboard,train,standardized_256
data/raw/garbage_v2/standardized_256/cardboard/cardboard_1165.jpg,cardboard,paper_cardboard,train,standardized_256
data/raw/garbage_v2/standardized_256/cardboard/cardboard_1168.jpg,cardboard,paper_cardboard,train,standardized_256
data/raw/garbage_v2/standardized_256/cardboard/cardboard_1169.jpg,cardboard,paper_cardboard,train,standardized_256
data/raw/garbage_v2/standardized_256/cardboard/cardboard_1171.jpg,cardboard,paper_cardboard,train,standardized_256
data/raw/garbage_v2/standardized_256/cardboard/cardboard_1174.jpg,cardboard,paper_cardboard,train,standardized_256
data/raw/garbage_v2/standardized_256/cardboard/cardboard_1175.jpg,cardboard,paper_cardboard,train,standardized_256
data/raw/garbage_v2/standardized_256/cardboard/cardboard_1177.jpg,cardboard,paper_cardboard,train,standardized_256
data/raw/garbage_v2/standardized_256/cardboard/cardboard_1178.jpg,cardboard,paper_cardboard,train,standardized_256
data/raw/garbage_v2/standardized_256/cardboard/cardboard_1179.jpg,cardboard,paper_cardboard,train,standardized_256
data/raw/garbage_v2/standardized_256/cardboard/cardboard_118.jpg,cardboard,paper_cardboard,train,standardized_256
data/raw/garbage_v2/standardized_256/cardboard/cardboard_1181.jpg,cardboard,paper_cardboard,train,standardized_256
data/raw/garbage_v2/standardized_256/cardboard/cardboard_1182.jpg,cardboard,paper_cardboard,train,standardized_256
data/raw/garbage_v2/standardized_256/cardboard/cardboard_1183.jpg,cardboard,paper_cardboard,train,standardized_256
data/raw/garbage_v2/standardized_256/cardboard/cardboard_1184.jpg,cardboard,paper_cardboard,train,standardized_256
data/raw/garbage_v2/standardized_256/cardboard/cardboard_1186.jpg,cardboard,paper_cardboard,train,standardized_256
data/raw/garbage_v2/standardized_256/cardboard/cardboard_1187.jpg,cardboard,paper_cardboard,train,standardized_256
data/raw/garbage_v2/standardized_256/cardboard/cardboard_1190.jpg,cardboard,paper_cardboard,train,standardized_256
data/raw/garbage_v2/standardized_256/cardboard/cardboard_1191.jpg,cardboard,paper_cardboard,train,standardized_256
data/raw/garbage_v2/standardized_256/cardboard/cardboard_1192.jpg,cardboard,paper_cardboard,train,standardized_256
data/raw/garbage_v2/standardized_256/cardboard/cardboard_1194.jpg,cardboard,paper_cardboard,train,standardized_256
data/raw/garbage_v2/standardized_256/cardboard/cardboard_1195.jpg,cardboard,paper_cardboard,train,standardized_256
data/raw/garbage_v2/standardized_256/cardboard/cardboard_1196.jpg,cardboard,paper_cardboard,train,standardized_256
data/raw/garbage_v2/standardized_256/cardboard/cardboard_1197.jpg,cardboard,paper_cardboard,train,standardized_256
data/raw/garbage_v2/standardized_256/cardboard/cardboard_1199.jpg,cardboard,paper_cardboard,train,standardized_256
data/raw/garbage_v2/standardized_256/cardboard/cardboard_12.jpg,cardboard,paper_cardboard,train,standardized_256
data/raw/garbage_v2/standardized_256/cardboard/cardboard_120.jpg,cardboard,paper_cardboard,train,standardized_256
data/raw/garbage_v2/standardized_256/cardboard/cardboard_1200.jpg,cardboard,paper_cardboard,train,standardized_256
data/raw/garbage_v2/standardized_256/cardboard/cardboard_1201.jpg,cardboard,paper_cardboard,train,standardized_256
data/raw/garbage_v2/standardized_256/cardboard/cardboard_1203.jpg,cardboard,paper_cardboard,train,standardized_256
data/raw/garbage_v2/standardized_256/cardboard/cardboard_1204.jpg,cardboard,paper_cardboard,train,standardized_256
data/raw/garbage_v2/standardized_256/cardboard/cardboard_1205.jpg,cardboard,paper_cardboard,train,standardized_256
data/raw/garbage_v2/standardized_256/cardboard/cardboard_1206.jpg,cardboard,paper_cardboard,train,standardized_256
data/raw/garbage_v2/standardized_256/cardboard/cardboard_1207.jpg,cardboard,paper_cardboard,train,standardized_256
data/raw/garbage_v2/standardized_256/cardboard/cardboard_1209.jpg,cardboard,paper_cardboard,train,standardized_256
data/raw/garbage_v2/standardized_256/cardboard/cardboard_1210.jpg,cardboard,paper_cardboard,train,standardized_256
data/raw/garbage_v2/standardized_256/cardboard/cardboard_1211.jpg,cardboard,paper_cardboard,train,standardized_256
data/raw/garbage_v2/standardized_256/cardboard/cardboard_1212.jpg,cardboard,paper_cardboard,train,standardized_256
data/raw/garbage_v2/standardized_256/cardboard/cardboard_1213.jpg,cardboard,paper_cardboard,train,standardized_256
data/raw/garbage_v2/standardized_256/cardboard/cardboard_1214.jpg,cardboard,paper_cardboard,train,standardized_256
data/raw/garbage_v2/standardized_256/cardboard/cardboard_1215.jpg,cardboard,paper_cardboard,train,standardized_256
data/raw/garbage_v2/standardized_256/cardboard/cardboard_1216.jpg,cardboard,paper_cardboard,train,standardized_256
data/raw/garbage_v2/standardized_256/cardboard/cardboard_1217.jpg,cardboard,paper_cardboard,train,standardized_256
data/raw/garbage_v2/standardized_256/cardboard/cardboard_1218.jpg,cardboard,paper_cardboard,train,standardized_256
data/raw/garbage_v2/standardized_256/cardboard/cardboard_1221.jpg,cardboard,paper_cardboard,train,standardized_256
data/raw/garbage_v2/standardized_256/cardboard/cardboard_1224.jpg,cardboard,paper_cardboard,train,standardized_256
data/raw/garbage_v2/standardized_256/cardboard/cardboard_1225.jpg,cardboard,paper_cardboard,train,standardized_256
data/raw/garbage_v2/standardized_256/cardboard/cardboard_1226.jpg,cardboard,paper_cardboard,train,standardized_256
data/raw/garbage_v2/standardized_256/cardboard/cardboard_1227.jpg,cardboard,paper_cardboard,train,standardized_256
data/raw/garbage_v2/standardized_256/cardboard/cardboard_1229.jpg,cardboard,paper_cardboard,train,standardized_256
data/raw/garbage_v2/standardized_256/cardboard/cardboard_123.jpg,cardboard,paper_cardboard,train,standardized_256
data/raw/garbage_v2/standardized_256/cardboard/cardboard_1230.jpg,cardboard,paper_cardboard,train,standardized_256
data/raw/garbage_v2/standardized_256/cardboard/cardboard_1231.jpg,cardboard,paper_cardboard,train,standardized_256
data/raw/garbage_v2/standardized_256/cardboard/cardboard_1232.jpg,cardboard,paper_cardboard,train,standardized_256
data/raw/garbage_v2/standardized_256/cardboard/cardboard_1234.jpg,cardboard,paper_cardboard,train,standardized_256
data/raw/garbage_v2/standardized_256/cardboard/cardboard_1235.jpg,cardboard,paper_cardboard,train,standardized_256
data/raw/garbage_v2/standardized_256/cardboard/cardboard_1237.jpg,cardboard,paper_cardboard,train,standardized_256
data/raw/garbage_v2/standardized_256/cardboard/cardboard_1239.jpg,cardboard,paper_cardboard,train,standardized_256
data/raw/garbage_v2/standardized_256/cardboard/cardboard_1240.jpg,cardboard,paper_cardboard,train,standardized_256
data/raw/garbage_v2/standardized_256/cardboard/cardboard_1241.jpg,cardboard,paper_cardboard,train,standardized_256
data/raw/garbage_v2/standardized_256/cardboard/cardboard_1242.jpg,cardboard,paper_cardboard,train,standardized_256
data/raw/garbage_v2/standardized_256/cardboard/cardboard_1243.jpg,cardboard,paper_cardboard,train,standardized_256
data/raw/garbage_v2/standardized_256/cardboard/cardboard_1244.jpg,cardboard,paper_cardboard,train,standardized_256
data/raw/garbage_v2/standardized_256/cardboard/cardboard_1245.jpg,cardboard,paper_cardboard,train,standardized_256
data/raw/garbage_v2/standardized_256/cardboard/cardboard_1246.jpg,cardboard,paper_cardboard,train,standardized_256
data/raw/garbage_v2/standardized_256/cardboard/cardboard_1247.jpg,cardboard,paper_cardboard,train,standardized_256
data/raw/garbage_v2/standardized_256/cardboard/cardboard_1248.jpg,cardboard,paper_cardboard,train,standardized_256
data/raw/garbage_v2/standardized_256/cardboard/cardboard_1249.jpg,cardboard,paper_cardboard,train,standardized_256
data/raw/garbage_v2/standardized_256/cardboard/cardboard_125.jpg,cardboard,paper_cardboard,train,standardized_256
data/raw/garbage_v2/standardized_256/cardboard/cardboard_1250.jpg,cardboard,paper_cardboard,train,standardized_256
data/raw/garbage_v2/standardized_256/cardboard/cardboard_1252.jpg,cardboard,paper_cardboard,train,standardized_256
data/raw/garbage_v2/standardized_256/cardboard/cardboard_1255.jpg,cardboard,paper_cardboard,train,standardized_256
data/raw/garbage_v2/standardized_256/cardboard/cardboard_1256.jpg,cardboard,paper_cardboard,train,standardized_256
data/raw/garbage_v2/standardized_256/cardboard/cardboard_1257.jpg,cardboard,paper_cardboard,train,standardized_256
data/raw/garbage_v2/standardized_256/cardboard/cardboard_1258.jpg,cardboard,paper_cardboard,train,standardized_256
data/raw/garbage_v2/standardized_256/cardboard/cardboard_1260.jpg,cardboard,paper_cardboard,train,standardized_256
data/raw/garbage_v2/standardized_256/cardboard/cardboard_1261.jpg,cardboard,paper_cardboard,train,standardized_256
data/raw/garbage_v2/standardized_256/cardboard/cardboard_1263.jpg,cardboard,paper_cardboard,train,standardized_256
data/raw/garbage_v2/standardized_256/cardboard/cardboard_1264.jpg,cardboard,paper_cardboard,train,standardized_256
data/raw/garbage_v2/standardized_256/cardboard/cardboard_1265.jpg,cardboard,paper_cardboard,train,standardized_256
data/raw/garbage_v2/standardized_256/cardboard/cardboard_1266.jpg,cardboard,paper_cardboard,train,standardized_256
data/raw/garbage_v2/standardized_256/cardboard/cardboard_1269.jpg,cardboard,paper_cardboard,train,standardized_256
data/raw/garbage_v2/standardized_256/cardboard/cardboard_1271.jpg,cardboard,paper_cardboard,train,standardized_256
data/raw/garbage_v2/standardized_256/cardboard/cardboard_1272.jpg,cardboard,paper_cardboard,train,standardized_256
data/raw/garbage_v2/standardized_256/cardboard/cardboard_1273.jpg,cardboard,paper_cardboard,train,standardized_256
data/raw/garbage_v2/standardized_256/cardboard/cardboard_1278.jpg,cardboard,paper_cardboard,train,standardized_256
data/raw/garbage_v2/standardized_256/cardboard/cardboard_1279.jpg,cardboard,paper_cardboard,train,standardized_256
data/raw/garbage_v2/standardized_256/cardboard/cardboard_1281.jpg,cardboard,paper_cardboard,train,standardized_256
data/raw/garbage_v2/standardized_256/cardboard/cardboard_1286.jpg,cardboard,paper_cardboard,train,standardized_256
data/raw/garbage_v2/standardized_256/cardboard/cardboard_1287.jpg,cardboard,paper_cardboard,train,standardized_256
data/raw/garbage_v2/standardized_256/cardboard/cardboard_1288.jpg,cardboard,paper_cardboard,train,standardized_256
data/raw/garbage_v2/standardized_256/cardboard/cardboard_129.jpg,cardboard,paper_cardboard,train,standardized_256
data/raw/garbage_v2/standardized_256/cardboard/cardboard_1290.jpg,cardboard,paper_cardboard,train,standardized_256
data/raw/garbage_v2/standardized_256/cardboard/cardboard_1292.jpg,cardboard,paper_cardboard,train,standardized_256
data/raw/garbage_v2/standardized_256/cardboard/cardboard_1293.jpg,cardboard,paper_cardboard,train,standardized_256
data/raw/garbage_v2/standardized_256/cardboard/cardboard_1295.jpg,cardboard,paper_cardboard,train,standardized_256
data/raw/garbage_v2/standardized_256/cardboard/cardboard_1296.jpg,cardboard,paper_cardboard,train,standardized_256
data/raw/garbage_v2/standardized_256/cardboard/cardboard_1299.jpg,cardboard,paper_cardboard,train,standardized_256
data/raw/garbage_v2/standardized_256/cardboard/cardboard_13.jpg,cardboard,paper_cardboard,train,standardized_256
data/raw/garbage_v2/standardized_256/cardboard/cardboard_130.jpg,cardboard,paper_cardboard,train,standardized_256
data/raw/garbage_v2/standardized_256/cardboard/cardboard_1300.jpg,cardboard,paper_cardboard,train,standardized_256
data/raw/garbage_v2/standardized_256/cardboard/cardboard_1301.jpg,cardboard,paper_cardboard,train,standardized_256
data/raw/garbage_v2/standardized_256/cardboard/cardboard_1302.jpg,cardboard,paper_cardboard,train,standardized_256
data/raw/garbage_v2/standardized_256/cardboard/cardboard_1304.jpg,cardboard,paper_cardboard,train,standardized_256
data/raw/garbage_v2/standardized_256/cardboard/cardboard_1305.jpg,cardboard,paper_cardboard,train,standardized_256
data/raw/garbage_v2/standardized_256/cardboard/cardboard_1306.jpg,cardboard,paper_cardboard,train,standardized_256
data/raw/garbage_v2/standardized_256/cardboard/cardboard_1307.jpg,cardboard,paper_cardboard,train,standardized_256
data/raw/garbage_v2/standardized_256/cardboard/cardboard_1309.jpg,cardboard,paper_cardboard,train,standardized_256
data/raw/garbage_v2/standardized_256/cardboard/cardboard_131.jpg,cardboard,paper_cardboard,train,standardized_256
data/raw/garbage_v2/standardized_256/cardboard/cardboard_1310.jpg,cardboard,paper_cardboard,train,standardized_256
data/raw/garbage_v2/standardized_256/cardboard/cardboard_1311.jpg,cardboard,paper_cardboard,train,standardized_256
data/raw/garbage_v2/standardized_256/cardboard/cardboard_1312.jpg,cardboard,paper_cardboard,train,standardized_256
data/raw/garbage_v2/standardized_256/cardboard/cardboard_1313.jpg,cardboard,paper_cardboard,train,standardized_256
data/raw/garbage_v2/standardized_256/cardboard/cardboard_1315.jpg,cardboard,paper_cardboard,train,standardized_256
data/raw/garbage_v2/standardized_256/cardboard/cardboard_1317.jpg,cardboard,paper_cardboard,train,standardized_256
data/raw/garbage_v2/standardized_256/cardboard/cardboard_1319.jpg,cardboard,paper_cardboard,train,standardized_256
data/raw/garbage_v2/standardized_256/cardboard/cardboard_132.jpg,cardboard,paper_cardboard,train,standardized_256
data/raw/garbage_v2/standardized_256/cardboard/cardboard_1320.jpg,cardboard,paper_cardboard,train,standardized_256
data/raw/garbage_v2/standardized_256/cardboard/cardboard_1322.jpg,cardboard,paper_cardboard,train,standardized_256
data/raw/garbage_v2/standardized_256/cardboard/cardboard_1325.jpg,cardboard,paper_cardboard,train,standardized_256
data/raw/garbage_v2/standardized_256/cardboard/cardboard_1326.jpg,cardboard,paper_cardboard,train,standardized_256
data/raw/garbage_v2/standardized_256/cardboard/cardboard_1327.jpg,cardboard,paper_cardboard,train,standardized_256
data/raw/garbage_v2/standardized_256/cardboard/cardboard_1328.jpg,cardboard,paper_cardboard,train,standardized_256
data/raw/garbage_v2/standardized_256/cardboard/cardboard_1329.jpg,cardboard,paper_cardboard,train,standardized_256
data/raw/garbage_v2/standardized_256/cardboard/cardboard_133.jpg,cardboard,paper_cardboard,train,standardized_256
data/raw/garbage_v2/standardized_256/cardboard/cardboard_1333.jpg,cardboard,paper_cardboard,train,standardized_256
data/raw/garbage_v2/standardized_256/cardboard/cardboard_1334.jpg,cardboard,paper_cardboard,train,standardized_256
data/raw/garbage_v2/standardized_256/cardboard/cardboard_1335.jpg,cardboard,paper_cardboard,train,standardized_256
data/raw/garbage_v2/standardized_256/cardboard/cardboard_1336.jpg,cardboard,paper_cardboard,train,standardized_256
data/raw/garbage_v2/standardized_256/cardboard/cardboard_1337.jpg,cardboard,paper_cardboard,train,standardized_256
data/raw/garbage_v2/standardized_256/cardboard/cardboard_1338.jpg,cardboard,paper_cardboard,train,standardized_256
data/raw/garbage_v2/standardized_256/cardboard/cardboard_1339.jpg,cardboard,paper_cardboard,train,standardized_256
data/raw/garbage_v2/standardized_256/cardboard/cardboard_134.jpg,cardboard,paper_cardboard,train,standardized_256
data/raw/garbage_v2/standardized_256/cardboard/cardboard_1340.jpg,cardboard,paper_cardboard,train,standardized_256
data/raw/garbage_v2/standardized_256/cardboard/cardboard_1341.jpg,cardboard,paper_cardboard,train,standardized_256
data/raw/garbage_v2/standardized_256/cardboard/cardboard_1342.jpg,cardboard,paper_cardboard,train,standardized_256
data/raw/garbage_v2/standardized_256/cardboard/cardboard_1343.jpg,cardboard,paper_cardboard,train,standardized_256
data/raw/garbage_v2/standardized_256/cardboard/cardboard_1344.jpg,cardboard,paper_cardboard,train,standardized_256
data/raw/garbage_v2/standardized_256/cardboard/cardboard_1346.jpg,cardboard,paper_cardboard,train,standardized_256
data/raw/garbage_v2/standardized_256/cardboard/cardboard_1347.jpg,cardboard,paper_cardboard,train,standardized_256
data/raw/garbage_v2/standardized_256/cardboard/cardboard_1348.jpg,cardboard,paper_cardboard,train,standardized_256
data/raw/garbage_v2/standardized_256/cardboard/cardboard_1349.jpg,cardboard,paper_cardboard,train,standardized_256
data/raw/garbage_v2/standardized_256/cardboard/cardboard_135.jpg,cardboard,paper_cardboard,train,standardized_256
data/raw/garbage_v2/standardized_256/cardboard/cardboard_1350.jpg,cardboard,paper_cardboard,train,standardized_256
data/raw/garbage_v2/standardized_256/cardboard/cardboard_1351.jpg,cardboard,paper_cardboard,train,standardized_256
data/raw/garbage_v2/standardized_256/cardboard/cardboard_1353.jpg,cardboard,paper_cardboard,train,standardized_256
data/raw/garbage_v2/standardized_256/cardboard/cardboard_1354.jpg,cardboard,paper_cardboard,train,standardized_256
data/raw/garbage_v2/standardized_256/cardboard/cardboard_1355.jpg,cardboard,paper_cardboard,train,standardized_256
data/raw/garbage_v2/standardized_256/cardboard/cardboard_1357.jpg,cardboard,paper_cardboard,train,standardized_256
data/raw/garbage_v2/standardized_256/cardboard/cardboard_1358.jpg,cardboard,paper_cardboard,train,standardized_256
data/raw/garbage_v2/standardized_256/cardboard/cardboard_1359.jpg,cardboard,paper_cardboard,train,standardized_256
data/raw/garbage_v2/standardized_256/cardboard/cardboard_136.jpg,cardboard,paper_cardboard,train,standardized_256
data/raw/garbage_v2/standardized_256/cardboard/cardboard_1360.jpg,cardboard,paper_cardboard,train,standardized_256
data/raw/garbage_v2/standardized_256/cardboard/cardboard_1361.jpg,cardboard,paper_cardboard,train,standardized_256
data/raw/garbage_v2/standardized_256/cardboard/cardboard_1363.jpg,cardboard,paper_cardboard,train,standardized_256
data/raw/garbage_v2/standardized_256/cardboard/cardboard_1364.jpg,cardboard,paper_cardboard,train,standardized_256
data/raw/garbage_v2/standardized_256/cardboard/cardboard_1365.jpg,cardboard,paper_cardboard,train,standardized_256
data/raw/garbage_v2/standardized_256/cardboard/cardboard_1367.jpg,cardboard,paper_cardboard,train,standardized_256
data/raw/garbage_v2/standardized_256/cardboard/cardboard_1368.jpg,cardboard,paper_cardboard,train,standardized_256
data/raw/garbage_v2/standardized_256/cardboard/cardboard_1369.jpg,cardboard,paper_cardboard,train,standardized_256
data/raw/garbage_v2/standardized_256/cardboard/cardboard_137.jpg,cardboard,paper_cardboard,train,standardized_256
data/raw/garbage_v2/standardized_256/cardboard/cardboard_1370.jpg,cardboard,paper_cardboard,train,standardized_256
data/raw/garbage_v2/standardized_256/cardboard/cardboard_1371.jpg,cardboard,paper_cardboard,train,standardized_256
data/raw/garbage_v2/standardized_256/cardboard/cardboard_1372.jpg,cardboard,paper_cardboard,train,standardized_256
data/raw/garbage_v2/standardized_256/cardboard/cardboard_1373.jpg,cardboard,paper_cardboard,train,standardized_256
data/raw/garbage_v2/standardized_256/cardboard/cardboard_1374.jpg,cardboard,paper_cardboard,train,standardized_256
data/raw/garbage_v2/standardized_256/cardboard/cardboard_1376.jpg,cardboard,paper_cardboard,train,standardized_256
data/raw/garbage_v2/standardized_256/cardboard/cardboard_1377.jpg,cardboard,paper_cardboard,train,standardized_256
data/raw/garbage_v2/standardized_256/cardboard/cardboard_1378.jpg,cardboard,paper_cardboard,train,standardized_256
data/raw/garbage_v2/standardized_256/cardboard/cardboard_1379.jpg,cardboard,paper_cardboard,train,standardized_256
data/raw/garbage_v2/standardized_256/cardboard/cardboard_138.jpg,cardboard,paper_cardboard,train,standardized_256
data/raw/garbage_v2/standardized_256/cardboard/cardboard_1380.jpg,cardboard,paper_cardboard,train,standardized_256
data/raw/garbage_v2/standardized_256/cardboard/cardboard_1381.jpg,cardboard,paper_cardboard,train,standardized_256
data/raw/garbage_v2/standardized_256/cardboard/cardboard_1383.jpg,cardboard,paper_cardboard,train,standardized_256
data/raw/garbage_v2/standardized_256/cardboard/cardboard_1384.jpg,cardboard,paper_cardboard,train,standardized_256
data/raw/garbage_v2/standardized_256/cardboard/cardboard_1386.jpg,cardboard,paper_cardboard,train,standardized_256
data/raw/garbage_v2/standardized_256/cardboard/cardboard_1387.jpg,cardboard,paper_cardboard,train,standardized_256
data/raw/garbage_v2/standardized_256/cardboard/cardboard_1389.jpg,cardboard,paper_cardboard,train,standardized_256
data/raw/garbage_v2/standardized_256/cardboard/cardboard_139.jpg,cardboard,paper_cardboard,train,standardized_256
data/raw/garbage_v2/standardized_256/cardboard/cardboard_1391.jpg,cardboard,paper_cardboard,train,standardized_256
data/raw/garbage_v2/standardized_256/cardboard/cardboard_1392.jpg,cardboard,paper_cardboard,train,standardized_256
data/raw/garbage_v2/standardized_256/cardboard/cardboard_1397.jpg,cardboard,paper_cardboard,train,standardized_256
data/raw/garbage_v2/standardized_256/cardboard/cardboard_1398.jpg,cardboard,paper_cardboard,train,standardized_256
data/raw/garbage_v2/standardized_256/cardboard/cardboard_1399.jpg,cardboard,paper_cardboard,train,standardized_256
data/raw/garbage_v2/standardized_256/cardboard/cardboard_14.jpg,cardboard,paper_cardboard,train,standardized_256
data/raw/garbage_v2/standardized_256/cardboard/cardboard_140.jpg,cardboard,paper_cardboard,train,standardized_256
data/raw/garbage_v2/standardized_256/cardboard/cardboard_1400.jpg,cardboard,paper_cardboard,train,standardized_256
data/raw/garbage_v2/standardized_256/cardboard/cardboard_1401.jpg,cardboard,paper_cardboard,train,standardized_256
data/raw/garbage_v2/standardized_256/cardboard/cardboard_1402.jpg,cardboard,paper_cardboard,train,standardized_256
data/raw/garbage_v2/standardized_256/cardboard/cardboard_1403.jpg,cardboard,paper_cardboard,train,standardized_256
data/raw/garbage_v2/standardized_256/cardboard/cardboard_1405.jpg,cardboard,paper_cardboard,train,standardized_256
data/raw/garbage_v2/standardized_256/cardboard/cardboard_1408.jpg,cardboard,paper_cardboard,train,standardized_256
data/raw/garbage_v2/standardized_256/cardboard/cardboard_1409.jpg,cardboard,paper_cardboard,train,standardized_256
data/raw/garbage_v2/standardized_256/cardboard/cardboard_141.jpg,cardboard,paper_cardboard,train,standardized_256
data/raw/garbage_v2/standardized_256/cardboard/cardboard_1410.jpg,cardboard,paper_cardboard,train,standardized_256
data/raw/garbage_v2/standardized_256/cardboard/cardboard_142.jpg,cardboard,paper_cardboard,train,standardized_256
data/raw/garbage_v2/standardized_256/cardboard/cardboard_143.jpg,cardboard,paper_cardboard,train,standardized_256
data/raw/garbage_v2/standardized_256/cardboard/cardboard_144.jpg,cardboard,paper_cardboard,train,standardized_256
data/raw/garbage_v2/standardized_256/cardboard/cardboard_146.jpg,cardboard,paper_cardboard,train,standardized_256
data/raw/garbage_v2/standardized_256/cardboard/cardboard_147.jpg,cardboard,paper_cardboard,train,standardized_256
data/raw/garbage_v2/standardized_256/cardboard/cardboard_148.jpg,cardboard,paper_cardboard,train,standardized_256
data/raw/garbage_v2/standardized_256/cardboard/cardboard_149.jpg,cardboard,paper_cardboard,train,standardized_256
data/raw/garbage_v2/standardized_256/cardboard/cardboard_150.jpg,cardboard,paper_cardboard,train,standardized_256
data/raw/garbage_v2/standardized_256/cardboard/cardboard_151.jpg,cardboard,paper_cardboard,train,standardized_256
data/raw/garbage_v2/standardized_256/cardboard/cardboard_153.jpg,cardboard,paper_cardboard,train,standardized_256
data/raw/garbage_v2/standardized_256/cardboard/cardboard_154.jpg,cardboard,paper_cardboard,train,standardized_256
data/raw/garbage_v2/standardized_256/cardboard/cardboard_155.jpg,cardboard,paper_cardboard,train,standardized_256
data/raw/garbage_v2/standardized_256/cardboard/cardboard_156.jpg,cardboard,paper_cardboard,train,standardized_256
data/raw/garbage_v2/standardized_256/cardboard/cardboard_157.jpg,cardboard,paper_cardboard,train,standardized_256
data/raw/garbage_v2/standardized_256/cardboard/cardboard_158.jpg,cardboard,paper_cardboard,train,standardized_256
data/raw/garbage_v2/standardized_256/cardboard/cardboard_159.jpg,cardboard,paper_cardboard,train,standardized_256
data/raw/garbage_v2/standardized_256/cardboard/cardboard_160.jpg,cardboard,paper_cardboard,train,standardized_256
data/raw/garbage_v2/standardized_256/cardboard/cardboard_161.jpg,cardboard,paper_cardboard,train,standardized_256
data/raw/garbage_v2/standardized_256/cardboard/cardboard_164.jpg,cardboard,paper_cardboard,train,standardized_256
data/raw/garbage_v2/standardized_256/cardboard/cardboard_165.jpg,cardboard,paper_cardboard,train,standardized_256
data/raw/garbage_v2/standardized_256/cardboard/cardboard_167.jpg,cardboard,paper_cardboard,train,standardized_256
data/raw/garbage_v2/standardized_256/cardboard/cardboard_17.jpg,cardboard,paper_cardboard,train,standardized_256
data/raw/garbage_v2/standardized_256/cardboard/cardboard_170.jpg,cardboard,paper_cardboard,train,standardized_256
data/raw/garbage_v2/standardized_256/cardboard/cardboard_171.jpg,cardboard,paper_cardboard,train,standardized_256
data/raw/garbage_v2/standardized_256/cardboard/cardboard_172.jpg,cardboard,paper_cardboard,train,standardized_256
data/raw/garbage_v2/standardized_256/cardboard/cardboard_173.jpg,cardboard,paper_cardboard,train,standardized_256
data/raw/garbage_v2/standardized_256/cardboard/cardboard_174.jpg,cardboard,paper_cardboard,train,standardized_256
data/raw/garbage_v2/standardized_256/cardboard/cardboard_175.jpg,cardboard,paper_cardboard,train,standardized_256
data/raw/garbage_v2/standardized_256/cardboard/cardboard_176.jpg,cardboard,paper_cardboard,train,standardized_256
data/raw/garbage_v2/standardized_256/cardboard/cardboard_178.jpg,cardboard,paper_cardboard,train,standardized_256
data/raw/garbage_v2/standardized_256/cardboard/cardboard_179.jpg,cardboard,paper_cardboard,train,standardized_256
data/raw/garbage_v2/standardized_256/cardboard/cardboard_18.jpg,cardboard,paper_cardboard,train,standardized_256
data/raw/garbage_v2/standardized_256/cardboard/cardboard_180.jpg,cardboard,paper_cardboard,train,standardized_256
data/raw/garbage_v2/standardized_256/cardboard/cardboard_181.jpg,cardboard,paper_cardboard,train,standardized_256
data/raw/garbage_v2/standardized_256/cardboard/cardboard_182.jpg,cardboard,paper_cardboard,train,standardized_256
data/raw/garbage_v2/standardized_256/cardboard/cardboard_183.jpg,cardboard,paper_cardboard,train,standardized_256
data/raw/garbage_v2/standardized_256/cardboard/cardboard_184.jpg,cardboard,paper_cardboard,train,standardized_256
data/raw/garbage_v2/standardized_256/cardboard/cardboard_186.jpg,cardboard,paper_cardboard,train,standardized_256
data/raw/garbage_v2/standardized_256/cardboard/cardboard_187.jpg,cardboard,paper_cardboard,train,standardized_256
data/raw/garbage_v2/standardized_256/cardboard/cardboard_188.jpg,cardboard,paper_cardboard,train,standardized_256
data/raw/garbage_v2/standardized_256/cardboard/cardboard_190.jpg,cardboard,paper_cardboard,train,standardized_256
data/raw/garbage_v2/standardized_256/cardboard/cardboard_191.jpg,cardboard,paper_cardboard,train,standardized_256
data/raw/garbage_v2/standardized_256/cardboard/cardboard_192.jpg,cardboard,paper_cardboard,train,standardized_256
data/raw/garbage_v2/standardized_256/cardboard/cardboard_194.jpg,cardboard,paper_cardboard,train,standardized_256
data/raw/garbage_v2/standardized_256/cardboard/cardboard_195.jpg,cardboard,paper_cardboard,train,standardized_256
data/raw/garbage_v2/standardized_256/cardboard/cardboard_196.jpg,cardboard,paper_cardboard,train,standardized_256
data/raw/garbage_v2/standardized_256/cardboard/cardboard_197.jpg,cardboard,paper_cardboard,train,standardized_256
data/raw/garbage_v2/standardized_256/cardboard/cardboard_198.jpg,cardboard,paper_cardboard,train,standardized_256
data/raw/garbage_v2/standardized_256/cardboard/cardboard_200.jpg,cardboard,paper_cardboard,train,standardized_256
data/raw/garbage_v2/standardized_256/cardboard/cardboard_201.jpg,cardboard,paper_cardboard,train,standardized_256
data/raw/garbage_v2/standardized_256/cardboard/cardboard_203.jpg,cardboard,paper_cardboard,train,standardized_256
data/raw/garbage_v2/standardized_256/cardboard/cardboard_204.jpg,cardboard,paper_cardboard,train,standardized_256
data/raw/garbage_v2/standardized_256/cardboard/cardboard_205.jpg,cardboard,paper_cardboard,train,standardized_256
data/raw/garbage_v2/standardized_256/cardboard/cardboard_206.jpg,cardboard,paper_cardboard,train,standardized_256
data/raw/garbage_v2/standardized_256/cardboard/cardboard_207.jpg,cardboard,paper_cardboard,train,standardized_256
data/raw/garbage_v2/standardized_256/cardboard/cardboard_208.jpg,cardboard,paper_cardboard,train,standardized_256
data/raw/garbage_v2/standardized_256/cardboard/cardboard_209.jpg,cardboard,paper_cardboard,train,standardized_256
data/raw/garbage_v2/standardized_256/cardboard/cardboard_21.jpg,cardboard,paper_cardboard,train,standardized_256
data/raw/garbage_v2/standardized_256/cardboard/cardboard_211.jpg,cardboard,paper_cardboard,train,standardized_256
data/raw/garbage_v2/standardized_256/cardboard/cardboard_213.jpg,cardboard,paper_cardboard,train,standardized_256
data/raw/garbage_v2/standardized_256/cardboard/cardboard_214.jpg,cardboard,paper_cardboard,train,standardized_256
data/raw/garbage_v2/standardized_256/cardboard/cardboard_215.jpg,cardboard,paper_cardboard,train,standardized_256
data/raw/garbage_v2/standardized_256/cardboard/cardboard_216.jpg,cardboard,paper_cardboard,train,standardized_256
data/raw/garbage_v2/standardized_256/cardboard/cardboard_217.jpg,cardboard,paper_cardboard,train,standardized_256
data/raw/garbage_v2/standardized_256/cardboard/cardboard_218.jpg,cardboard,paper_cardboard,train,standardized_256
data/raw/garbage_v2/standardized_256/cardboard/cardboard_219.jpg,cardboard,paper_cardboard,train,standardized_256
data/raw/garbage_v2/standardized_256/cardboard/cardboard_22.jpg,cardboard,paper_cardboard,train,standardized_256
data/raw/garbage_v2/standardized_256/cardboard/cardboard_222.jpg,cardboard,paper_cardboard,train,standardized_256
data/raw/garbage_v2/standardized_256/cardboard/cardboard_223.jpg,cardboard,paper_cardboard,train,standardized_256
data/raw/garbage_v2/standardized_256/cardboard/cardboard_224.jpg,cardboard,paper_cardboard,train,standardized_256
data/raw/garbage_v2/standardized_256/cardboard/cardboard_225.jpg,cardboard,paper_cardboard,train,standardized_256
data/raw/garbage_v2/standardized_256/cardboard/cardboard_226.jpg,cardboard,paper_cardboard,train,standardized_256
data/raw/garbage_v2/standardized_256/cardboard/cardboard_227.jpg,cardboard,paper_cardboard,train,standardized_256
data/raw/garbage_v2/standardized_256/cardboard/cardboard_228.jpg,cardboard,paper_cardboard,train,standardized_256
data/raw/garbage_v2/standardized_256/cardboard/cardboard_229.jpg,cardboard,paper_cardboard,train,standardized_256
data/raw/garbage_v2/standardized_256/cardboard/cardboard_232.jpg,cardboard,paper_cardboard,train,standardized_256
data/raw/garbage_v2/standardized_256/cardboard/cardboard_233.jpg,cardboard,paper_cardboard,train,standardized_256
data/raw/garbage_v2/standardized_256/cardboard/cardboard_235.jpg,cardboard,paper_cardboard,train,standardized_256
data/raw/garbage_v2/standardized_256/cardboard/cardboard_236.jpg,cardboard,paper_cardboard,train,standardized_256
data/raw/garbage_v2/standardized_256/cardboard/cardboard_237.jpg,cardboard,paper_cardboard,train,standardized_256
data/raw/garbage_v2/standardized_256/cardboard/cardboard_238.jpg,cardboard,paper_cardboard,train,standardized_256
data/raw/garbage_v2/standardized_256/cardboard/cardboard_239.jpg,cardboard,paper_cardboard,train,standardized_256
data/raw/garbage_v2/standardized_256/cardboard/cardboard_24.jpg,cardboard,paper_cardboard,train,standardized_256
data/raw/garbage_v2/standardized_256/cardboard/cardboard_240.jpg,cardboard,paper_cardboard,train,standardized_256
data/raw/garbage_v2/standardized_256/cardboard/cardboard_242.jpg,cardboard,paper_cardboard,train,standardized_256
data/raw/garbage_v2/standardized_256/cardboard/cardboard_243.jpg,cardboard,paper_cardboard,train,standardized_256
data/raw/garbage_v2/standardized_256/cardboard/cardboard_244.jpg,cardboard,paper_cardboard,train,standardized_256
data/raw/garbage_v2/standardized_256/cardboard/cardboard_245.jpg,cardboard,paper_cardboard,train,standardized_256
data/raw/garbage_v2/standardized_256/cardboard/cardboard_246.jpg,cardboard,paper_cardboard,train,standardized_256
data/raw/garbage_v2/standardized_256/cardboard/cardboard_247.jpg,cardboard,paper_cardboard,train,standardized_256
data/raw/garbage_v2/standardized_256/cardboard/cardboard_249.jpg,cardboard,paper_cardboard,train,standardized_256
data/raw/garbage_v2/standardized_256/cardboard/cardboard_252.jpg,cardboard,paper_cardboard,train,standardized_256
data/raw/garbage_v2/standardized_256/cardboard/cardboard_255.jpg,cardboard,paper_cardboard,train,standardized_256
data/raw/garbage_v2/standardized_256/cardboard/cardboard_256.jpg,cardboard,paper_cardboard,train,standardized_256
data/raw/garbage_v2/standardized_256/cardboard/cardboard_260.jpg,cardboard,paper_cardboard,train,standardized_256
data/raw/garbage_v2/standardized_256/cardboard/cardboard_262.jpg,cardboard,paper_cardboard,train,standardized_256
data/raw/garbage_v2/standardized_256/cardboard/cardboard_263.jpg,cardboard,paper_cardboard,train,standardized_256
data/raw/garbage_v2/standardized_256/cardboard/cardboard_264.jpg,cardboard,paper_cardboard,train,standardized_256
data/raw/garbage_v2/standardized_256/cardboard/cardboard_265.jpg,cardboard,paper_cardboard,train,standardized_256
data/raw/garbage_v2/standardized_256/cardboard/cardboard_266.jpg,cardboard,paper_cardboard,train,standardized_256
data/raw/garbage_v2/standardized_256/cardboard/cardboard_267.jpg,cardboard,paper_cardboard,train,standardized_256
data/raw/garbage_v2/standardized_256/cardboard/cardboard_268.jpg,cardboard,paper_cardboard,train,standardized_256
data/raw/garbage_v2/standardized_256/cardboard/cardboard_269.jpg,cardboard,paper_cardboard,train,standardized_256
data/raw/garbage_v2/standardized_256/cardboard/cardboard_27.jpg,cardboard,paper_cardboard,train,standardized_256
data/raw/garbage_v2/standardized_256/cardboard/cardboard_270.jpg,cardboard,paper_cardboard,train,standardized_256
data/raw/garbage_v2/standardized_256/cardboard/cardboard_271.jpg,cardboard,paper_cardboard,train,standardized_256
data/raw/garbage_v2/standardized_256/cardboard/cardboard_272.jpg,cardboard,paper_cardboard,train,standardized_256
data/raw/garbage_v2/standardized_256/cardboard/cardboard_274.jpg,cardboard,paper_cardboard,train,standardized_256
data/raw/garbage_v2/standardized_256/cardboard/cardboard_275.jpg,cardboard,paper_cardboard,train,standardized_256
data/raw/garbage_v2/standardized_256/cardboard/cardboard_276.jpg,cardboard,paper_cardboard,train,standardized_256
data/raw/garbage_v2/standardized_256/cardboard/cardboard_277.jpg,cardboard,paper_cardboard,train,standardized_256
data/raw/garbage_v2/standardized_256/cardboard/cardboard_278.jpg,cardboard,paper_cardboard,train,standardized_256
data/raw/garbage_v2/standardized_256/cardboard/cardboard_28.jpg,cardboard,paper_cardboard,train,standardized_256
data/raw/garbage_v2/standardized_256/cardboard/cardboard_280.jpg,cardboard,paper_cardboard,train,standardized_256
data/raw/garbage_v2/standardized_256/cardboard/cardboard_281.jpg,cardboard,paper_cardboard,train,standardized_256
data/raw/garbage_v2/standardized_256/cardboard/cardboard_282.jpg,cardboard,paper_cardboard,train,standardized_256
data/raw/garbage_v2/standardized_256/cardboard/cardboard_285.jpg,cardboard,paper_cardboard,train,standardized_256
data/raw/garbage_v2/standardized_256/cardboard/cardboard_286.jpg,cardboard,paper_cardboard,train,standardized_256
data/raw/garbage_v2/standardized_256/cardboard/cardboard_288.jpg,cardboard,paper_cardboard,train,standardized_256
data/raw/garbage_v2/standardized_256/cardboard/cardboard_289.jpg,cardboard,paper_cardboard,train,standardized_256
data/raw/garbage_v2/standardized_256/cardboard/cardboard_29.jpg,cardboard,paper_cardboard,train,standardized_256
data/raw/garbage_v2/standardized_256/cardboard/cardboard_290.jpg,cardboard,paper_cardboard,train,standardized_256
data/raw/garbage_v2/standardized_256/cardboard/cardboard_291.jpg,cardboard,paper_cardboard,train,standardized_256
data/raw/garbage_v2/standardized_256/cardboard/cardboard_292.jpg,cardboard,paper_cardboard,train,standardized_256
data/raw/garbage_v2/standardized_256/cardboard/cardboard_293.jpg,cardboard,paper_cardboard,train,standardized_256
data/raw/garbage_v2/standardized_256/cardboard/cardboard_294.jpg,cardboard,paper_cardboard,train,standardized_256
data/raw/garbage_v2/standardized_256/cardboard/cardboard_296.jpg,cardboard,paper_cardboard,train,standardized_256
data/raw/garbage_v2/standardized_256/cardboard/cardboard_300.jpg,cardboard,paper_cardboard,train,standardized_256
data/raw/garbage_v2/standardized_256/cardboard/cardboard_306.jpg,cardboard,paper_cardboard,train,standardized_256
data/raw/garbage_v2/standardized_256/cardboard/cardboard_307.jpg,cardboard,paper_cardboard,train,standardized_256
data/raw/garbage_v2/standardized_256/cardboard/cardboard_308.jpg,cardboard,paper_cardboard,train,standardized_256
data/raw/garbage_v2/standardized_256/cardboard/cardboard_309.jpg,cardboard,paper_cardboard,train,standardized_256
data/raw/garbage_v2/standardized_256/cardboard/cardboard_31.jpg,cardboard,paper_cardboard,train,standardized_256
data/raw/garbage_v2/standardized_256/cardboard/cardboard_311.jpg,cardboard,paper_cardboard,train,standardized_256
data/raw/garbage_v2/standardized_256/cardboard/cardboard_312.jpg,cardboard,paper_cardboard,train,standardized_256
data/raw/garbage_v2/standardized_256/cardboard/cardboard_313.jpg,cardboard,paper_cardboard,train,standardized_256
data/raw/garbage_v2/standardized_256/cardboard/cardboard_314.jpg,cardboard,paper_cardboard,train,standardized_256
data/raw/garbage_v2/standardized_256/cardboard/cardboard_316.jpg,cardboard,paper_cardboard,train,standardized_256
data/raw/garbage_v2/standardized_256/cardboard/cardboard_318.jpg,cardboard,paper_cardboard,train,standardized_256
data/raw/garbage_v2/standardized_256/cardboard/cardboard_319.jpg,cardboard,paper_cardboard,train,standardized_256
data/raw/garbage_v2/standardized_256/cardboard/cardboard_32.jpg,cardboard,paper_cardboard,train,standardized_256
data/raw/garbage_v2/standardized_256/cardboard/cardboard_321.jpg,cardboard,paper_cardboard,train,standardized_256
data/raw/garbage_v2/standardized_256/cardboard/cardboard_322.jpg,cardboard,paper_cardboard,train,standardized_256
data/raw/garbage_v2/standardized_256/cardboard/cardboard_324.jpg,cardboard,paper_cardboard,train,standardized_256
data/raw/garbage_v2/standardized_256/cardboard/cardboard_325.jpg,cardboard,paper_cardboard,train,standardized_256
data/raw/garbage_v2/standardized_256/cardboard/cardboard_328.jpg,cardboard,paper_cardboard,train,standardized_256
data/raw/garbage_v2/standardized_256/cardboard/cardboard_329.jpg,cardboard,paper_cardboard,train,standardized_256
data/raw/garbage_v2/standardized_256/cardboard/cardboard_33.jpg,cardboard,paper_cardboard,train,standardized_256
data/raw/garbage_v2/standardized_256/cardboard/cardboard_330.jpg,cardboard,paper_cardboard,train,standardized_256
data/raw/garbage_v2/standardized_256/cardboard/cardboard_331.jpg,cardboard,paper_cardboard,train,standardized_256
data/raw/garbage_v2/standardized_256/cardboard/cardboard_334.jpg,cardboard,paper_cardboard,train,standardized_256
data/raw/garbage_v2/standardized_256/cardboard/cardboard_335.jpg,cardboard,paper_cardboard,train,standardized_256
data/raw/garbage_v2/standardized_256/cardboard/cardboard_337.jpg,cardboard,paper_cardboard,train,standardized_256
data/raw/garbage_v2/standardized_256/cardboard/cardboard_338.jpg,cardboard,paper_cardboard,train,standardized_256
data/raw/garbage_v2/standardized_256/cardboard/cardboard_339.jpg,cardboard,paper_cardboard,train,standardized_256
data/raw/garbage_v2/standardized_256/cardboard/cardboard_34.jpg,cardboard,paper_cardboard,train,standardized_256
data/raw/garbage_v2/standardized_256/cardboard/cardboard_341.jpg,cardboard,paper_cardboard,train,standardized_256
data/raw/garbage_v2/standardized_256/cardboard/cardboard_343.jpg,cardboard,paper_cardboard,train,standardized_256
data/raw/garbage_v2/standardized_256/cardboard/cardboard_347.jpg,cardboard,paper_cardboard,train,standardized_256
data/raw/garbage_v2/standardized_256/cardboard/cardboard_348.jpg,cardboard,paper_cardboard,train,standardized_256
data/raw/garbage_v2/standardized_256/cardboard/cardboard_35.jpg,cardboard,paper_cardboard,train,standardized_256
data/raw/garbage_v2/standardized_256/cardboard/cardboard_350.jpg,cardboard,paper_cardboard,train,standardized_256
data/raw/garbage_v2/standardized_256/cardboard/cardboard_352.jpg,cardboard,paper_cardboard,train,standardized_256
data/raw/garbage_v2/standardized_256/cardboard/cardboard_353.jpg,cardboard,paper_cardboard,train,standardized_256
data/raw/garbage_v2/standardized_256/cardboard/cardboard_355.jpg,cardboard,paper_cardboard,train,standardized_256
data/raw/garbage_v2/standardized_256/cardboard/cardboard_356.jpg,cardboard,paper_cardboard,train,standardized_256
data/raw/garbage_v2/standardized_256/cardboard/cardboard_359.jpg,cardboard,paper_cardboard,train,standardized_256
data/raw/garbage_v2/standardized_256/cardboard/cardboard_36.jpg,cardboard,paper_cardboard,train,standardized_256
data/raw/garbage_v2/standardized_256/cardboard/cardboard_360.jpg,cardboard,paper_cardboard,train,standardized_256
data/raw/garbage_v2/standardized_256/cardboard/cardboard_362.jpg,cardboard,paper_cardboard,train,standardized_256
data/raw/garbage_v2/standardized_256/cardboard/cardboard_363.jpg,cardboard,paper_cardboard,train,standardized_256
data/raw/garbage_v2/standardized_256/cardboard/cardboard_365.jpg,cardboard,paper_cardboard,train,standardized_256
data/raw/garbage_v2/standardized_256/cardboard/cardboard_366.jpg,cardboard,paper_cardboard,train,standardized_256
data/raw/garbage_v2/standardized_256/cardboard/cardboard_367.jpg,cardboard,paper_cardboard,train,standardized_256
data/raw/garbage_v2/standardized_256/cardboard/cardboard_368.jpg,cardboard,paper_cardboard,train,standardized_256
data/raw/garbage_v2/standardized_256/cardboard/cardboard_369.jpg,cardboard,paper_cardboard,train,standardized_256
data/raw/garbage_v2/standardized_256/cardboard/cardboard_37.jpg,cardboard,paper_cardboard,train,standardized_256
data/raw/garbage_v2/standardized_256/cardboard/cardboard_370.jpg,cardboard,paper_cardboard,train,standardized_256
data/raw/garbage_v2/standardized_256/cardboard/cardboard_371.jpg,cardboard,paper_cardboard,train,standardized_256
data/raw/garbage_v2/standardized_256/cardboard/cardboard_378.jpg,cardboard,paper_cardboard,train,standardized_256
data/raw/garbage_v2/standardized_256/cardboard/cardboard_379.jpg,cardboard,paper_cardboard,train,standardized_256
data/raw/garbage_v2/standardized_256/cardboard/cardboard_38.jpg,cardboard,paper_cardboard,train,standardized_256
data/raw/garbage_v2/standardized_256/cardboard/cardboard_382.jpg,cardboard,paper_cardboard,train,standardized_256
data/raw/garbage_v2/standardized_256/cardboard/cardboard_383.jpg,cardboard,paper_cardboard,train,standardized_256
data/raw/garbage_v2/standardized_256/cardboard/cardboard_384.jpg,cardboard,paper_cardboard,train,standardized_256
data/raw/garbage_v2/standardized_256/cardboard/cardboard_385.jpg,cardboard,paper_cardboard,train,standardized_256
data/raw/garbage_v2/standardized_256/cardboard/cardboard_386.jpg,cardboard,paper_cardboard,train,standardized_256
data/raw/garbage_v2/standardized_256/cardboard/cardboard_387.jpg,cardboard,paper_cardboard,train,standardized_256
data/raw/garbage_v2/standardized_256/cardboard/cardboard_388.jpg,cardboard,paper_cardboard,train,standardized_256
data/raw/garbage_v2/standardized_256/cardboard/cardboard_389.jpg,cardboard,paper_cardboard,train,standardized_256
data/raw/garbage_v2/standardized_256/cardboard/cardboard_39.jpg,cardboard,paper_cardboard,train,standardized_256
data/raw/garbage_v2/standardized_256/cardboard/cardboard_391.jpg,cardboard,paper_cardboard,train,standardized_256
data/raw/garbage_v2/standardized_256/cardboard/cardboard_392.jpg,cardboard,paper_cardboard,train,standardized_256
data/raw/garbage_v2/standardized_256/cardboard/cardboard_393.jpg,cardboard,paper_cardboard,train,standardized_256
data/raw/garbage_v2/standardized_256/cardboard/cardboard_394.jpg,cardboard,paper_cardboard,train,standardized_256
data/raw/garbage_v2/standardized_256/cardboard/cardboard_395.jpg,cardboard,paper_cardboard,train,standardized_256
data/raw/garbage_v2/standardized_256/cardboard/cardboard_398.jpg,cardboard,paper_cardboard,train,standardized_256
data/raw/garbage_v2/standardized_256/cardboard/cardboard_399.jpg,cardboard,paper_cardboard,train,standardized_256
data/raw/garbage_v2/standardized_256/cardboard/cardboard_400.jpg,cardboard,paper_cardboard,train,standardized_256
data/raw/garbage_v2/standardized_256/cardboard/cardboard_401.jpg,cardboard,paper_cardboard,train,standardized_256
data/raw/garbage_v2/standardized_256/cardboard/cardboard_402.jpg,cardboard,paper_cardboard,train,standardized_256
data/raw/garbage_v2/standardized_256/cardboard/cardboard_403.jpg,cardboard,paper_cardboard,train,standardized_256
data/raw/garbage_v2/standardized_256/cardboard/cardboard_404.jpg,cardboard,paper_cardboard,train,standardized_256
data/raw/garbage_v2/standardized_256/cardboard/cardboard_407.jpg,cardboard,paper_cardboard,train,standardized_256
data/raw/garbage_v2/standardized_256/cardboard/cardboard_409.jpg,cardboard,paper_cardboard,train,standardized_256
data/raw/garbage_v2/standardized_256/cardboard/cardboard_410.jpg,cardboard,paper_cardboard,train,standardized_256
data/raw/garbage_v2/standardized_256/cardboard/cardboard_411.jpg,cardboard,paper_cardboard,train,standardized_256
data/raw/garbage_v2/standardized_256/cardboard/cardboard_413.jpg,cardboard,paper_cardboard,train,standardized_256
data/raw/garbage_v2/standardized_256/cardboard/cardboard_414.jpg,cardboard,paper_cardboard,train,standardized_256
data/raw/garbage_v2/standardized_256/cardboard/cardboard_416.jpg,cardboard,paper_cardboard,train,standardized_256
data/raw/garbage_v2/standardized_256/cardboard/cardboard_42.jpg,cardboard,paper_cardboard,train,standardized_256
data/raw/garbage_v2/standardized_256/cardboard/cardboard_420.jpg,cardboard,paper_cardboard,train,standardized_256
data/raw/garbage_v2/standardized_256/cardboard/cardboard_423.jpg,cardboard,paper_cardboard,train,standardized_256
data/raw/garbage_v2/standardized_256/cardboard/cardboard_424.jpg,cardboard,paper_cardboard,train,standardized_256
data/raw/garbage_v2/standardized_256/cardboard/cardboard_425.jpg,cardboard,paper_cardboard,train,standardized_256
data/raw/garbage_v2/standardized_256/cardboard/cardboard_426.jpg,cardboard,paper_cardboard,train,standardized_256
data/raw/garbage_v2/standardized_256/cardboard/cardboard_427.jpg,cardboard,paper_cardboard,train,standardized_256
data/raw/garbage_v2/standardized_256/cardboard/cardboard_428.jpg,cardboard,paper_cardboard,train,standardized_256
data/raw/garbage_v2/standardized_256/cardboard/cardboard_43.jpg,cardboard,paper_cardboard,train,standardized_256
data/raw/garbage_v2/standardized_256/cardboard/cardboard_430.jpg,cardboard,paper_cardboard,train,standardized_256
data/raw/garbage_v2/standardized_256/cardboard/cardboard_431.jpg,cardboard,paper_cardboard,train,standardized_256
data/raw/garbage_v2/standardized_256/cardboard/cardboard_433.jpg,cardboard,paper_cardboard,train,standardized_256
data/raw/garbage_v2/standardized_256/cardboard/cardboard_434.jpg,cardboard,paper_cardboard,train,standardized_256
data/raw/garbage_v2/standardized_256/cardboard/cardboard_435.jpg,cardboard,paper_cardboard,train,standardized_256
data/raw/garbage_v2/standardized_256/cardboard/cardboard_436.jpg,cardboard,paper_cardboard,train,standardized_256
data/raw/garbage_v2/standardized_256/cardboard/cardboard_438.jpg,cardboard,paper_cardboard,train,standardized_256
data/raw/garbage_v2/standardized_256/cardboard/cardboard_439.jpg,cardboard,paper_cardboard,train,standardized_256
data/raw/garbage_v2/standardized_256/cardboard/cardboard_441.jpg,cardboard,paper_cardboard,train,standardized_256
data/raw/garbage_v2/standardized_256/cardboard/cardboard_443.jpg,cardboard,paper_cardboard,train,standardized_256
data/raw/garbage_v2/standardized_256/cardboard/cardboard_444.jpg,cardboard,paper_cardboard,train,standardized_256
data/raw/garbage_v2/standardized_256/cardboard/cardboard_445.jpg,cardboard,paper_cardboard,train,standardized_256
data/raw/garbage_v2/standardized_256/cardboard/cardboard_446.jpg,cardboard,paper_cardboard,train,standardized_256
data/raw/garbage_v2/standardized_256/cardboard/cardboard_447.jpg,cardboard,paper_cardboard,train,standardized_256
data/raw/garbage_v2/standardized_256/cardboard/cardboard_448.jpg,cardboard,paper_cardboard,train,standardized_256
data/raw/garbage_v2/standardized_256/cardboard/cardboard_449.jpg,cardboard,paper_cardboard,train,standardized_256
data/raw/garbage_v2/standardized_256/cardboard/cardboard_45.jpg,cardboard,paper_cardboard,train,standardized_256
data/raw/garbage_v2/standardized_256/cardboard/cardboard_451.jpg,cardboard,paper_cardboard,train,standardized_256
data/raw/garbage_v2/standardized_256/cardboard/cardboard_452.jpg,cardboard,paper_cardboard,train,standardized_256
data/raw/garbage_v2/standardized_256/cardboard/cardboard_453.jpg,cardboard,paper_cardboard,train,standardized_256
data/raw/garbage_v2/standardized_256/cardboard/cardboard_454.jpg,cardboard,paper_cardboard,train,standardized_256
data/raw/garbage_v2/standardized_256/cardboard/cardboard_455.jpg,cardboard,paper_cardboard,train,standardized_256
data/raw/garbage_v2/standardized_256/cardboard/cardboard_456.jpg,cardboard,paper_cardboard,train,standardized_256
data/raw/garbage_v2/standardized_256/cardboard/cardboard_461.jpg,cardboard,paper_cardboard,train,standardized_256
data/raw/garbage_v2/standardized_256/cardboard/cardboard_462.jpg,cardboard,paper_cardboard,train,standardized_256
data/raw/garbage_v2/standardized_256/cardboard/cardboard_464.jpg,cardboard,paper_cardboard,train,standardized_256
data/raw/garbage_v2/standardized_256/cardboard/cardboard_465.jpg,cardboard,paper_cardboard,train,standardized_256
data/raw/garbage_v2/standardized_256/cardboard/cardboard_466.jpg,cardboard,paper_cardboard,train,standardized_256
data/raw/garbage_v2/standardized_256/cardboard/cardboard_468.jpg,cardboard,paper_cardboard,train,standardized_256
data/raw/garbage_v2/standardized_256/cardboard/cardboard_469.jpg,cardboard,paper_cardboard,train,standardized_256
data/raw/garbage_v2/standardized_256/cardboard/cardboard_47.jpg,cardboard,paper_cardboard,train,standardized_256
data/raw/garbage_v2/standardized_256/cardboard/cardboard_470.jpg,cardboard,paper_cardboard,train,standardized_256
data/raw/garbage_v2/standardized_256/cardboard/cardboard_471.jpg,cardboard,paper_cardboard,train,standardized_256
data/raw/garbage_v2/standardized_256/cardboard/cardboard_472.jpg,cardboard,paper_cardboard,train,standardized_256
data/raw/garbage_v2/standardized_256/cardboard/cardboard_473.jpg,cardboard,paper_cardboard,train,standardized_256
data/raw/garbage_v2/standardized_256/cardboard/cardboard_476.jpg,cardboard,paper_cardboard,train,standardized_256
data/raw/garbage_v2/standardized_256/cardboard/cardboard_477.jpg,cardboard,paper_cardboard,train,standardized_256
data/raw/garbage_v2/standardized_256/cardboard/cardboard_478.jpg,cardboard,paper_cardboard,train,standardized_256
data/raw/garbage_v2/standardized_256/cardboard/cardboard_479.jpg,cardboard,paper_cardboard,train,standardized_256
data/raw/garbage_v2/standardized_256/cardboard/cardboard_48.jpg,cardboard,paper_cardboard,train,standardized_256
data/raw/garbage_v2/standardized_256/cardboard/cardboard_480.jpg,cardboard,paper_cardboard,train,standardized_256
data/raw/garbage_v2/standardized_256/cardboard/cardboard_481.jpg,cardboard,paper_cardboard,train,standardized_256
data/raw/garbage_v2/standardized_256/cardboard/cardboard_483.jpg,cardboard,paper_cardboard,train,standardized_256
data/raw/garbage_v2/standardized_256/cardboard/cardboard_484.jpg,cardboard,paper_cardboard,train,standardized_256
data/raw/garbage_v2/standardized_256/cardboard/cardboard_485.jpg,cardboard,paper_cardboard,train,standardized_256
data/raw/garbage_v2/standardized_256/cardboard/cardboard_487.jpg,cardboard,paper_cardboard,train,standardized_256
data/raw/garbage_v2/standardized_256/cardboard/cardboard_488.jpg,cardboard,paper_cardboard,train,standardized_256
data/raw/garbage_v2/standardized_256/cardboard/cardboard_489.jpg,cardboard,paper_cardboard,train,standardized_256
data/raw/garbage_v2/standardized_256/cardboard/cardboard_49.jpg,cardboard,paper_cardboard,train,standardized_256
data/raw/garbage_v2/standardized_256/cardboard/cardboard_490.jpg,cardboard,paper_cardboard,train,standardized_256
data/raw/garbage_v2/standardized_256/cardboard/cardboard_491.jpg,cardboard,paper_cardboard,train,standardized_256
data/raw/garbage_v2/standardized_256/cardboard/cardboard_494.jpg,cardboard,paper_cardboard,train,standardized_256
data/raw/garbage_v2/standardized_256/cardboard/cardboard_496.jpg,cardboard,paper_cardboard,train,standardized_256
data/raw/garbage_v2/standardized_256/cardboard/cardboard_497.jpg,cardboard,paper_cardboard,train,standardized_256
data/raw/garbage_v2/standardized_256/cardboard/cardboard_498.jpg,cardboard,paper_cardboard,train,standardized_256
data/raw/garbage_v2/standardized_256/cardboard/cardboard_500.jpg,cardboard,paper_cardboard,train,standardized_256
data/raw/garbage_v2/standardized_256/cardboard/cardboard_502.jpg,cardboard,paper_cardboard,train,standardized_256
data/raw/garbage_v2/standardized_256/cardboard/cardboard_503.jpg,cardboard,paper_cardboard,train,standardized_256
data/raw/garbage_v2/standardized_256/cardboard/cardboard_504.jpg,cardboard,paper_cardboard,train,standardized_256
data/raw/garbage_v2/standardized_256/cardboard/cardboard_505.jpg,cardboard,paper_cardboard,train,standardized_256
data/raw/garbage_v2/standardized_256/cardboard/cardboard_506.jpg,cardboard,paper_cardboard,train,standardized_256
data/raw/garbage_v2/standardized_256/cardboard/cardboard_507.jpg,cardboard,paper_cardboard,train,standardized_256
data/raw/garbage_v2/standardized_256/cardboard/cardboard_510.jpg,cardboard,paper_cardboard,train,standardized_256
data/raw/garbage_v2/standardized_256/cardboard/cardboard_511.jpg,cardboard,paper_cardboard,train,standardized_256
data/raw/garbage_v2/standardized_256/cardboard/cardboard_512.jpg,cardboard,paper_cardboard,train,standardized_256
data/raw/garbage_v2/standardized_256/cardboard/cardboard_513.jpg,cardboard,paper_cardboard,train,standardized_256
data/raw/garbage_v2/standardized_256/cardboard/cardboard_514.jpg,cardboard,paper_cardboard,train,standardized_256
data/raw/garbage_v2/standardized_256/cardboard/cardboard_516.jpg,cardboard,paper_cardboard,train,standardized_256
data/raw/garbage_v2/standardized_256/cardboard/cardboard_517.jpg,cardboard,paper_cardboard,train,standardized_256
data/raw/garbage_v2/standardized_256/cardboard/cardboard_518.jpg,cardboard,paper_cardboard,train,standardized_256
data/raw/garbage_v2/standardized_256/cardboard/cardboard_522.jpg,cardboard,paper_cardboard,train,standardized_256
data/raw/garbage_v2/standardized_256/cardboard/cardboard_523.jpg,cardboard,paper_cardboard,train,standardized_256
data/raw/garbage_v2/standardized_256/cardboard/cardboard_525.jpg,cardboard,paper_cardboard,train,standardized_256
data/raw/garbage_v2/standardized_256/cardboard/cardboard_526.jpg,cardboard,paper_cardboard,train,standardized_256
data/raw/garbage_v2/standardized_256/cardboard/cardboard_527.jpg,cardboard,paper_cardboard,train,standardized_256
data/raw/garbage_v2/standardized_256/cardboard/cardboard_528.jpg,cardboard,paper_cardboard,train,standardized_256
data/raw/garbage_v2/standardized_256/cardboard/cardboard_529.jpg,cardboard,paper_cardboard,train,standardized_256
data/raw/garbage_v2/standardized_256/cardboard/cardboard_53.jpg,cardboard,paper_cardboard,train,standardized_256
data/raw/garbage_v2/standardized_256/cardboard/cardboard_530.jpg,cardboard,paper_cardboard,train,standardized_256
data/raw/garbage_v2/standardized_256/cardboard/cardboard_536.jpg,cardboard,paper_cardboard,train,standardized_256
data/raw/garbage_v2/standardized_256/cardboard/cardboard_537.jpg,cardboard,paper_cardboard,train,standardized_256
data/raw/garbage_v2/standardized_256/cardboard/cardboard_54.jpg,cardboard,paper_cardboard,train,standardized_256
data/raw/garbage_v2/standardized_256/cardboard/cardboard_541.jpg,cardboard,paper_cardboard,train,standardized_256
data/raw/garbage_v2/standardized_256/cardboard/cardboard_542.jpg,cardboard,paper_cardboard,train,standardized_256
data/raw/garbage_v2/standardized_256/cardboard/cardboard_544.jpg,cardboard,paper_cardboard,train,standardized_256
data/raw/garbage_v2/standardized_256/cardboard/cardboard_546.jpg,cardboard,paper_cardboard,train,standardized_256
data/raw/garbage_v2/standardized_256/cardboard/cardboard_548.jpg,cardboard,paper_cardboard,train,standardized_256
data/raw/garbage_v2/standardized_256/cardboard/cardboard_549.jpg,cardboard,paper_cardboard,train,standardized_256
data/raw/garbage_v2/standardized_256/cardboard/cardboard_55.jpg,cardboard,paper_cardboard,train,standardized_256
data/raw/garbage_v2/standardized_256/cardboard/cardboard_550.jpg,cardboard,paper_cardboard,train,standardized_256
data/raw/garbage_v2/standardized_256/cardboard/cardboard_551.jpg,cardboard,paper_cardboard,train,standardized_256
data/raw/garbage_v2/standardized_256/cardboard/cardboard_552.jpg,cardboard,paper_cardboard,train,standardized_256
data/raw/garbage_v2/standardized_256/cardboard/cardboard_553.jpg,cardboard,paper_cardboard,train,standardized_256
data/raw/garbage_v2/standardized_256/cardboard/cardboard_554.jpg,cardboard,paper_cardboard,train,standardized_256
data/raw/garbage_v2/standardized_256/cardboard/cardboard_560.jpg,cardboard,paper_cardboard,train,standardized_256
data/raw/garbage_v2/standardized_256/cardboard/cardboard_563.jpg,cardboard,paper_cardboard,train,standardized_256
data/raw/garbage_v2/standardized_256/cardboard/cardboard_564.jpg,cardboard,paper_cardboard,train,standardized_256
data/raw/garbage_v2/standardized_256/cardboard/cardboard_566.jpg,cardboard,paper_cardboard,train,standardized_256
data/raw/garbage_v2/standardized_256/cardboard/cardboard_567.jpg,cardboard,paper_cardboard,train,standardized_256
data/raw/garbage_v2/standardized_256/cardboard/cardboard_568.jpg,cardboard,paper_cardboard,train,standardized_256
data/raw/garbage_v2/standardized_256/cardboard/cardboard_569.jpg,cardboard,paper_cardboard,train,standardized_256
data/raw/garbage_v2/standardized_256/cardboard/cardboard_57.jpg,cardboard,paper_cardboard,train,standardized_256
data/raw/garbage_v2/standardized_256/cardboard/cardboard_570.jpg,cardboard,paper_cardboard,train,standardized_256
data/raw/garbage_v2/standardized_256/cardboard/cardboard_571.jpg,cardboard,paper_cardboard,train,standardized_256
data/raw/garbage_v2/standardized_256/cardboard/cardboard_572.jpg,cardboard,paper_cardboard,train,standardized_256
data/raw/garbage_v2/standardized_256/cardboard/cardboard_573.jpg,cardboard,paper_cardboard,train,standardized_256
data/raw/garbage_v2/standardized_256/cardboard/cardboard_574.jpg,cardboard,paper_cardboard,train,standardized_256
data/raw/garbage_v2/standardized_256/cardboard/cardboard_575.jpg,cardboard,paper_cardboard,train,standardized_256
data/raw/garbage_v2/standardized_256/cardboard/cardboard_578.jpg,cardboard,paper_cardboard,train,standardized_256
data/raw/garbage_v2/standardized_256/cardboard/cardboard_579.jpg,cardboard,paper_cardboard,train,standardized_256
data/raw/garbage_v2/standardized_256/cardboard/cardboard_580.jpg,cardboard,paper_cardboard,train,standardized_256
data/raw/garbage_v2/standardized_256/cardboard/cardboard_582.jpg,cardboard,paper_cardboard,train,standardized_256
data/raw/garbage_v2/standardized_256/cardboard/cardboard_583.jpg,cardboard,paper_cardboard,train,standardized_256
data/raw/garbage_v2/standardized_256/cardboard/cardboard_585.jpg,cardboard,paper_cardboard,train,standardized_256
data/raw/garbage_v2/standardized_256/cardboard/cardboard_586.jpg,cardboard,paper_cardboard,train,standardized_256
data/raw/garbage_v2/standardized_256/cardboard/cardboard_587.jpg,cardboard,paper_cardboard,train,standardized_256
data/raw/garbage_v2/standardized_256/cardboard/cardboard_588.jpg,cardboard,paper_cardboard,train,standardized_256
data/raw/garbage_v2/standardized_256/cardboard/cardboard_589.jpg,cardboard,paper_cardboard,train,standardized_256
data/raw/garbage_v2/standardized_256/cardboard/cardboard_59.jpg,cardboard,paper_cardboard,train,standardized_256
data/raw/garbage_v2/standardized_256/cardboard/cardboard_590.jpg,cardboard,paper_cardboard,train,standardized_256
data/raw/garbage_v2/standardized_256/cardboard/cardboard_591.jpg,cardboard,paper_cardboard,train,standardized_256
data/raw/garbage_v2/standardized_256/cardboard/cardboard_592.jpg,cardboard,paper_cardboard,train,standardized_256
data/raw/garbage_v2/standardized_256/cardboard/cardboard_594.jpg,cardboard,paper_cardboard,train,standardized_256
data/raw/garbage_v2/standardized_256/cardboard/cardboard_595.jpg,cardboard,paper_cardboard,train,standardized_256
data/raw/garbage_v2/standardized_256/cardboard/cardboard_596.jpg,cardboard,paper_cardboard,train,standardized_256
data/raw/garbage_v2/standardized_256/cardboard/cardboard_597.jpg,cardboard,paper_cardboard,train,standardized_256
data/raw/garbage_v2/standardized_256/cardboard/cardboard_598.jpg,cardboard,paper_cardboard,train,standardized_256
data/raw/garbage_v2/standardized_256/cardboard/cardboard_599.jpg,cardboard,paper_cardboard,train,standardized_256
data/raw/garbage_v2/standardized_256/cardboard/cardboard_60.jpg,cardboard,paper_cardboard,train,standardized_256
data/raw/garbage_v2/standardized_256/cardboard/cardboard_600.jpg,cardboard,paper_cardboard,train,standardized_256
data/raw/garbage_v2/standardized_256/cardboard/cardboard_601.jpg,cardboard,paper_cardboard,train,standardized_256
data/raw/garbage_v2/standardized_256/cardboard/cardboard_603.jpg,cardboard,paper_cardboard,train,standardized_256
data/raw/garbage_v2/standardized_256/cardboard/cardboard_604.jpg,cardboard,paper_cardboard,train,standardized_256
data/raw/garbage_v2/standardized_256/cardboard/cardboard_606.jpg,cardboard,paper_cardboard,train,standardized_256
data/raw/garbage_v2/standardized_256/cardboard/cardboard_608.jpg,cardboard,paper_cardboard,train,standardized_256
data/raw/garbage_v2/standardized_256/cardboard/cardboard_609.jpg,cardboard,paper_cardboard,train,standardized_256
data/raw/garbage_v2/standardized_256/cardboard/cardboard_61.jpg,cardboard,paper_cardboard,train,standardized_256
data/raw/garbage_v2/standardized_256/cardboard/cardboard_610.jpg,cardboard,paper_cardboard,train,standardized_256
data/raw/garbage_v2/standardized_256/cardboard/cardboard_611.jpg,cardboard,paper_cardboard,train,standardized_256
data/raw/garbage_v2/standardized_256/cardboard/cardboard_612.jpg,cardboard,paper_cardboard,train,standardized_256
data/raw/garbage_v2/standardized_256/cardboard/cardboard_613.jpg,cardboard,paper_cardboard,train,standardized_256
data/raw/garbage_v2/standardized_256/cardboard/cardboard_615.jpg,cardboard,paper_cardboard,train,standardized_256
data/raw/garbage_v2/standardized_256/cardboard/cardboard_616.jpg,cardboard,paper_cardboard,train,standardized_256
data/raw/garbage_v2/standardized_256/cardboard/cardboard_618.jpg,cardboard,paper_cardboard,train,standardized_256
data/raw/garbage_v2/standardized_256/cardboard/cardboard_619.jpg,cardboard,paper_cardboard,train,standardized_256
data/raw/garbage_v2/standardized_256/cardboard/cardboard_62.jpg,cardboard,paper_cardboard,train,standardized_256
data/raw/garbage_v2/standardized_256/cardboard/cardboard_620.jpg,cardboard,paper_cardboard,train,standardized_256
data/raw/garbage_v2/standardized_256/cardboard/cardboard_621.jpg,cardboard,paper_cardboard,train,standardized_256
data/raw/garbage_v2/standardized_256/cardboard/cardboard_622.jpg,cardboard,paper_cardboard,train,standardized_256
data/raw/garbage_v2/standardized_256/cardboard/cardboard_626.jpg,cardboard,paper_cardboard,train,standardized_256
data/raw/garbage_v2/standardized_256/cardboard/cardboard_627.jpg,cardboard,paper_cardboard,train,standardized_256
data/raw/garbage_v2/standardized_256/cardboard/cardboard_628.jpg,cardboard,paper_cardboard,train,standardized_256
data/raw/garbage_v2/standardized_256/cardboard/cardboard_629.jpg,cardboard,paper_cardboard,train,standardized_256
data/raw/garbage_v2/standardized_256/cardboard/cardboard_63.jpg,cardboard,paper_cardboard,train,standardized_256
data/raw/garbage_v2/standardized_256/cardboard/cardboard_630.jpg,cardboard,paper_cardboard,train,standardized_256
data/raw/garbage_v2/standardized_256/cardboard/cardboard_631.jpg,cardboard,paper_cardboard,train,standardized_256
data/raw/garbage_v2/standardized_256/cardboard/cardboard_632.jpg,cardboard,paper_cardboard,train,standardized_256
data/raw/garbage_v2/standardized_256/cardboard/cardboard_633.jpg,cardboard,paper_cardboard,train,standardized_256
data/raw/garbage_v2/standardized_256/cardboard/cardboard_634.jpg,cardboard,paper_cardboard,train,standardized_256
data/raw/garbage_v2/standardized_256/cardboard/cardboard_635.jpg,cardboard,paper_cardboard,train,standardized_256
data/raw/garbage_v2/standardized_256/cardboard/cardboard_636.jpg,cardboard,paper_cardboard,train,standardized_256
data/raw/garbage_v2/standardized_256/cardboard/cardboard_637.jpg,cardboard,paper_cardboard,train,standardized_256
data/raw/garbage_v2/standardized_256/cardboard/cardboard_638.jpg,cardboard,paper_cardboard,train,standardized_256
data/raw/garbage_v2/standardized_256/cardboard/cardboard_64.jpg,cardboard,paper_cardboard,train,standardized_256
data/raw/garbage_v2/standardized_256/cardboard/cardboard_640.jpg,cardboard,paper_cardboard,train,standardized_256
data/raw/garbage_v2/standardized_256/cardboard/cardboard_641.jpg,cardboard,paper_cardboard,train,standardized_256
data/raw/garbage_v2/standardized_256/cardboard/cardboard_642.jpg,cardboard,paper_cardboard,train,standardized_256
data/raw/garbage_v2/standardized_256/cardboard/cardboard_643.jpg,cardboard,paper_cardboard,train,standardized_256
data/raw/garbage_v2/standardized_256/cardboard/cardboard_644.jpg,cardboard,paper_cardboard,train,standardized_256
data/raw/garbage_v2/standardized_256/cardboard/cardboard_646.jpg,cardboard,paper_cardboard,train,standardized_256
data/raw/garbage_v2/standardized_256/cardboard/cardboard_647.jpg,cardboard,paper_cardboard,train,standardized_256
data/raw/garbage_v2/standardized_256/cardboard/cardboard_648.jpg,cardboard,paper_cardboard,train,standardized_256
data/raw/garbage_v2/standardized_256/cardboard/cardboard_649.jpg,cardboard,paper_cardboard,train,standardized_256
data/raw/garbage_v2/standardized_256/cardboard/cardboard_65.jpg,cardboard,paper_cardboard,train,standardized_256
data/raw/garbage_v2/standardized_256/cardboard/cardboard_651.jpg,cardboard,paper_cardboard,train,standardized_256
data/raw/garbage_v2/standardized_256/cardboard/cardboard_653.jpg,cardboard,paper_cardboard,train,standardized_256
data/raw/garbage_v2/standardized_256/cardboard/cardboard_656.jpg,cardboard,paper_cardboard,train,standardized_256
data/raw/garbage_v2/standardized_256/cardboard/cardboard_657.jpg,cardboard,paper_cardboard,train,standardized_256
data/raw/garbage_v2/standardized_256/cardboard/cardboard_658.jpg,cardboard,paper_cardboard,train,standardized_256
data/raw/garbage_v2/standardized_256/cardboard/cardboard_66.jpg,cardboard,paper_cardboard,train,standardized_256
data/raw/garbage_v2/standardized_256/cardboard/cardboard_660.jpg,cardboard,paper_cardboard,train,standardized_256
data/raw/garbage_v2/standardized_256/cardboard/cardboard_661.jpg,cardboard,paper_cardboard,train,standardized_256
data/raw/garbage_v2/standardized_256/cardboard/cardboard_662.jpg,cardboard,paper_cardboard,train,standardized_256
data/raw/garbage_v2/standardized_256/cardboard/cardboard_665.jpg,cardboard,paper_cardboard,train,standardized_256
data/raw/garbage_v2/standardized_256/cardboard/cardboard_667.jpg,cardboard,paper_cardboard,train,standardized_256
data/raw/garbage_v2/standardized_256/cardboard/cardboard_668.jpg,cardboard,paper_cardboard,train,standardized_256
data/raw/garbage_v2/standardized_256/cardboard/cardboard_670.jpg,cardboard,paper_cardboard,train,standardized_256
data/raw/garbage_v2/standardized_256/cardboard/cardboard_671.jpg,cardboard,paper_cardboard,train,standardized_256
data/raw/garbage_v2/standardized_256/cardboard/cardboard_672.jpg,cardboard,paper_cardboard,train,standardized_256
data/raw/garbage_v2/standardized_256/cardboard/cardboard_674.jpg,cardboard,paper_cardboard,train,standardized_256
data/raw/garbage_v2/standardized_256/cardboard/cardboard_676.jpg,cardboard,paper_cardboard,train,standardized_256
data/raw/garbage_v2/standardized_256/cardboard/cardboard_677.jpg,cardboard,paper_cardboard,train,standardized_256
data/raw/garbage_v2/standardized_256/cardboard/cardboard_678.jpg,cardboard,paper_cardboard,train,standardized_256
data/raw/garbage_v2/standardized_256/cardboard/cardboard_679.jpg,cardboard,paper_cardboard,train,standardized_256
data/raw/garbage_v2/standardized_256/cardboard/cardboard_680.jpg,cardboard,paper_cardboard,train,standardized_256
data/raw/garbage_v2/standardized_256/cardboard/cardboard_681.jpg,cardboard,paper_cardboard,train,standardized_256
data/raw/garbage_v2/standardized_256/cardboard/cardboard_682.jpg,cardboard,paper_cardboard,train,standardized_256
data/raw/garbage_v2/standardized_256/cardboard/cardboard_683.jpg,cardboard,paper_cardboard,train,standardized_256
data/raw/garbage_v2/standardized_256/cardboard/cardboard_684.jpg,cardboard,paper_cardboard,train,standardized_256
data/raw/garbage_v2/standardized_256/cardboard/cardboard_685.jpg,cardboard,paper_cardboard,train,standardized_256
data/raw/garbage_v2/standardized_256/cardboard/cardboard_686.jpg,cardboard,paper_cardboard,train,standardized_256
data/raw/garbage_v2/standardized_256/cardboard/cardboard_687.jpg,cardboard,paper_cardboard,train,standardized_256
data/raw/garbage_v2/standardized_256/cardboard/cardboard_688.jpg,cardboard,paper_cardboard,train,standardized_256
data/raw/garbage_v2/standardized_256/cardboard/cardboard_689.jpg,cardboard,paper_cardboard,train,standardized_256
data/raw/garbage_v2/standardized_256/cardboard/cardboard_69.jpg,cardboard,paper_cardboard,train,standardized_256
data/raw/garbage_v2/standardized_256/cardboard/cardboard_690.jpg,cardboard,paper_cardboard,train,standardized_256
data/raw/garbage_v2/standardized_256/cardboard/cardboard_691.jpg,cardboard,paper_cardboard,train,standardized_256
data/raw/garbage_v2/standardized_256/cardboard/cardboard_693.jpg,cardboard,paper_cardboard,train,standardized_256
data/raw/garbage_v2/standardized_256/cardboard/cardboard_694.jpg,cardboard,paper_cardboard,train,standardized_256
data/raw/garbage_v2/standardized_256/cardboard/cardboard_696.jpg,cardboard,paper_cardboard,train,standardized_256
data/raw/garbage_v2/standardized_256/cardboard/cardboard_697.jpg,cardboard,paper_cardboard,train,standardized_256
data/raw/garbage_v2/standardized_256/cardboard/cardboard_698.jpg,cardboard,paper_cardboard,train,standardized_256
data/raw/garbage_v2/standardized_256/cardboard/cardboard_699.jpg,cardboard,paper_cardboard,train,standardized_256
data/raw/garbage_v2/standardized_256/cardboard/cardboard_701.jpg,cardboard,paper_cardboard,train,standardized_256
data/raw/garbage_v2/standardized_256/cardboard/cardboard_702.jpg,cardboard,paper_cardboard,train,standardized_256
data/raw/garbage_v2/standardized_256/cardboard/cardboard_703.jpg,cardboard,paper_cardboard,train,standardized_256
data/raw/garbage_v2/standardized_256/cardboard/cardboard_704.jpg,cardboard,paper_cardboard,train,standardized_256
data/raw/garbage_v2/standardized_256/cardboard/cardboard_705.jpg,cardboard,paper_cardboard,train,standardized_256
data/raw/garbage_v2/standardized_256/cardboard/cardboard_707.jpg,cardboard,paper_cardboard,train,standardized_256
data/raw/garbage_v2/standardized_256/cardboard/cardboard_708.jpg,cardboard,paper_cardboard,train,standardized_256
data/raw/garbage_v2/standardized_256/cardboard/cardboard_709.jpg,cardboard,paper_cardboard,train,standardized_256
data/raw/garbage_v2/standardized_256/cardboard/cardboard_711.jpg,cardboard,paper_cardboard,train,standardized_256
data/raw/garbage_v2/standardized_256/cardboard/cardboard_713.jpg,cardboard,paper_cardboard,train,standardized_256
data/raw/garbage_v2/standardized_256/cardboard/cardboard_714.jpg,cardboard,paper_cardboard,train,standardized_256
data/raw/garbage_v2/standardized_256/cardboard/cardboard_715.jpg,cardboard,paper_cardboard,train,standardized_256
data/raw/garbage_v2/standardized_256/cardboard/cardboard_717.jpg,cardboard,paper_cardboard,train,standardized_256
data/raw/garbage_v2/standardized_256/cardboard/cardboard_719.jpg,cardboard,paper_cardboard,train,standardized_256
data/raw/garbage_v2/standardized_256/cardboard/cardboard_72.jpg,cardboard,paper_cardboard,train,standardized_256
data/raw/garbage_v2/standardized_256/cardboard/cardboard_720.jpg,cardboard,paper_cardboard,train,standardized_256
data/raw/garbage_v2/standardized_256/cardboard/cardboard_721.jpg,cardboard,paper_cardboard,train,standardized_256
data/raw/garbage_v2/standardized_256/cardboard/cardboard_722.jpg,cardboard,paper_cardboard,train,standardized_256
data/raw/garbage_v2/standardized_256/cardboard/cardboard_724.jpg,cardboard,paper_cardboard,train,standardized_256
data/raw/garbage_v2/standardized_256/cardboard/cardboard_725.jpg,cardboard,paper_cardboard,train,standardized_256
data/raw/garbage_v2/standardized_256/cardboard/cardboard_726.jpg,cardboard,paper_cardboard,train,standardized_256
data/raw/garbage_v2/standardized_256/cardboard/cardboard_727.jpg,cardboard,paper_cardboard,train,standardized_256
data/raw/garbage_v2/standardized_256/cardboard/cardboard_728.jpg,cardboard,paper_cardboard,train,standardized_256
data/raw/garbage_v2/standardized_256/cardboard/cardboard_729.jpg,cardboard,paper_cardboard,train,standardized_256
data/raw/garbage_v2/standardized_256/cardboard/cardboard_73.jpg,cardboard,paper_cardboard,train,standardized_256
data/raw/garbage_v2/standardized_256/cardboard/cardboard_730.jpg,cardboard,paper_cardboard,train,standardized_256
data/raw/garbage_v2/standardized_256/cardboard/cardboard_731.jpg,cardboard,paper_cardboard,train,standardized_256
data/raw/garbage_v2/standardized_256/cardboard/cardboard_732.jpg,cardboard,paper_cardboard,train,standardized_256
data/raw/garbage_v2/standardized_256/cardboard/cardboard_733.jpg,cardboard,paper_cardboard,train,standardized_256
data/raw/garbage_v2/standardized_256/cardboard/cardboard_734.jpg,cardboard,paper_cardboard,train,standardized_256
data/raw/garbage_v2/standardized_256/cardboard/cardboard_735.jpg,cardboard,paper_cardboard,train,standardized_256
data/raw/garbage_v2/standardized_256/cardboard/cardboard_737.jpg,cardboard,paper_cardboard,train,standardized_256
data/raw/garbage_v2/standardized_256/cardboard/cardboard_738.jpg,cardboard,paper_cardboard,train,standardized_256
data/raw/garbage_v2/standardized_256/cardboard/cardboard_739.jpg,cardboard,paper_cardboard,train,standardized_256
data/raw/garbage_v2/standardized_256/cardboard/cardboard_74.jpg,cardboard,paper_cardboard,train,standardized_256
data/raw/garbage_v2/standardized_256/cardboard/cardboard_740.jpg,cardboard,paper_cardboard,train,standardized_256
data/raw/garbage_v2/standardized_256/cardboard/cardboard_742.jpg,cardboard,paper_cardboard,train,standardized_256
data/raw/garbage_v2/standardized_256/cardboard/cardboard_743.jpg,cardboard,paper_cardboard,train,standardized_256
data/raw/garbage_v2/standardized_256/cardboard/cardboard_744.jpg,cardboard,paper_cardboard,train,standardized_256
data/raw/garbage_v2/standardized_256/cardboard/cardboard_745.jpg,cardboard,paper_cardboard,train,standardized_256
data/raw/garbage_v2/standardized_256/cardboard/cardboard_746.jpg,cardboard,paper_cardboard,train,standardized_256
data/raw/garbage_v2/standardized_256/cardboard/cardboard_747.jpg,cardboard,paper_cardboard,train,standardized_256
data/raw/garbage_v2/standardized_256/cardboard/cardboard_75.jpg,cardboard,paper_cardboard,train,standardized_256
data/raw/garbage_v2/standardized_256/cardboard/cardboard_752.jpg,cardboard,paper_cardboard,train,standardized_256
data/raw/garbage_v2/standardized_256/cardboard/cardboard_753.jpg,cardboard,paper_cardboard,train,standardized_256
data/raw/garbage_v2/standardized_256/cardboard/cardboard_756.jpg,cardboard,paper_cardboard,train,standardized_256
data/raw/garbage_v2/standardized_256/cardboard/cardboard_758.jpg,cardboard,paper_cardboard,train,standardized_256
data/raw/garbage_v2/standardized_256/cardboard/cardboard_76.jpg,cardboard,paper_cardboard,train,standardized_256
data/raw/garbage_v2/standardized_256/cardboard/cardboard_760.jpg,cardboard,paper_cardboard,train,standardized_256
data/raw/garbage_v2/standardized_256/cardboard/cardboard_761.jpg,cardboard,paper_cardboard,train,standardized_256
data/raw/garbage_v2/standardized_256/cardboard/cardboard_763.jpg,cardboard,paper_cardboard,train,standardized_256
data/raw/garbage_v2/standardized_256/cardboard/cardboard_765.jpg,cardboard,paper_cardboard,train,standardized_256
data/raw/garbage_v2/standardized_256/cardboard/cardboard_766.jpg,cardboard,paper_cardboard,train,standardized_256
data/raw/garbage_v2/standardized_256/cardboard/cardboard_767.jpg,cardboard,paper_cardboard,train,standardized_256
data/raw/garbage_v2/standardized_256/cardboard/cardboard_769.jpg,cardboard,paper_cardboard,train,standardized_256
data/raw/garbage_v2/standardized_256/cardboard/cardboard_770.jpg,cardboard,paper_cardboard,train,standardized_256
data/raw/garbage_v2/standardized_256/cardboard/cardboard_771.jpg,cardboard,paper_cardboard,train,standardized_256
data/raw/garbage_v2/standardized_256/cardboard/cardboard_773.jpg,cardboard,paper_cardboard,train,standardized_256
data/raw/garbage_v2/standardized_256/cardboard/cardboard_774.jpg,cardboard,paper_cardboard,train,standardized_256
data/raw/garbage_v2/standardized_256/cardboard/cardboard_776.jpg,cardboard,paper_cardboard,train,standardized_256
data/raw/garbage_v2/standardized_256/cardboard/cardboard_777.jpg,cardboard,paper_cardboard,train,standardized_256
data/raw/garbage_v2/standardized_256/cardboard/cardboard_778.jpg,cardboard,paper_cardboard,train,standardized_256
data/raw/garbage_v2/standardized_256/cardboard/cardboard_78.jpg,cardboard,paper_cardboard,train,standardized_256
data/raw/garbage_v2/standardized_256/cardboard/cardboard_780.jpg,cardboard,paper_cardboard,train,standardized_256
data/raw/garbage_v2/standardized_256/cardboard/cardboard_781.jpg,cardboard,paper_cardboard,train,standardized_256
data/raw/garbage_v2/standardized_256/cardboard/cardboard_783.jpg,cardboard,paper_cardboard,train,standardized_256
data/raw/garbage_v2/standardized_256/cardboard/cardboard_784.jpg,cardboard,paper_cardboard,train,standardized_256
data/raw/garbage_v2/standardized_256/cardboard/cardboard_785.jpg,cardboard,paper_cardboard,train,standardized_256
data/raw/garbage_v2/standardized_256/cardboard/cardboard_788.jpg,cardboard,paper_cardboard,train,standardized_256
data/raw/garbage_v2/standardized_256/cardboard/cardboard_789.jpg,cardboard,paper_cardboard,train,standardized_256
data/raw/garbage_v2/standardized_256/cardboard/cardboard_79.jpg,cardboard,paper_cardboard,train,standardized_256
data/raw/garbage_v2/standardized_256/cardboard/cardboard_791.jpg,cardboard,paper_cardboard,train,standardized_256
data/raw/garbage_v2/standardized_256/cardboard/cardboard_792.jpg,cardboard,paper_cardboard,train,standardized_256
data/raw/garbage_v2/standardized_256/cardboard/cardboard_793.jpg,cardboard,paper_cardboard,train,standardized_256
data/raw/garbage_v2/standardized_256/cardboard/cardboard_795.jpg,cardboard,paper_cardboard,train,standardized_256
data/raw/garbage_v2/standardized_256/cardboard/cardboard_796.jpg,cardboard,paper_cardboard,train,standardized_256
data/raw/garbage_v2/standardized_256/cardboard/cardboard_798.jpg,cardboard,paper_cardboard,train,standardized_256
data/raw/garbage_v2/standardized_256/cardboard/cardboard_799.jpg,cardboard,paper_cardboard,train,standardized_256
data/raw/garbage_v2/standardized_256/cardboard/cardboard_8.jpg,cardboard,paper_cardboard,train,standardized_256
data/raw/garbage_v2/standardized_256/cardboard/cardboard_800.jpg,cardboard,paper_cardboard,train,standardized_256
data/raw/garbage_v2/standardized_256/cardboard/cardboard_801.jpg,cardboard,paper_cardboard,train,standardized_256
data/raw/garbage_v2/standardized_256/cardboard/cardboard_803.jpg,cardboard,paper_cardboard,train,standardized_256
data/raw/garbage_v2/standardized_256/cardboard/cardboard_806.jpg,cardboard,paper_cardboard,train,standardized_256
data/raw/garbage_v2/standardized_256/cardboard/cardboard_808.jpg,cardboard,paper_cardboard,train,standardized_256
data/raw/garbage_v2/standardized_256/cardboard/cardboard_809.jpg,cardboard,paper_cardboard,train,standardized_256
data/raw/garbage_v2/standardized_256/cardboard/cardboard_810.jpg,cardboard,paper_cardboard,train,standardized_256
data/raw/garbage_v2/standardized_256/cardboard/cardboard_811.jpg,cardboard,paper_cardboard,train,standardized_256
data/raw/garbage_v2/standardized_256/cardboard/cardboard_813.jpg,cardboard,paper_cardboard,train,standardized_256
data/raw/garbage_v2/standardized_256/cardboard/cardboard_815.jpg,cardboard,paper_cardboard,train,standardized_256
data/raw/garbage_v2/standardized_256/cardboard/cardboard_817.jpg,cardboard,paper_cardboard,train,standardized_256
data/raw/garbage_v2/standardized_256/cardboard/cardboard_818.jpg,cardboard,paper_cardboard,train,standardized_256
data/raw/garbage_v2/standardized_256/cardboard/cardboard_82.jpg,cardboard,paper_cardboard,train,standardized_256
data/raw/garbage_v2/standardized_256/cardboard/cardboard_820.jpg,cardboard,paper_cardboard,train,standardized_256
data/raw/garbage_v2/standardized_256/cardboard/cardboard_822.jpg,cardboard,paper_cardboard,train,standardized_256
data/raw/garbage_v2/standardized_256/cardboard/cardboard_823.jpg,cardboard,paper_cardboard,train,standardized_256
data/raw/garbage_v2/standardized_256/cardboard/cardboard_824.jpg,cardboard,paper_cardboard,train,standardized_256
data/raw/garbage_v2/standardized_256/cardboard/cardboard_825.jpg,cardboard,paper_cardboard,train,standardized_256
data/raw/garbage_v2/standardized_256/cardboard/cardboard_826.jpg,cardboard,paper_cardboard,train,standardized_256
data/raw/garbage_v2/standardized_256/cardboard/cardboard_827.jpg,cardboard,paper_cardboard,train,standardized_256
data/raw/garbage_v2/standardized_256/cardboard/cardboard_830.jpg,cardboard,paper_cardboard,train,standardized_256
data/raw/garbage_v2/standardized_256/cardboard/cardboard_831.jpg,cardboard,paper_cardboard,train,standardized_256
data/raw/garbage_v2/standardized_256/cardboard/cardboard_832.jpg,cardboard,paper_cardboard,train,standardized_256
data/raw/garbage_v2/standardized_256/cardboard/cardboard_836.jpg,cardboard,paper_cardboard,train,standardized_256
data/raw/garbage_v2/standardized_256/cardboard/cardboard_837.jpg,cardboard,paper_cardboard,train,standardized_256
data/raw/garbage_v2/standardized_256/cardboard/cardboard_838.jpg,cardboard,paper_cardboard,train,standardized_256
data/raw/garbage_v2/standardized_256/cardboard/cardboard_839.jpg,cardboard,paper_cardboard,train,standardized_256
data/raw/garbage_v2/standardized_256/cardboard/cardboard_84.jpg,cardboard,paper_cardboard,train,standardized_256
data/raw/garbage_v2/standardized_256/cardboard/cardboard_841.jpg,cardboard,paper_cardboard,train,standardized_256
data/raw/garbage_v2/standardized_256/cardboard/cardboard_842.jpg,cardboard,paper_cardboard,train,standardized_256
data/raw/garbage_v2/standardized_256/cardboard/cardboard_844.jpg,cardboard,paper_cardboard,train,standardized_256
data/raw/garbage_v2/standardized_256/cardboard/cardboard_845.jpg,cardboard,paper_cardboard,train,standardized_256
data/raw/garbage_v2/standardized_256/cardboard/cardboard_847.jpg,cardboard,paper_cardboard,train,standardized_256
data/raw/garbage_v2/standardized_256/cardboard/cardboard_849.jpg,cardboard,paper_cardboard,train,standardized_256
data/raw/garbage_v2/standardized_256/cardboard/cardboard_85.jpg,cardboard,paper_cardboard,train,standardized_256
data/raw/garbage_v2/standardized_256/cardboard/cardboard_850.jpg,cardboard,paper_cardboard,train,standardized_256
data/raw/garbage_v2/standardized_256/cardboard/cardboard_852.jpg,cardboard,paper_cardboard,train,standardized_256
data/raw/garbage_v2/standardized_256/cardboard/cardboard_854.jpg,cardboard,paper_cardboard,train,standardized_256
data/raw/garbage_v2/standardized_256/cardboard/cardboard_855.jpg,cardboard,paper_cardboard,train,standardized_256
data/raw/garbage_v2/standardized_256/cardboard/cardboard_856.jpg,cardboard,paper_cardboard,train,standardized_256
data/raw/garbage_v2/standardized_256/cardboard/cardboard_857.jpg,cardboard,paper_cardboard,train,standardized_256
data/raw/garbage_v2/standardized_256/cardboard/cardboard_858.jpg,cardboard,paper_cardboard,train,standardized_256
data/raw/garbage_v2/standardized_256/cardboard/cardboard_859.jpg,cardboard,paper_cardboard,train,standardized_256
data/raw/garbage_v2/standardized_256/cardboard/cardboard_860.jpg,cardboard,paper_cardboard,train,standardized_256
data/raw/garbage_v2/standardized_256/cardboard/cardboard_861.jpg,cardboard,paper_cardboard,train,standardized_256
data/raw/garbage_v2/standardized_256/cardboard/cardboard_862.jpg,cardboard,paper_cardboard,train,standardized_256
data/raw/garbage_v2/standardized_256/cardboard/cardboard_863.jpg,cardboard,paper_cardboard,train,standardized_256
data/raw/garbage_v2/standardized_256/cardboard/cardboard_864.jpg,cardboard,paper_cardboard,train,standardized_256
data/raw/garbage_v2/standardized_256/cardboard/cardboard_865.jpg,cardboard,paper_cardboard,train,standardized_256
data/raw/garbage_v2/standardized_256/cardboard/cardboard_866.jpg,cardboard,paper_cardboard,train,standardized_256
data/raw/garbage_v2/standardized_256/cardboard/cardboard_867.jpg,cardboard,paper_cardboard,train,standardized_256
data/raw/garbage_v2/standardized_256/cardboard/cardboard_869.jpg,cardboard,paper_cardboard,train,standardized_256
data/raw/garbage_v2/standardized_256/cardboard/cardboard_87.jpg,cardboard,paper_cardboard,train,standardized_256
data/raw/garbage_v2/standardized_256/cardboard/cardboard_870.jpg,cardboard,paper_cardboard,train,standardized_256
data/raw/garbage_v2/standardized_256/cardboard/cardboard_872.jpg,cardboard,paper_cardboard,train,standardized_256
data/raw/garbage_v2/standardized_256/cardboard/cardboard_873.jpg,cardboard,paper_cardboard,train,standardized_256
data/raw/garbage_v2/standardized_256/cardboard/cardboard_874.jpg,cardboard,paper_cardboard,train,standardized_256
data/raw/garbage_v2/standardized_256/cardboard/cardboard_876.jpg,cardboard,paper_cardboard,train,standardized_256
data/raw/garbage_v2/standardized_256/cardboard/cardboard_877.jpg,cardboard,paper_cardboard,train,standardized_256
data/raw/garbage_v2/standardized_256/cardboard/cardboard_879.jpg,cardboard,paper_cardboard,train,standardized_256
data/raw/garbage_v2/standardized_256/cardboard/cardboard_88.jpg,cardboard,paper_cardboard,train,standardized_256
data/raw/garbage_v2/standardized_256/cardboard/cardboard_880.jpg,cardboard,paper_cardboard,train,standardized_256
data/raw/garbage_v2/standardized_256/cardboard/cardboard_881.jpg,cardboard,paper_cardboard,train,standardized_256
data/raw/garbage_v2/standardized_256/cardboard/cardboard_882.jpg,cardboard,paper_cardboard,train,standardized_256
data/raw/garbage_v2/standardized_256/cardboard/cardboard_883.jpg,cardboard,paper_cardboard,train,standardized_256
data/raw/garbage_v2/standardized_256/cardboard/cardboard_885.jpg,cardboard,paper_cardboard,train,standardized_256
data/raw/garbage_v2/standardized_256/cardboard/cardboard_887.jpg,cardboard,paper_cardboard,train,standardized_256
data/raw/garbage_v2/standardized_256/cardboard/cardboard_888.jpg,cardboard,paper_cardboard,train,standardized_256
data/raw/garbage_v2/standardized_256/cardboard/cardboard_889.jpg,cardboard,paper_cardboard,train,standardized_256
data/raw/garbage_v2/standardized_256/cardboard/cardboard_890.jpg,cardboard,paper_cardboard,train,standardized_256
data/raw/garbage_v2/standardized_256/cardboard/cardboard_892.jpg,cardboard,paper_cardboard,train,standardized_256
data/raw/garbage_v2/standardized_256/cardboard/cardboard_893.jpg,cardboard,paper_cardboard,train,standardized_256
data/raw/garbage_v2/standardized_256/cardboard/cardboard_894.jpg,cardboard,paper_cardboard,train,standardized_256
data/raw/garbage_v2/standardized_256/cardboard/cardboard_895.jpg,cardboard,paper_cardboard,train,standardized_256
data/raw/garbage_v2/standardized_256/cardboard/cardboard_897.jpg,cardboard,paper_cardboard,train,standardized_256
data/raw/garbage_v2/standardized_256/cardboard/cardboard_898.jpg,cardboard,paper_cardboard,train,standardized_256
data/raw/garbage_v2/standardized_256/cardboard/cardboard_899.jpg,cardboard,paper_cardboard,train,standardized_256
data/raw/garbage_v2/standardized_256/cardboard/cardboard_90.jpg,cardboard,paper_cardboard,train,standardized_256
data/raw/garbage_v2/standardized_256/cardboard/cardboard_900.jpg,cardboard,paper_cardboard,train,standardized_256
data/raw/garbage_v2/standardized_256/cardboard/cardboard_902.jpg,cardboard,paper_cardboard,train,standardized_256
data/raw/garbage_v2/standardized_256/cardboard/cardboard_904.jpg,cardboard,paper_cardboard,train,standardized_256
data/raw/garbage_v2/standardized_256/cardboard/cardboard_905.jpg,cardboard,paper_cardboard,train,standardized_256
data/raw/garbage_v2/standardized_256/cardboard/cardboard_907.jpg,cardboard,paper_cardboard,train,standardized_256
data/raw/garbage_v2/standardized_256/cardboard/cardboard_908.jpg,cardboard,paper_cardboard,train,standardized_256
data/raw/garbage_v2/standardized_256/cardboard/cardboard_909.jpg,cardboard,paper_cardboard,train,standardized_256
data/raw/garbage_v2/standardized_256/cardboard/cardboard_91.jpg,cardboard,paper_cardboard,train,standardized_256
data/raw/garbage_v2/standardized_256/cardboard/cardboard_910.jpg,cardboard,paper_cardboard,train,standardized_256
data/raw/garbage_v2/standardized_256/cardboard/cardboard_912.jpg,cardboard,paper_cardboard,train,standardized_256
data/raw/garbage_v2/standardized_256/cardboard/cardboard_914.jpg,cardboard,paper_cardboard,train,standardized_256
data/raw/garbage_v2/standardized_256/cardboard/cardboard_915.jpg,cardboard,paper_cardboard,train,standardized_256
data/raw/garbage_v2/standardized_256/cardboard/cardboard_919.jpg,cardboard,paper_cardboard,train,standardized_256
data/raw/garbage_v2/standardized_256/cardboard/cardboard_92.jpg,cardboard,paper_cardboard,train,standardized_256
data/raw/garbage_v2/standardized_256/cardboard/cardboard_920.jpg,cardboard,paper_cardboard,train,standardized_256
data/raw/garbage_v2/standardized_256/cardboard/cardboard_921.jpg,cardboard,paper_cardboard,train,standardized_256
data/raw/garbage_v2/standardized_256/cardboard/cardboard_923.jpg,cardboard,paper_cardboard,train,standardized_256
data/raw/garbage_v2/standardized_256/cardboard/cardboard_924.jpg,cardboard,paper_cardboard,train,standardized_256
data/raw/garbage_v2/standardized_256/cardboard/cardboard_925.jpg,cardboard,paper_cardboard,train,standardized_256
data/raw/garbage_v2/standardized_256/cardboard/cardboard_926.jpg,cardboard,paper_cardboard,train,standardized_256
data/raw/garbage_v2/standardized_256/cardboard/cardboard_927.jpg,cardboard,paper_cardboard,train,standardized_256
data/raw/garbage_v2/standardized_256/cardboard/cardboard_93.jpg,cardboard,paper_cardboard,train,standardized_256
data/raw/garbage_v2/standardized_256/cardboard/cardboard_930.jpg,cardboard,paper_cardboard,train,standardized_256
data/raw/garbage_v2/standardized_256/cardboard/cardboard_931.jpg,cardboard,paper_cardboard,train,standardized_256
data/raw/garbage_v2/standardized_256/cardboard/cardboard_932.jpg,cardboard,paper_cardboard,train,standardized_256
data/raw/garbage_v2/standardized_256/cardboard/cardboard_934.jpg,cardboard,paper_cardboard,train,standardized_256
data/raw/garbage_v2/standardized_256/cardboard/cardboard_935.jpg,cardboard,paper_cardboard,train,standardized_256
data/raw/garbage_v2/standardized_256/cardboard/cardboard_936.jpg,cardboard,paper_cardboard,train,standardized_256
data/raw/garbage_v2/standardized_256/cardboard/cardboard_937.jpg,cardboard,paper_cardboard,train,standardized_256
data/raw/garbage_v2/standardized_256/cardboard/cardboard_938.jpg,cardboard,paper_cardboard,train,standardized_256
data/raw/garbage_v2/standardized_256/cardboard/cardboard_942.jpg,cardboard,paper_cardboard,train,standardized_256
data/raw/garbage_v2/standardized_256/cardboard/cardboard_943.jpg,cardboard,paper_cardboard,train,standardized_256
data/raw/garbage_v2/standardized_256/cardboard/cardboard_945.jpg,cardboard,paper_cardboard,train,standardized_256
data/raw/garbage_v2/standardized_256/cardboard/cardboard_946.jpg,cardboard,paper_cardboard,train,standardized_256
data/raw/garbage_v2/standardized_256/cardboard/cardboard_947.jpg,cardboard,paper_cardboard,train,standardized_256
data/raw/garbage_v2/standardized_256/cardboard/cardboard_949.jpg,cardboard,paper_cardboard,train,standardized_256
data/raw/garbage_v2/standardized_256/cardboard/cardboard_95.jpg,cardboard,paper_cardboard,train,standardized_256
data/raw/garbage_v2/standardized_256/cardboard/cardboard_950.jpg,cardboard,paper_cardboard,train,standardized_256
data/raw/garbage_v2/standardized_256/cardboard/cardboard_951.jpg,cardboard,paper_cardboard,train,standardized_256
data/raw/garbage_v2/standardized_256/cardboard/cardboard_953.jpg,cardboard,paper_cardboard,train,standardized_256
data/raw/garbage_v2/standardized_256/cardboard/cardboard_954.jpg,cardboard,paper_cardboard,train,standardized_256
data/raw/garbage_v2/standardized_256/cardboard/cardboard_956.jpg,cardboard,paper_cardboard,train,standardized_256
data/raw/garbage_v2/standardized_256/cardboard/cardboard_957.jpg,cardboard,paper_cardboard,train,standardized_256
data/raw/garbage_v2/standardized_256/cardboard/cardboard_958.jpg,cardboard,paper_cardboard,train,standardized_256
data/raw/garbage_v2/standardized_256/cardboard/cardboard_959.jpg,cardboard,paper_cardboard,train,standardized_256
data/raw/garbage_v2/standardized_256/cardboard/cardboard_960.jpg,cardboard,paper_cardboard,train,standardized_256
data/raw/garbage_v2/standardized_256/cardboard/cardboard_962.jpg,cardboard,paper_cardboard,train,standardized_256
data/raw/garbage_v2/standardized_256/cardboard/cardboard_963.jpg,cardboard,paper_cardboard,train,standardized_256
data/raw/garbage_v2/standardized_256/cardboard/cardboard_965.jpg,cardboard,paper_cardboard,train,standardized_256
data/raw/garbage_v2/standardized_256/cardboard/cardboard_966.jpg,cardboard,paper_cardboard,train,standardized_256
data/raw/garbage_v2/standardized_256/cardboard/cardboard_968.jpg,cardboard,paper_cardboard,train,standardized_256
data/raw/garbage_v2/standardized_256/cardboard/cardboard_969.jpg,cardboard,paper_cardboard,train,standardized_256
data/raw/garbage_v2/standardized_256/cardboard/cardboard_97.jpg,cardboard,paper_cardboard,train,standardized_256
data/raw/garbage_v2/standardized_256/cardboard/cardboard_970.jpg,cardboard,paper_cardboard,train,standardized_256
data/raw/garbage_v2/standardized_256/cardboard/cardboard_973.jpg,cardboard,paper_cardboard,train,standardized_256
data/raw/garbage_v2/standardized_256/cardboard/cardboard_975.jpg,cardboard,paper_cardboard,train,standardized_256
data/raw/garbage_v2/standardized_256/cardboard/cardboard_978.jpg,cardboard,paper_cardboard,train,standardized_256
data/raw/garbage_v2/standardized_256/cardboard/cardboard_98.jpg,cardboard,paper_cardboard,train,standardized_256
data/raw/garbage_v2/standardized_256/cardboard/cardboard_980.jpg,cardboard,paper_cardboard,train,standardized_256
data/raw/garbage_v2/standardized_256/cardboard/cardboard_982.jpg,cardboard,paper_cardboard,train,standardized_256
data/raw/garbage_v2/standardized_256/cardboard/cardboard_984.jpg,cardboard,paper_cardboard,train,standardized_256
data/raw/garbage_v2/standardized_256/cardboard/cardboard_985.jpg,cardboard,paper_cardboard,train,standardized_256
data/raw/garbage_v2/standardized_256/cardboard/cardboard_986.jpg,cardboard,paper_cardboard,train,standardized_256
data/raw/garbage_v2/standardized_256/cardboard/cardboard_987.jpg,cardboard,paper_cardboard,train,standardized_256
data/raw/garbage_v2/standardized_256/cardboard/cardboard_988.jpg,cardboard,paper_cardboard,train,standardized_256
data/raw/garbage_v2/standardized_256/cardboard/cardboard_989.jpg,cardboard,paper_cardboard,train,standardized_256
data/raw/garbage_v2/standardized_256/cardboard/cardboard_99.jpg,cardboard,paper_cardboard,train,standardized_256
data/raw/garbage_v2/standardized_256/cardboard/cardboard_990.jpg,cardboard,paper_cardboard,train,standardized_256
data/raw/garbage_v2/standardized_256/cardboard/cardboard_991.jpg,cardboard,paper_cardboard,train,standardized_256
data/raw/garbage_v2/standardized_256/cardboard/cardboard_992.jpg,cardboard,paper_cardboard,train,standardized_256
data/raw/garbage_v2/standardized_256/cardboard/cardboard_994.jpg,cardboard,paper_cardboard,train,standardized_256
data/raw/garbage_v2/standardized_256/cardboard/cardboard_995.jpg,cardboard,paper_cardboard,train,standardized_256
data/raw/garbage_v2/standardized_256/cardboard/cardboard_997.jpg,cardboard,paper_cardboard,train,standardized_256
data/raw/garbage_v2/standardized_256/cardboard/cardboard_998.jpg,cardboard,paper_cardboard,train,standardized_256
data/raw/garbage_v2/standardized_256/cardboard/cardboard_999.jpg,cardboard,paper_cardboard,train,standardized_256
data/raw/garbage_v2/standardized_256/paper/paper_1.jpg,paper,paper_cardboard,train,standardized_256
data/raw/garbage_v2/standardized_256/paper/paper_100.jpg,paper,paper_cardboard,train,standardized_256
data/raw/garbage_v2/standardized_256/paper/paper_1000.jpg,paper,paper_cardboard,train,standardized_256
data/raw/garbage_v2/standardized_256/paper/paper_1001.jpg,paper,paper_cardboard,train,standardized_256
data/raw/garbage_v2/standardized_256/paper/paper_1002.jpg,paper,paper_cardboard,train,standardized_256
data/raw/garbage_v2/standardized_256/paper/paper_1005.jpg,paper,paper_cardboard,train,standardized_256
data/raw/garbage_v2/standardized_256/paper/paper_1007.jpg,paper,paper_cardboard,train,standardized_256
data/raw/garbage_v2/standardized_256/paper/paper_1008.jpg,paper,paper_cardboard,train,standardized_256
data/raw/garbage_v2/standardized_256/paper/paper_1009.jpg,paper,paper_cardboard,train,standardized_256
data/raw/garbage_v2/standardized_256/paper/paper_1011.jpg,paper,paper_cardboard,train,standardized_256
data/raw/garbage_v2/standardized_256/paper/paper_1012.jpg,paper,paper_cardboard,train,standardized_256
data/raw/garbage_v2/standardized_256/paper/paper_1014.jpg,paper,paper_cardboard,train,standardized_256
data/raw/garbage_v2/standardized_256/paper/paper_1015.jpg,paper,paper_cardboard,train,standardized_256
data/raw/garbage_v2/standardized_256/paper/paper_1016.jpg,paper,paper_cardboard,train,standardized_256
data/raw/garbage_v2/standardized_256/paper/paper_1018.jpg,paper,paper_cardboard,train,standardized_256
data/raw/garbage_v2/standardized_256/paper/paper_1019.jpg,paper,paper_cardboard,train,standardized_256
data/raw/garbage_v2/standardized_256/paper/paper_1020.jpg,paper,paper_cardboard,train,standardized_256
data/raw/garbage_v2/standardized_256/paper/paper_1021.jpg,paper,paper_cardboard,train,standardized_256
data/raw/garbage_v2/standardized_256/paper/paper_1022.jpg,paper,paper_cardboard,train,standardized_256
data/raw/garbage_v2/standardized_256/paper/paper_1023.jpg,paper,paper_cardboard,train,standardized_256
data/raw/garbage_v2/standardized_256/paper/paper_1025.jpg,paper,paper_cardboard,train,standardized_256
data/raw/garbage_v2/standardized_256/paper/paper_1026.jpg,paper,paper_cardboard,train,standardized_256
data/raw/garbage_v2/standardized_256/paper/paper_1029.jpg,paper,paper_cardboard,train,standardized_256
data/raw/garbage_v2/standardized_256/paper/paper_103.jpg,paper,paper_cardboard,train,standardized_256
data/raw/garbage_v2/standardized_256/paper/paper_1030.jpg,paper,paper_cardboard,train,standardized_256
data/raw/garbage_v2/standardized_256/paper/paper_1031.jpg,paper,paper_cardboard,train,standardized_256
data/raw/garbage_v2/standardized_256/paper/paper_1034.jpg,paper,paper_cardboard,train,standardized_256
data/raw/garbage_v2/standardized_256/paper/paper_1035.jpg,paper,paper_cardboard,train,standardized_256
data/raw/garbage_v2/standardized_256/paper/paper_1036.jpg,paper,paper_cardboard,train,standardized_256
data/raw/garbage_v2/standardized_256/paper/paper_1037.jpg,paper,paper_cardboard,train,standardized_256
data/raw/garbage_v2/standardized_256/paper/paper_1039.jpg,paper,paper_cardboard,train,standardized_256
data/raw/garbage_v2/standardized_256/paper/paper_104.jpg,paper,paper_cardboard,train,standardized_256
data/raw/garbage_v2/standardized_256/paper/paper_1040.jpg,paper,paper_cardboard,train,standardized_256
data/raw/garbage_v2/standardized_256/paper/paper_1042.jpg,paper,paper_cardboard,train,standardized_256
data/raw/garbage_v2/standardized_256/paper/paper_1043.jpg,paper,paper_cardboard,train,standardized_256
data/raw/garbage_v2/standardized_256/paper/paper_1045.jpg,paper,paper_cardboard,train,standardized_256
data/raw/garbage_v2/standardized_256/paper/paper_1047.jpg,paper,paper_cardboard,train,standardized_256
data/raw/garbage_v2/standardized_256/paper/paper_1049.jpg,paper,paper_cardboard,train,standardized_256
data/raw/garbage_v2/standardized_256/paper/paper_105.jpg,paper,paper_cardboard,train,standardized_256
data/raw/garbage_v2/standardized_256/paper/paper_1050.jpg,paper,paper_cardboard,train,standardized_256
data/raw/garbage_v2/standardized_256/paper/paper_1051.jpg,paper,paper_cardboard,train,standardized_256
data/raw/garbage_v2/standardized_256/paper/paper_1052.jpg,paper,paper_cardboard,train,standardized_256
data/raw/garbage_v2/standardized_256/paper/paper_1054.jpg,paper,paper_cardboard,train,standardized_256
data/raw/garbage_v2/standardized_256/paper/paper_1055.jpg,paper,paper_cardboard,train,standardized_256
data/raw/garbage_v2/standardized_256/paper/paper_1056.jpg,paper,paper_cardboard,train,standardized_256
data/raw/garbage_v2/standardized_256/paper/paper_1057.jpg,paper,paper_cardboard,train,standardized_256
data/raw/garbage_v2/standardized_256/paper/paper_1058.jpg,paper,paper_cardboard,train,standardized_256
data/raw/garbage_v2/standardized_256/paper/paper_1059.jpg,paper,paper_cardboard,train,standardized_256
data/raw/garbage_v2/standardized_256/paper/paper_106.jpg,paper,paper_cardboard,train,standardized_256
data/raw/garbage_v2/standardized_256/paper/paper_1061.jpg,paper,paper_cardboard,train,standardized_256
data/raw/garbage_v2/standardized_256/paper/paper_1065.jpg,paper,paper_cardboard,train,standardized_256
data/raw/garbage_v2/standardized_256/paper/paper_1067.jpg,paper,paper_cardboard,train,standardized_256
data/raw/garbage_v2/standardized_256/paper/paper_1069.jpg,paper,paper_cardboard,train,standardized_256
data/raw/garbage_v2/standardized_256/paper/paper_107.jpg,paper,paper_cardboard,train,standardized_256
data/raw/garbage_v2/standardized_256/paper/paper_1071.jpg,paper,paper_cardboard,train,standardized_256
data/raw/garbage_v2/standardized_256/paper/paper_1072.jpg,paper,paper_cardboard,train,standardized_256
data/raw/garbage_v2/standardized_256/paper/paper_1075.jpg,paper,paper_cardboard,train,standardized_256
data/raw/garbage_v2/standardized_256/paper/paper_1076.jpg,paper,paper_cardboard,train,standardized_256
data/raw/garbage_v2/standardized_256/paper/paper_1079.jpg,paper,paper_cardboard,train,standardized_256
data/raw/garbage_v2/standardized_256/paper/paper_108.jpg,paper,paper_cardboard,train,standardized_256
data/raw/garbage_v2/standardized_256/paper/paper_1080.jpg,paper,paper_cardboard,train,standardized_256
data/raw/garbage_v2/standardized_256/paper/paper_1081.jpg,paper,paper_cardboard,train,standardized_256
data/raw/garbage_v2/standardized_256/paper/paper_1083.jpg,paper,paper_cardboard,train,standardized_256
data/raw/garbage_v2/standardized_256/paper/paper_1084.jpg,paper,paper_cardboard,train,standardized_256
data/raw/garbage_v2/standardized_256/paper/paper_1085.jpg,paper,paper_cardboard,train,standardized_256
data/raw/garbage_v2/standardized_256/paper/paper_1086.jpg,paper,paper_cardboard,train,standardized_256
data/raw/garbage_v2/standardized_256/paper/paper_1087.jpg,paper,paper_cardboard,train,standardized_256
data/raw/garbage_v2/standardized_256/paper/paper_1088.jpg,paper,paper_cardboard,train,standardized_256
data/raw/garbage_v2/standardized_256/paper/paper_109.jpg,paper,paper_cardboard,train,standardized_256
data/raw/garbage_v2/standardized_256/paper/paper_1091.jpg,paper,paper_cardboard,train,standardized_256
data/raw/garbage_v2/standardized_256/paper/paper_1092.jpg,paper,paper_cardboard,train,standardized_256
data/raw/garbage_v2/standardized_256/paper/paper_1093.jpg,paper,paper_cardboard,train,standardized_256
data/raw/garbage_v2/standardized_256/paper/paper_1097.jpg,paper,paper_cardboard,train,standardized_256
data/raw/garbage_v2/standardized_256/paper/paper_1101.jpg,paper,paper_cardboard,train,standardized_256
data/raw/garbage_v2/standardized_256/paper/paper_1103.jpg,paper,paper_cardboard,train,standardized_256
data/raw/garbage_v2/standardized_256/paper/paper_1105.jpg,paper,paper_cardboard,train,standardized_256
data/raw/garbage_v2/standardized_256/paper/paper_1106.jpg,paper,paper_cardboard,train,standardized_256
data/raw/garbage_v2/standardized_256/paper/paper_1107.jpg,paper,paper_cardboard,train,standardized_256
data/raw/garbage_v2/standardized_256/paper/paper_1108.jpg,paper,paper_cardboard,train,standardized_256
data/raw/garbage_v2/standardized_256/paper/paper_111.jpg,paper,paper_cardboard,train,standardized_256
data/raw/garbage_v2/standardized_256/paper/paper_1110.jpg,paper,paper_cardboard,train,standardized_256
data/raw/garbage_v2/standardized_256/paper/paper_1111.jpg,paper,paper_cardboard,train,standardized_256
data/raw/garbage_v2/standardized_256/paper/paper_1113.jpg,paper,paper_cardboard,train,standardized_256
data/raw/garbage_v2/standardized_256/paper/paper_1116.jpg,paper,paper_cardboard,train,standardized_256
data/raw/garbage_v2/standardized_256/paper/paper_1117.jpg,paper,paper_cardboard,train,standardized_256
data/raw/garbage_v2/standardized_256/paper/paper_1118.jpg,paper,paper_cardboard,train,standardized_256
data/raw/garbage_v2/standardized_256/paper/paper_1119.jpg,paper,paper_cardboard,train,standardized_256
data/raw/garbage_v2/standardized_256/paper/paper_112.jpg,paper,paper_cardboard,train,standardized_256
data/raw/garbage_v2/standardized_256/paper/paper_1120.jpg,paper,paper_cardboard,train,standardized_256
data/raw/garbage_v2/standardized_256/paper/paper_1121.jpg,paper,paper_cardboard,train,standardized_256
data/raw/garbage_v2/standardized_256/paper/paper_1122.jpg,paper,paper_cardboard,train,standardized_256
data/raw/garbage_v2/standardized_256/paper/paper_1124.jpg,paper,paper_cardboard,train,standardized_256
data/raw/garbage_v2/standardized_256/paper/paper_1125.jpg,paper,paper_cardboard,train,standardized_256
data/raw/garbage_v2/standardized_256/paper/paper_1129.jpg,paper,paper_cardboard,train,standardized_256
data/raw/garbage_v2/standardized_256/paper/paper_113.jpg,paper,paper_cardboard,train,standardized_256
data/raw/garbage_v2/standardized_256/paper/paper_1133.jpg,paper,paper_cardboard,train,standardized_256
data/raw/garbage_v2/standardized_256/paper/paper_1135.jpg,paper,paper_cardboard,train,standardized_256
data/raw/garbage_v2/standardized_256/paper/paper_1136.jpg,paper,paper_cardboard,train,standardized_256
data/raw/garbage_v2/standardized_256/paper/paper_1137.jpg,paper,paper_cardboard,train,standardized_256
data/raw/garbage_v2/standardized_256/paper/paper_1139.jpg,paper,paper_cardboard,train,standardized_256
data/raw/garbage_v2/standardized_256/paper/paper_114.jpg,paper,paper_cardboard,train,standardized_256
data/raw/garbage_v2/standardized_256/paper/paper_1140.jpg,paper,paper_cardboard,train,standardized_256
data/raw/garbage_v2/standardized_256/paper/paper_1141.jpg,paper,paper_cardboard,train,standardized_256
data/raw/garbage_v2/standardized_256/paper/paper_1142.jpg,paper,paper_cardboard,train,standardized_256
data/raw/garbage_v2/standardized_256/paper/paper_1144.jpg,paper,paper_cardboard,train,standardized_256
data/raw/garbage_v2/standardized_256/paper/paper_1145.jpg,paper,paper_cardboard,train,standardized_256
data/raw/garbage_v2/standardized_256/paper/paper_1148.jpg,paper,paper_cardboard,train,standardized_256
data/raw/garbage_v2/standardized_256/paper/paper_1149.jpg,paper,paper_cardboard,train,standardized_256
data/raw/garbage_v2/standardized_256/paper/paper_115.jpg,paper,paper_cardboard,train,standardized_256
data/raw/garbage_v2/standardized_256/paper/paper_1150.jpg,paper,paper_cardboard,train,standardized_256
data/raw/garbage_v2/standardized_256/paper/paper_1151.jpg,paper,paper_cardboard,train,standardized_256
data/raw/garbage_v2/standardized_256/paper/paper_1152.jpg,paper,paper_cardboard,train,standardized_256
data/raw/garbage_v2/standardized_256/paper/paper_1153.jpg,paper,paper_cardboard,train,standardized_256
data/raw/garbage_v2/standardized_256/paper/paper_1155.jpg,paper,paper_cardboard,train,standardized_256
data/raw/garbage_v2/standardized_256/paper/paper_1158.jpg,paper,paper_cardboard,train,standardized_256
data/raw/garbage_v2/standardized_256/paper/paper_1159.jpg,paper,paper_cardboard,train,standardized_256
data/raw/garbage_v2/standardized_256/paper/paper_116.jpg,paper,paper_cardboard,train,standardized_256
data/raw/garbage_v2/standardized_256/paper/paper_1161.jpg,paper,paper_cardboard,train,standardized_256
data/raw/garbage_v2/standardized_256/paper/paper_1163.jpg,paper,paper_cardboard,train,standardized_256
data/raw/garbage_v2/standardized_256/paper/paper_1164.jpg,paper,paper_cardboard,train,standardized_256
data/raw/garbage_v2/standardized_256/paper/paper_1166.jpg,paper,paper_cardboard,train,standardized_256
data/raw/garbage_v2/standardized_256/paper/paper_1167.jpg,paper,paper_cardboard,train,standardized_256
data/raw/garbage_v2/standardized_256/paper/paper_1169.jpg,paper,paper_cardboard,train,standardized_256
data/raw/garbage_v2/standardized_256/paper/paper_117.jpg,paper,paper_cardboard,train,standardized_256
data/raw/garbage_v2/standardized_256/paper/paper_1170.jpg,paper,paper_cardboard,train,standardized_256
data/raw/garbage_v2/standardized_256/paper/paper_1171.jpg,paper,paper_cardboard,train,standardized_256
data/raw/garbage_v2/standardized_256/paper/paper_1172.jpg,paper,paper_cardboard,train,standardized_256
data/raw/garbage_v2/standardized_256/paper/paper_1173.jpg,paper,paper_cardboard,train,standardized_256
data/raw/garbage_v2/standardized_256/paper/paper_1175.jpg,paper,paper_cardboard,train,standardized_256
data/raw/garbage_v2/standardized_256/paper/paper_1176.jpg,paper,paper_cardboard,train,standardized_256
data/raw/garbage_v2/standardized_256/paper/paper_1180.jpg,paper,paper_cardboard,train,standardized_256
data/raw/garbage_v2/standardized_256/paper/paper_1183.jpg,paper,paper_cardboard,train,standardized_256
data/raw/garbage_v2/standardized_256/paper/paper_1184.jpg,paper,paper_cardboard,train,standardized_256
data/raw/garbage_v2/standardized_256/paper/paper_1186.jpg,paper,paper_cardboard,train,standardized_256
data/raw/garbage_v2/standardized_256/paper/paper_1187.jpg,paper,paper_cardboard,train,standardized_256
data/raw/garbage_v2/standardized_256/paper/paper_1188.jpg,paper,paper_cardboard,train,standardized_256
data/raw/garbage_v2/standardized_256/paper/paper_1190.jpg,paper,paper_cardboard,train,standardized_256
data/raw/garbage_v2/standardized_256/paper/paper_1191.jpg,paper,paper_cardboard,train,standardized_256
data/raw/garbage_v2/standardized_256/paper/paper_1192.jpg,paper,paper_cardboard,train,standardized_256
data/raw/garbage_v2/standardized_256/paper/paper_1193.jpg,paper,paper_cardboard,train,standardized_256
data/raw/garbage_v2/standardized_256/paper/paper_1196.jpg,paper,paper_cardboard,train,standardized_256
data/raw/garbage_v2/standardized_256/paper/paper_1197.jpg,paper,paper_cardboard,train,standardized_256
data/raw/garbage_v2/standardized_256/paper/paper_12.jpg,paper,paper_cardboard,train,standardized_256
data/raw/garbage_v2/standardized_256/paper/paper_120.jpg,paper,paper_cardboard,train,standardized_256
data/raw/garbage_v2/standardized_256/paper/paper_1201.jpg,paper,paper_cardboard,train,standardized_256
data/raw/garbage_v2/standardized_256/paper/paper_1203.jpg,paper,paper_cardboard,train,standardized_256
data/raw/garbage_v2/standardized_256/paper/paper_1204.jpg,paper,paper_cardboard,train,standardized_256
data/raw/garbage_v2/standardized_256/paper/paper_1206.jpg,paper,paper_cardboard,train,standardized_256
data/raw/garbage_v2/standardized_256/paper/paper_1207.jpg,paper,paper_cardboard,train,standardized_256
data/raw/garbage_v2/standardized_256/paper/paper_1209.jpg,paper,paper_cardboard,train,standardized_256
data/raw/garbage_v2/standardized_256/paper/paper_1210.jpg,paper,paper_cardboard,train,standardized_256
data/raw/garbage_v2/standardized_256/paper/paper_1212.jpg,paper,paper_cardboard,train,standardized_256
data/raw/garbage_v2/standardized_256/paper/paper_1213.jpg,paper,paper_cardboard,train,standardized_256
data/raw/garbage_v2/standardized_256/paper/paper_1215.jpg,paper,paper_cardboard,train,standardized_256
data/raw/garbage_v2/standardized_256/paper/paper_1217.jpg,paper,paper_cardboard,train,standardized_256
data/raw/garbage_v2/standardized_256/paper/paper_1218.jpg,paper,paper_cardboard,train,standardized_256
data/raw/garbage_v2/standardized_256/paper/paper_122.jpg,paper,paper_cardboard,train,standardized_256
data/raw/garbage_v2/standardized_256/paper/paper_1223.jpg,paper,paper_cardboard,train,standardized_256
data/raw/garbage_v2/standardized_256/paper/paper_1224.jpg,paper,paper_cardboard,train,standardized_256
data/raw/garbage_v2/standardized_256/paper/paper_1225.jpg,paper,paper_cardboard,train,standardized_256
data/raw/garbage_v2/standardized_256/paper/paper_1226.jpg,paper,paper_cardboard,train,standardized_256
data/raw/garbage_v2/standardized_256/paper/paper_1227.jpg,paper,paper_cardboard,train,standardized_256
data/raw/garbage_v2/standardized_256/paper/paper_1228.jpg,paper,paper_cardboard,train,standardized_256
data/raw/garbage_v2/standardized_256/paper/paper_1229.jpg,paper,paper_cardboard,train,standardized_256
data/raw/garbage_v2/standardized_256/paper/paper_123.jpg,paper,paper_cardboard,train,standardized_256
data/raw/garbage_v2/standardized_256/paper/paper_1230.jpg,paper,paper_cardboard,train,standardized_256
data/raw/garbage_v2/standardized_256/paper/paper_1232.jpg,paper,paper_cardboard,train,standardized_256
data/raw/garbage_v2/standardized_256/paper/paper_1233.jpg,paper,paper_cardboard,train,standardized_256
data/raw/garbage_v2/standardized_256/paper/paper_1234.jpg,paper,paper_cardboard,train,standardized_256
data/raw/garbage_v2/standardized_256/paper/paper_1235.jpg,paper,paper_cardboard,train,standardized_256
data/raw/garbage_v2/standardized_256/paper/paper_1236.jpg,paper,paper_cardboard,train,standardized_256
data/raw/garbage_v2/standardized_256/paper/paper_1237.jpg,paper,paper_cardboard,train,standardized_256
data/raw/garbage_v2/standardized_256/paper/paper_124.jpg,paper,paper_cardboard,train,standardized_256
data/raw/garbage_v2/standardized_256/paper/paper_1240.jpg,paper,paper_cardboard,train,standardized_256
data/raw/garbage_v2/standardized_256/paper/paper_1241.jpg,paper,paper_cardboard,train,standardized_256
data/raw/garbage_v2/standardized_256/paper/paper_1242.jpg,paper,paper_cardboard,train,standardized_256
data/raw/garbage_v2/standardized_256/paper/paper_1243.jpg,paper,paper_cardboard,train,standardized_256
data/raw/garbage_v2/standardized_256/paper/paper_1245.jpg,paper,paper_cardboard,train,standardized_256
data/raw/garbage_v2/standardized_256/paper/paper_1246.jpg,paper,paper_cardboard,train,standardized_256
data/raw/garbage_v2/standardized_256/paper/paper_1248.jpg,paper,paper_cardboard,train,standardized_256
data/raw/garbage_v2/standardized_256/paper/paper_1249.jpg,paper,paper_cardboard,train,standardized_256
data/raw/garbage_v2/standardized_256/paper/paper_125.jpg,paper,paper_cardboard,train,standardized_256
data/raw/garbage_v2/standardized_256/paper/paper_1250.jpg,paper,paper_cardboard,train,standardized_256
data/raw/garbage_v2/standardized_256/paper/paper_1252.jpg,paper,paper_cardboard,train,standardized_256
data/raw/garbage_v2/standardized_256/paper/paper_1253.jpg,paper,paper_cardboard,train,standardized_256
data/raw/garbage_v2/standardized_256/paper/paper_1254.jpg,paper,paper_cardboard,train,standardized_256
data/raw/garbage_v2/standardized_256/paper/paper_1255.jpg,paper,paper_cardboard,train,standardized_256
data/raw/garbage_v2/standardized_256/paper/paper_1258.jpg,paper,paper_cardboard,train,standardized_256
data/raw/garbage_v2/standardized_256/paper/paper_126.jpg,paper,paper_cardboard,train,standardized_256
data/raw/garbage_v2/standardized_256/paper/paper_1260.jpg,paper,paper_cardboard,train,standardized_256
data/raw/garbage_v2/standardized_256/paper/paper_1261.jpg,paper,paper_cardboard,train,standardized_256
data/raw/garbage_v2/standardized_256/paper/paper_1264.jpg,paper,paper_cardboard,train,standardized_256
data/raw/garbage_v2/standardized_256/paper/paper_1265.jpg,paper,paper_cardboard,train,standardized_256
data/raw/garbage_v2/standardized_256/paper/paper_1267.jpg,paper,paper_cardboard,train,standardized_256
data/raw/garbage_v2/standardized_256/paper/paper_1268.jpg,paper,paper_cardboard,train,standardized_256
data/raw/garbage_v2/standardized_256/paper/paper_1269.jpg,paper,paper_cardboard,train,standardized_256
data/raw/garbage_v2/standardized_256/paper/paper_127.jpg,paper,paper_cardboard,train,standardized_256
data/raw/garbage_v2/standardized_256/paper/paper_1270.jpg,paper,paper_cardboard,train,standardized_256
data/raw/garbage_v2/standardized_256/paper/paper_1271.jpg,paper,paper_cardboard,train,standardized_256
data/raw/garbage_v2/standardized_256/paper/paper_1274.jpg,paper,paper_cardboard,train,standardized_256
data/raw/garbage_v2/standardized_256/paper/paper_1275.jpg,paper,paper_cardboard,train,standardized_256
data/raw/garbage_v2/standardized_256/paper/paper_1276.jpg,paper,paper_cardboard,train,standardized_256
data/raw/garbage_v2/standardized_256/paper/paper_1277.jpg,paper,paper_cardboard,train,standardized_256
data/raw/garbage_v2/standardized_256/paper/paper_1279.jpg,paper,paper_cardboard,train,standardized_256
data/raw/garbage_v2/standardized_256/paper/paper_128.jpg,paper,paper_cardboard,train,standardized_256
data/raw/garbage_v2/standardized_256/paper/paper_1280.jpg,paper,paper_cardboard,train,standardized_256
data/raw/garbage_v2/standardized_256/paper/paper_1281.jpg,paper,paper_cardboard,train,standardized_256
data/raw/garbage_v2/standardized_256/paper/paper_1283.jpg,paper,paper_cardboard,train,standardized_256
data/raw/garbage_v2/standardized_256/paper/paper_1284.jpg,paper,paper_cardboard,train,standardized_256
data/raw/garbage_v2/standardized_256/paper/paper_1285.jpg,paper,paper_cardboard,train,standardized_256
data/raw/garbage_v2/standardized_256/paper/paper_1286.jpg,paper,paper_cardboard,train,standardized_256
data/raw/garbage_v2/standardized_256/paper/paper_1287.jpg,paper,paper_cardboard,train,standardized_256
data/raw/garbage_v2/standardized_256/paper/paper_1288.jpg,paper,paper_cardboard,train,standardized_256
data/raw/garbage_v2/standardized_256/paper/paper_1289.jpg,paper,paper_cardboard,train,standardized_256
data/raw/garbage_v2/standardized_256/paper/paper_1290.jpg,paper,paper_cardboard,train,standardized_256
data/raw/garbage_v2/standardized_256/paper/paper_1291.jpg,paper,paper_cardboard,train,standardized_256
data/raw/garbage_v2/standardized_256/paper/paper_1292.jpg,paper,paper_cardboard,train,standardized_256
data/raw/garbage_v2/standardized_256/paper/paper_1294.jpg,paper,paper_cardboard,train,standardized_256
data/raw/garbage_v2/standardized_256/paper/paper_1295.jpg,paper,paper_cardboard,train,standardized_256
data/raw/garbage_v2/standardized_256/paper/paper_1296.jpg,paper,paper_cardboard,train,standardized_256
data/raw/garbage_v2/standardized_256/paper/paper_1298.jpg,paper,paper_cardboard,train,standardized_256
data/raw/garbage_v2/standardized_256/paper/paper_13.jpg,paper,paper_cardboard,train,standardized_256
data/raw/garbage_v2/standardized_256/paper/paper_130.jpg,paper,paper_cardboard,train,standardized_256
data/raw/garbage_v2/standardized_256/paper/paper_1300.jpg,paper,paper_cardboard,train,standardized_256
data/raw/garbage_v2/standardized_256/paper/paper_1302.jpg,paper,paper_cardboard,train,standardized_256
data/raw/garbage_v2/standardized_256/paper/paper_1303.jpg,paper,paper_cardboard,train,standardized_256
data/raw/garbage_v2/standardized_256/paper/paper_1304.jpg,paper,paper_cardboard,train,standardized_256
data/raw/garbage_v2/standardized_256/paper/paper_1305.jpg,paper,paper_cardboard,train,standardized_256
data/raw/garbage_v2/standardized_256/paper/paper_1309.jpg,paper,paper_cardboard,train,standardized_256
data/raw/garbage_v2/standardized_256/paper/paper_131.jpg,paper,paper_cardboard,train,standardized_256
data/raw/garbage_v2/standardized_256/paper/paper_1310.jpg,paper,paper_cardboard,train,standardized_256
data/raw/garbage_v2/standardized_256/paper/paper_1311.jpg,paper,paper_cardboard,train,standardized_256
data/raw/garbage_v2/standardized_256/paper/paper_1313.jpg,paper,paper_cardboard,train,standardized_256
data/raw/garbage_v2/standardized_256/paper/paper_1316.jpg,paper,paper_cardboard,train,standardized_256
data/raw/garbage_v2/standardized_256/paper/paper_1317.jpg,paper,paper_cardboard,train,standardized_256
data/raw/garbage_v2/standardized_256/paper/paper_1319.jpg,paper,paper_cardboard,train,standardized_256
data/raw/garbage_v2/standardized_256/paper/paper_1320.jpg,paper,paper_cardboard,train,standardized_256
data/raw/garbage_v2/standardized_256/paper/paper_1321.jpg,paper,paper_cardboard,train,standardized_256
data/raw/garbage_v2/standardized_256/paper/paper_1322.jpg,paper,paper_cardboard,train,standardized_256
data/raw/garbage_v2/standardized_256/paper/paper_1324.jpg,paper,paper_cardboard,train,standardized_256
data/raw/garbage_v2/standardized_256/paper/paper_1325.jpg,paper,paper_cardboard,train,standardized_256
data/raw/garbage_v2/standardized_256/paper/paper_1328.jpg,paper,paper_cardboard,train,standardized_256
data/raw/garbage_v2/standardized_256/paper/paper_1330.jpg,paper,paper_cardboard,train,standardized_256
data/raw/garbage_v2/standardized_256/paper/paper_1331.jpg,paper,paper_cardboard,train,standardized_256
data/raw/garbage_v2/standardized_256/paper/paper_1332.jpg,paper,paper_cardboard,train,standardized_256
data/raw/garbage_v2/standardized_256/paper/paper_1333.jpg,paper,paper_cardboard,train,standardized_256
data/raw/garbage_v2/standardized_256/paper/paper_1334.jpg,paper,paper_cardboard,train,standardized_256
data/raw/garbage_v2/standardized_256/paper/paper_1335.jpg,paper,paper_cardboard,train,standardized_256
data/raw/garbage_v2/standardized_256/paper/paper_1336.jpg,paper,paper_cardboard,train,standardized_256
data/raw/garbage_v2/standardized_256/paper/paper_134.jpg,paper,paper_cardboard,train,standardized_256
data/raw/garbage_v2/standardized_256/paper/paper_137.jpg,paper,paper_cardboard,train,standardized_256
data/raw/garbage_v2/standardized_256/paper/paper_138.jpg,paper,paper_cardboard,train,standardized_256
data/raw/garbage_v2/standardized_256/paper/paper_139.jpg,paper,paper_cardboard,train,standardized_256
data/raw/garbage_v2/standardized_256/paper/paper_140.jpg,paper,paper_cardboard,train,standardized_256
data/raw/garbage_v2/standardized_256/paper/paper_142.jpg,paper,paper_cardboard,train,standardized_256
data/raw/garbage_v2/standardized_256/paper/paper_143.jpg,paper,paper_cardboard,train,standardized_256
data/raw/garbage_v2/standardized_256/paper/paper_144.jpg,paper,paper_cardboard,train,standardized_256
data/raw/garbage_v2/standardized_256/paper/paper_146.jpg,paper,paper_cardboard,train,standardized_256
data/raw/garbage_v2/standardized_256/paper/paper_147.jpg,paper,paper_cardboard,train,standardized_256
data/raw/garbage_v2/standardized_256/paper/paper_149.jpg,paper,paper_cardboard,train,standardized_256
data/raw/garbage_v2/standardized_256/paper/paper_150.jpg,paper,paper_cardboard,train,standardized_256
data/raw/garbage_v2/standardized_256/paper/paper_153.jpg,paper,paper_cardboard,train,standardized_256
data/raw/garbage_v2/standardized_256/paper/paper_154.jpg,paper,paper_cardboard,train,standardized_256
data/raw/garbage_v2/standardized_256/paper/paper_156.jpg,paper,paper_cardboard,train,standardized_256
data/raw/garbage_v2/standardized_256/paper/paper_157.jpg,paper,paper_cardboard,train,standardized_256
data/raw/garbage_v2/standardized_256/paper/paper_158.jpg,paper,paper_cardboard,train,standardized_256
data/raw/garbage_v2/standardized_256/paper/paper_159.jpg,paper,paper_cardboard,train,standardized_256
data/raw/garbage_v2/standardized_256/paper/paper_16.jpg,paper,paper_cardboard,train,standardized_256
data/raw/garbage_v2/standardized_256/paper/paper_160.jpg,paper,paper_cardboard,train,standardized_256
data/raw/garbage_v2/standardized_256/paper/paper_161.jpg,paper,paper_cardboard,train,standardized_256
data/raw/garbage_v2/standardized_256/paper/paper_162.jpg,paper,paper_cardboard,train,standardized_256
data/raw/garbage_v2/standardized_256/paper/paper_163.jpg,paper,paper_cardboard,train,standardized_256
data/raw/garbage_v2/standardized_256/paper/paper_164.jpg,paper,paper_cardboard,train,standardized_256
data/raw/garbage_v2/standardized_256/paper/paper_166.jpg,paper,paper_cardboard,train,standardized_256
data/raw/garbage_v2/standardized_256/paper/paper_167.jpg,paper,paper_cardboard,train,standardized_256
data/raw/garbage_v2/standardized_256/paper/paper_168.jpg,paper,paper_cardboard,train,standardized_256
data/raw/garbage_v2/standardized_256/paper/paper_169.jpg,paper,paper_cardboard,train,standardized_256
data/raw/garbage_v2/standardized_256/paper/paper_170.jpg,paper,paper_cardboard,train,standardized_256
data/raw/garbage_v2/standardized_256/paper/paper_171.jpg,paper,paper_cardboard,train,standardized_256
data/raw/garbage_v2/standardized_256/paper/paper_172.jpg,paper,paper_cardboard,train,standardized_256
data/raw/garbage_v2/standardized_256/paper/paper_173.jpg,paper,paper_cardboard,train,standardized_256
data/raw/garbage_v2/standardized_256/paper/paper_174.jpg,paper,paper_cardboard,train,standardized_256
data/raw/garbage_v2/standardized_256/paper/paper_175.jpg,paper,paper_cardboard,train,standardized_256
data/raw/garbage_v2/standardized_256/paper/paper_177.jpg,paper,paper_cardboard,train,standardized_256
data/raw/garbage_v2/standardized_256/paper/paper_178.jpg,paper,paper_cardboard,train,standardized_256
data/raw/garbage_v2/standardized_256/paper/paper_179.jpg,paper,paper_cardboard,train,standardized_256
data/raw/garbage_v2/standardized_256/paper/paper_180.jpg,paper,paper_cardboard,train,standardized_256
data/raw/garbage_v2/standardized_256/paper/paper_183.jpg,paper,paper_cardboard,train,standardized_256
data/raw/garbage_v2/standardized_256/paper/paper_185.jpg,paper,paper_cardboard,train,standardized_256
data/raw/garbage_v2/standardized_256/paper/paper_187.jpg,paper,paper_cardboard,train,standardized_256
data/raw/garbage_v2/standardized_256/paper/paper_188.jpg,paper,paper_cardboard,train,standardized_256
data/raw/garbage_v2/standardized_256/paper/paper_19.jpg,paper,paper_cardboard,train,standardized_256
data/raw/garbage_v2/standardized_256/paper/paper_190.jpg,paper,paper_cardboard,train,standardized_256
data/raw/garbage_v2/standardized_256/paper/paper_191.jpg,paper,paper_cardboard,train,standardized_256
data/raw/garbage_v2/standardized_256/paper/paper_192.jpg,paper,paper_cardboard,train,standardized_256
data/raw/garbage_v2/standardized_256/paper/paper_193.jpg,paper,paper_cardboard,train,standardized_256
data/raw/garbage_v2/standardized_256/paper/paper_194.jpg,paper,paper_cardboard,train,standardized_256
data/raw/garbage_v2/standardized_256/paper/paper_195.jpg,paper,paper_cardboard,train,standardized_256
data/raw/garbage_v2/standardized_256/paper/paper_197.jpg,paper,paper_cardboard,train,standardized_256
data/raw/garbage_v2/standardized_256/paper/paper_2.jpg,paper,paper_cardboard,train,standardized_256
data/raw/garbage_v2/standardized_256/paper/paper_200.jpg,paper,paper_cardboard,train,standardized_256
data/raw/garbage_v2/standardized_256/paper/paper_202.jpg,paper,paper_cardboard,train,standardized_256
data/raw/garbage_v2/standardized_256/paper/paper_203.jpg,paper,paper_cardboard,train,standardized_256
data/raw/garbage_v2/standardized_256/paper/paper_204.jpg,paper,paper_cardboard,train,standardized_256
data/raw/garbage_v2/standardized_256/paper/paper_206.jpg,paper,paper_cardboard,train,standardized_256
data/raw/garbage_v2/standardized_256/paper/paper_207.jpg,paper,paper_cardboard,train,standardized_256
data/raw/garbage_v2/standardized_256/paper/paper_208.jpg,paper,paper_cardboard,train,standardized_256
data/raw/garbage_v2/standardized_256/paper/paper_209.jpg,paper,paper_cardboard,train,standardized_256
data/raw/garbage_v2/standardized_256/paper/paper_21.jpg,paper,paper_cardboard,train,standardized_256
data/raw/garbage_v2/standardized_256/paper/paper_210.jpg,paper,paper_cardboard,train,standardized_256
data/raw/garbage_v2/standardized_256/paper/paper_212.jpg,paper,paper_cardboard,train,standardized_256
data/raw/garbage_v2/standardized_256/paper/paper_215.jpg,paper,paper_cardboard,train,standardized_256
data/raw/garbage_v2/standardized_256/paper/paper_216.jpg,paper,paper_cardboard,train,standardized_256
data/raw/garbage_v2/standardized_256/paper/paper_219.jpg,paper,paper_cardboard,train,standardized_256
data/raw/garbage_v2/standardized_256/paper/paper_22.jpg,paper,paper_cardboard,train,standardized_256
data/raw/garbage_v2/standardized_256/paper/paper_220.jpg,paper,paper_cardboard,train,standardized_256
data/raw/garbage_v2/standardized_256/paper/paper_221.jpg,paper,paper_cardboard,train,standardized_256
data/raw/garbage_v2/standardized_256/paper/paper_222.jpg,paper,paper_cardboard,train,standardized_256
data/raw/garbage_v2/standardized_256/paper/paper_223.jpg,paper,paper_cardboard,train,standardized_256
data/raw/garbage_v2/standardized_256/paper/paper_227.jpg,paper,paper_cardboard,train,standardized_256
data/raw/garbage_v2/standardized_256/paper/paper_228.jpg,paper,paper_cardboard,train,standardized_256
data/raw/garbage_v2/standardized_256/paper/paper_229.jpg,paper,paper_cardboard,train,standardized_256
data/raw/garbage_v2/standardized_256/paper/paper_230.jpg,paper,paper_cardboard,train,standardized_256
data/raw/garbage_v2/standardized_256/paper/paper_231.jpg,paper,paper_cardboard,train,standardized_256
data/raw/garbage_v2/standardized_256/paper/paper_232.jpg,paper,paper_cardboard,train,standardized_256
data/raw/garbage_v2/standardized_256/paper/paper_233.jpg,paper,paper_cardboard,train,standardized_256
data/raw/garbage_v2/standardized_256/paper/paper_237.jpg,paper,paper_cardboard,train,standardized_256
data/raw/garbage_v2/standardized_256/paper/paper_238.jpg,paper,paper_cardboard,train,standardized_256
data/raw/garbage_v2/standardized_256/paper/paper_239.jpg,paper,paper_cardboard,train,standardized_256
data/raw/garbage_v2/standardized_256/paper/paper_24.jpg,paper,paper_cardboard,train,standardized_256
data/raw/garbage_v2/standardized_256/paper/paper_240.jpg,paper,paper_cardboard,train,standardized_256
data/raw/garbage_v2/standardized_256/paper/paper_245.jpg,paper,paper_cardboard,train,standardized_256
data/raw/garbage_v2/standardized_256/paper/paper_246.jpg,paper,paper_cardboard,train,standardized_256
data/raw/garbage_v2/standardized_256/paper/paper_247.jpg,paper,paper_cardboard,train,standardized_256
data/raw/garbage_v2/standardized_256/paper/paper_248.jpg,paper,paper_cardboard,train,standardized_256
data/raw/garbage_v2/standardized_256/paper/paper_249.jpg,paper,paper_cardboard,train,standardized_256
data/raw/garbage_v2/standardized_256/paper/paper_25.jpg,paper,paper_cardboard,train,standardized_256
data/raw/garbage_v2/standardized_256/paper/paper_250.jpg,paper,paper_cardboard,train,standardized_256
data/raw/garbage_v2/standardized_256/paper/paper_251.jpg,paper,paper_cardboard,train,standardized_256
data/raw/garbage_v2/standardized_256/paper/paper_252.jpg,paper,paper_cardboard,train,standardized_256
data/raw/garbage_v2/standardized_256/paper/paper_253.jpg,paper,paper_cardboard,train,standardized_256
data/raw/garbage_v2/standardized_256/paper/paper_254.jpg,paper,paper_cardboard,train,standardized_256
data/raw/garbage_v2/standardized_256/paper/paper_255.jpg,paper,paper_cardboard,train,standardized_256
data/raw/garbage_v2/standardized_256/paper/paper_256.jpg,paper,paper_cardboard,train,standardized_256
data/raw/garbage_v2/standardized_256/paper/paper_257.jpg,paper,paper_cardboard,train,standardized_256
data/raw/garbage_v2/standardized_256/paper/paper_260.jpg,paper,paper_cardboard,train,standardized_256
data/raw/garbage_v2/standardized_256/paper/paper_261.jpg,paper,paper_cardboard,train,standardized_256
data/raw/garbage_v2/standardized_256/paper/paper_263.jpg,paper,paper_cardboard,train,standardized_256
data/raw/garbage_v2/standardized_256/paper/paper_264.jpg,paper,paper_cardboard,train,standardized_256
data/raw/garbage_v2/standardized_256/paper/paper_265.jpg,paper,paper_cardboard,train,standardized_256
data/raw/garbage_v2/standardized_256/paper/paper_267.jpg,paper,paper_cardboard,train,standardized_256
data/raw/garbage_v2/standardized_256/paper/paper_268.jpg,paper,paper_cardboard,train,standardized_256
data/raw/garbage_v2/standardized_256/paper/paper_269.jpg,paper,paper_cardboard,train,standardized_256
data/raw/garbage_v2/standardized_256/paper/paper_27.jpg,paper,paper_cardboard,train,standardized_256
data/raw/garbage_v2/standardized_256/paper/paper_272.jpg,paper,paper_cardboard,train,standardized_256
data/raw/garbage_v2/standardized_256/paper/paper_274.jpg,paper,paper_cardboard,train,standardized_256
data/raw/garbage_v2/standardized_256/paper/paper_275.jpg,paper,paper_cardboard,train,standardized_256
data/raw/garbage_v2/standardized_256/paper/paper_276.jpg,paper,paper_cardboard,train,standardized_256
data/raw/garbage_v2/standardized_256/paper/paper_277.jpg,paper,paper_cardboard,train,standardized_256
data/raw/garbage_v2/standardized_256/paper/paper_278.jpg,paper,paper_cardboard,train,standardized_256
data/raw/garbage_v2/standardized_256/paper/paper_279.jpg,paper,paper_cardboard,train,standardized_256
data/raw/garbage_v2/standardized_256/paper/paper_280.jpg,paper,paper_cardboard,train,standardized_256
data/raw/garbage_v2/standardized_256/paper/paper_281.jpg,paper,paper_cardboard,train,standardized_256
data/raw/garbage_v2/standardized_256/paper/paper_282.jpg,paper,paper_cardboard,train,standardized_256
data/raw/garbage_v2/standardized_256/paper/paper_285.jpg,paper,paper_cardboard,train,standardized_256
data/raw/garbage_v2/standardized_256/paper/paper_286.jpg,paper,paper_cardboard,train,standardized_256
data/raw/garbage_v2/standardized_256/paper/paper_289.jpg,paper,paper_cardboard,train,standardized_256
data/raw/garbage_v2/standardized_256/paper/paper_29.jpg,paper,paper_cardboard,train,standardized_256
data/raw/garbage_v2/standardized_256/paper/paper_290.jpg,paper,paper_cardboard,train,standardized_256
data/raw/garbage_v2/standardized_256/paper/paper_292.jpg,paper,paper_cardboard,train,standardized_256
data/raw/garbage_v2/standardized_256/paper/paper_293.jpg,paper,paper_cardboard,train,standardized_256
data/raw/garbage_v2/standardized_256/paper/paper_296.jpg,paper,paper_cardboard,train,standardized_256
data/raw/garbage_v2/standardized_256/paper/paper_297.jpg,paper,paper_cardboard,train,standardized_256
data/raw/garbage_v2/standardized_256/paper/paper_298.jpg,paper,paper_cardboard,train,standardized_256
data/raw/garbage_v2/standardized_256/paper/paper_3.jpg,paper,paper_cardboard,train,standardized_256
data/raw/garbage_v2/standardized_256/paper/paper_300.jpg,paper,paper_cardboard,train,standardized_256
data/raw/garbage_v2/standardized_256/paper/paper_301.jpg,paper,paper_cardboard,train,standardized_256
data/raw/garbage_v2/standardized_256/paper/paper_302.jpg,paper,paper_cardboard,train,standardized_256
data/raw/garbage_v2/standardized_256/paper/paper_303.jpg,paper,paper_cardboard,train,standardized_256
data/raw/garbage_v2/standardized_256/paper/paper_304.jpg,paper,paper_cardboard,train,standardized_256
data/raw/garbage_v2/standardized_256/paper/paper_307.jpg,paper,paper_cardboard,train,standardized_256
data/raw/garbage_v2/standardized_256/paper/paper_308.jpg,paper,paper_cardboard,train,standardized_256
data/raw/garbage_v2/standardized_256/paper/paper_309.jpg,paper,paper_cardboard,train,standardized_256
data/raw/garbage_v2/standardized_256/paper/paper_31.jpg,paper,paper_cardboard,train,standardized_256
data/raw/garbage_v2/standardized_256/paper/paper_310.jpg,paper,paper_cardboard,train,standardized_256
data/raw/garbage_v2/standardized_256/paper/paper_311.jpg,paper,paper_cardboard,train,standardized_256
data/raw/garbage_v2/standardized_256/paper/paper_312.jpg,paper,paper_cardboard,train,standardized_256
data/raw/garbage_v2/standardized_256/paper/paper_313.jpg,paper,paper_cardboard,train,standardized_256
data/raw/garbage_v2/standardized_256/paper/paper_314.jpg,paper,paper_cardboard,train,standardized_256
data/raw/garbage_v2/standardized_256/paper/paper_315.jpg,paper,paper_cardboard,train,standardized_256
data/raw/garbage_v2/standardized_256/paper/paper_316.jpg,paper,paper_cardboard,train,standardized_256
data/raw/garbage_v2/standardized_256/paper/paper_317.jpg,paper,paper_cardboard,train,standardized_256
data/raw/garbage_v2/standardized_256/paper/paper_321.jpg,paper,paper_cardboard,train,standardized_256
data/raw/garbage_v2/standardized_256/paper/paper_322.jpg,paper,paper_cardboard,train,standardized_256
data/raw/garbage_v2/standardized_256/paper/paper_323.jpg,paper,paper_cardboard,train,standardized_256
data/raw/garbage_v2/standardized_256/paper/paper_324.jpg,paper,paper_cardboard,train,standardized_256
data/raw/garbage_v2/standardized_256/paper/paper_325.jpg,paper,paper_cardboard,train,standardized_256
data/raw/garbage_v2/standardized_256/paper/paper_326.jpg,paper,paper_cardboard,train,standardized_256
data/raw/garbage_v2/standardized_256/paper/paper_327.jpg,paper,paper_cardboard,train,standardized_256
data/raw/garbage_v2/standardized_256/paper/paper_329.jpg,paper,paper_cardboard,train,standardized_256
data/raw/garbage_v2/standardized_256/paper/paper_330.jpg,paper,paper_cardboard,train,standardized_256
data/raw/garbage_v2/standardized_256/paper/paper_331.jpg,paper,paper_cardboard,train,standardized_256
data/raw/garbage_v2/standardized_256/paper/paper_332.jpg,paper,paper_cardboard,train,standardized_256
data/raw/garbage_v2/standardized_256/paper/paper_333.jpg,paper,paper_cardboard,train,standardized_256
data/raw/garbage_v2/standardized_256/paper/paper_334.jpg,paper,paper_cardboard,train,standardized_256
data/raw/garbage_v2/standardized_256/paper/paper_336.jpg,paper,paper_cardboard,train,standardized_256
data/raw/garbage_v2/standardized_256/paper/paper_337.jpg,paper,paper_cardboard,train,standardized_256
data/raw/garbage_v2/standardized_256/paper/paper_338.jpg,paper,paper_cardboard,train,standardized_256
data/raw/garbage_v2/standardized_256/paper/paper_34.jpg,paper,paper_cardboard,train,standardized_256
data/raw/garbage_v2/standardized_256/paper/paper_340.jpg,paper,paper_cardboard,train,standardized_256
data/raw/garbage_v2/standardized_256/paper/paper_342.jpg,paper,paper_cardboard,train,standardized_256
data/raw/garbage_v2/standardized_256/paper/paper_343.jpg,paper,paper_cardboard,train,standardized_256
data/raw/garbage_v2/standardized_256/paper/paper_344.jpg,paper,paper_cardboard,train,standardized_256
data/raw/garbage_v2/standardized_256/paper/paper_345.jpg,paper,paper_cardboard,train,standardized_256
data/raw/garbage_v2/standardized_256/paper/paper_346.jpg,paper,paper_cardboard,train,standardized_256
data/raw/garbage_v2/standardized_256/paper/paper_348.jpg,paper,paper_cardboard,train,standardized_256
data/raw/garbage_v2/standardized_256/paper/paper_349.jpg,paper,paper_cardboard,train,standardized_256
data/raw/garbage_v2/standardized_256/paper/paper_35.jpg,paper,paper_cardboard,train,standardized_256
data/raw/garbage_v2/standardized_256/paper/paper_352.jpg,paper,paper_cardboard,train,standardized_256
data/raw/garbage_v2/standardized_256/paper/paper_353.jpg,paper,paper_cardboard,train,standardized_256
data/raw/garbage_v2/standardized_256/paper/paper_355.jpg,paper,paper_cardboard,train,standardized_256
data/raw/garbage_v2/standardized_256/paper/paper_356.jpg,paper,paper_cardboard,train,standardized_256
data/raw/garbage_v2/standardized_256/paper/paper_357.jpg,paper,paper_cardboard,train,standardized_256
data/raw/garbage_v2/standardized_256/paper/paper_359.jpg,paper,paper_cardboard,train,standardized_256
data/raw/garbage_v2/standardized_256/paper/paper_36.jpg,paper,paper_cardboard,train,standardized_256
data/raw/garbage_v2/standardized_256/paper/paper_360.jpg,paper,paper_cardboard,train,standardized_256
data/raw/garbage_v2/standardized_256/paper/paper_361.jpg,paper,paper_cardboard,train,standardized_256
data/raw/garbage_v2/standardized_256/paper/paper_365.jpg,paper,paper_cardboard,train,standardized_256
data/raw/garbage_v2/standardized_256/paper/paper_366.jpg,paper,paper_cardboard,train,standardized_256
data/raw/garbage_v2/standardized_256/paper/paper_367.jpg,paper,paper_cardboard,train,standardized_256
data/raw/garbage_v2/standardized_256/paper/paper_368.jpg,paper,paper_cardboard,train,standardized_256
data/raw/garbage_v2/standardized_256/paper/paper_369.jpg,paper,paper_cardboard,train,standardized_256
data/raw/garbage_v2/standardized_256/paper/paper_37.jpg,paper,paper_cardboard,train,standardized_256
data/raw/garbage_v2/standardized_256/paper/paper_370.jpg,paper,paper_cardboard,train,standardized_256
data/raw/garbage_v2/standardized_256/paper/paper_371.jpg,paper,paper_cardboard,train,standardized_256
data/raw/garbage_v2/standardized_256/paper/paper_372.jpg,paper,paper_cardboard,train,standardized_256
data/raw/garbage_v2/standardized_256/paper/paper_374.jpg,paper,paper_cardboard,train,standardized_256
data/raw/garbage_v2/standardized_256/paper/paper_375.jpg,paper,paper_cardboard,train,standardized_256
data/raw/garbage_v2/standardized_256/paper/paper_376.jpg,paper,paper_cardboard,train,standardized_256
data/raw/garbage_v2/standardized_256/paper/paper_377.jpg,paper,paper_cardboard,train,standardized_256
data/raw/garbage_v2/standardized_256/paper/paper_38.jpg,paper,paper_cardboard,train,standardized_256
data/raw/garbage_v2/standardized_256/paper/paper_380.jpg,paper,paper_cardboard,train,standardized_256
data/raw/garbage_v2/standardized_256/paper/paper_381.jpg,paper,paper_cardboard,train,standardized_256
data/raw/garbage_v2/standardized_256/paper/paper_382.jpg,paper,paper_cardboard,train,standardized_256
data/raw/garbage_v2/standardized_256/paper/paper_383.jpg,paper,paper_cardboard,train,standardized_256
data/raw/garbage_v2/standardized_256/paper/paper_384.jpg,paper,paper_cardboard,train,standardized_256
data/raw/garbage_v2/standardized_256/paper/paper_385.jpg,paper,paper_cardboard,train,standardized_256
data/raw/garbage_v2/standardized_256/paper/paper_386.jpg,paper,paper_cardboard,train,standardized_256
data/raw/garbage_v2/standardized_256/paper/paper_387.jpg,paper,paper_cardboard,train,standardized_256
data/raw/garbage_v2/standardized_256/paper/paper_388.jpg,paper,paper_cardboard,train,standardized_256
data/raw/garbage_v2/standardized_256/paper/paper_39.jpg,paper,paper_cardboard,train,standardized_256
data/raw/garbage_v2/standardized_256/paper/paper_390.jpg,paper,paper_cardboard,train,standardized_256
data/raw/garbage_v2/standardized_256/paper/paper_391.jpg,paper,paper_cardboard,train,standardized_256
data/raw/garbage_v2/standardized_256/paper/paper_393.jpg,paper,paper_cardboard,train,standardized_256
data/raw/garbage_v2/standardized_256/paper/paper_395.jpg,paper,paper_cardboard,train,standardized_256
data/raw/garbage_v2/standardized_256/paper/paper_396.jpg,paper,paper_cardboard,train,standardized_256
data/raw/garbage_v2/standardized_256/paper/paper_397.jpg,paper,paper_cardboard,train,standardized_256
data/raw/garbage_v2/standardized_256/paper/paper_398.jpg,paper,paper_cardboard,train,standardized_256
data/raw/garbage_v2/standardized_256/paper/paper_399.jpg,paper,paper_cardboard,train,standardized_256
data/raw/garbage_v2/standardized_256/paper/paper_4.jpg,paper,paper_cardboard,train,standardized_256
data/raw/garbage_v2/standardized_256/paper/paper_40.jpg,paper,paper_cardboard,train,standardized_256
data/raw/garbage_v2/standardized_256/paper/paper_400.jpg,paper,paper_cardboard,train,standardized_256
data/raw/garbage_v2/standardized_256/paper/paper_401.jpg,paper,paper_cardboard,train,standardized_256
data/raw/garbage_v2/standardized_256/paper/paper_402.jpg,paper,paper_cardboard,train,standardized_256
data/raw/garbage_v2/standardized_256/paper/paper_404.jpg,paper,paper_cardboard,train,standardized_256
data/raw/garbage_v2/standardized_256/paper/paper_405.jpg,paper,paper_cardboard,train,standardized_256
data/raw/garbage_v2/standardized_256/paper/paper_406.jpg,paper,paper_cardboard,train,standardized_256
data/raw/garbage_v2/standardized_256/paper/paper_407.jpg,paper,paper_cardboard,train,standardized_256
data/raw/garbage_v2/standardized_256/paper/paper_408.jpg,paper,paper_cardboard,train,standardized_256
data/raw/garbage_v2/standardized_256/paper/paper_410.jpg,paper,paper_cardboard,train,standardized_256
data/raw/garbage_v2/standardized_256/paper/paper_411.jpg,paper,paper_cardboard,train,standardized_256
data/raw/garbage_v2/standardized_256/paper/paper_412.jpg,paper,paper_cardboard,train,standardized_256
data/raw/garbage_v2/standardized_256/paper/paper_415.jpg,paper,paper_cardboard,train,standardized_256
data/raw/garbage_v2/standardized_256/paper/paper_416.jpg,paper,paper_cardboard,train,standardized_256
data/raw/garbage_v2/standardized_256/paper/paper_419.jpg,paper,paper_cardboard,train,standardized_256
data/raw/garbage_v2/standardized_256/paper/paper_421.jpg,paper,paper_cardboard,train,standardized_256
data/raw/garbage_v2/standardized_256/paper/paper_423.jpg,paper,paper_cardboard,train,standardized_256
data/raw/garbage_v2/standardized_256/paper/paper_424.jpg,paper,paper_cardboard,train,standardized_256
data/raw/garbage_v2/standardized_256/paper/paper_425.jpg,paper,paper_cardboard,train,standardized_256
data/raw/garbage_v2/standardized_256/paper/paper_426.jpg,paper,paper_cardboard,train,standardized_256
data/raw/garbage_v2/standardized_256/paper/paper_427.jpg,paper,paper_cardboard,train,standardized_256
data/raw/garbage_v2/standardized_256/paper/paper_428.jpg,paper,paper_cardboard,train,standardized_256
data/raw/garbage_v2/standardized_256/paper/paper_429.jpg,paper,paper_cardboard,train,standardized_256
data/raw/garbage_v2/standardized_256/paper/paper_43.jpg,paper,paper_cardboard,train,standardized_256
data/raw/garbage_v2/standardized_256/paper/paper_430.jpg,paper,paper_cardboard,train,standardized_256
data/raw/garbage_v2/standardized_256/paper/paper_432.jpg,paper,paper_cardboard,train,standardized_256
data/raw/garbage_v2/standardized_256/paper/paper_434.jpg,paper,paper_cardboard,train,standardized_256
data/raw/garbage_v2/standardized_256/paper/paper_435.jpg,paper,paper_cardboard,train,standardized_256
data/raw/garbage_v2/standardized_256/paper/paper_436.jpg,paper,paper_cardboard,train,standardized_256
data/raw/garbage_v2/standardized_256/paper/paper_438.jpg,paper,paper_cardboard,train,standardized_256
data/raw/garbage_v2/standardized_256/paper/paper_439.jpg,paper,paper_cardboard,train,standardized_256
data/raw/garbage_v2/standardized_256/paper/paper_44.jpg,paper,paper_cardboard,train,standardized_256
data/raw/garbage_v2/standardized_256/paper/paper_440.jpg,paper,paper_cardboard,train,standardized_256
data/raw/garbage_v2/standardized_256/paper/paper_441.jpg,paper,paper_cardboard,train,standardized_256
data/raw/garbage_v2/standardized_256/paper/paper_442.jpg,paper,paper_cardboard,train,standardized_256
data/raw/garbage_v2/standardized_256/paper/paper_444.jpg,paper,paper_cardboard,train,standardized_256
data/raw/garbage_v2/standardized_256/paper/paper_445.jpg,paper,paper_cardboard,train,standardized_256
data/raw/garbage_v2/standardized_256/paper/paper_446.jpg,paper,paper_cardboard,train,standardized_256
data/raw/garbage_v2/standardized_256/paper/paper_447.jpg,paper,paper_cardboard,train,standardized_256
data/raw/garbage_v2/standardized_256/paper/paper_449.jpg,paper,paper_cardboard,train,standardized_256
data/raw/garbage_v2/standardized_256/paper/paper_45.jpg,paper,paper_cardboard,train,standardized_256
data/raw/garbage_v2/standardized_256/paper/paper_450.jpg,paper,paper_cardboard,train,standardized_256
data/raw/garbage_v2/standardized_256/paper/paper_451.jpg,paper,paper_cardboard,train,standardized_256
data/raw/garbage_v2/standardized_256/paper/paper_452.jpg,paper,paper_cardboard,train,standardized_256
data/raw/garbage_v2/standardized_256/paper/paper_453.jpg,paper,paper_cardboard,train,standardized_256
data/raw/garbage_v2/standardized_256/paper/paper_454.jpg,paper,paper_cardboard,train,standardized_256
data/raw/garbage_v2/standardized_256/paper/paper_455.jpg,paper,paper_cardboard,train,standardized_256
data/raw/garbage_v2/standardized_256/paper/paper_456.jpg,paper,paper_cardboard,train,standardized_256
data/raw/garbage_v2/standardized_256/paper/paper_457.jpg,paper,paper_cardboard,train,standardized_256
data/raw/garbage_v2/standardized_256/paper/paper_459.jpg,paper,paper_cardboard,train,standardized_256
data/raw/garbage_v2/standardized_256/paper/paper_461.jpg,paper,paper_cardboard,train,standardized_256
data/raw/garbage_v2/standardized_256/paper/paper_462.jpg,paper,paper_cardboard,train,standardized_256
data/raw/garbage_v2/standardized_256/paper/paper_464.jpg,paper,paper_cardboard,train,standardized_256
data/raw/garbage_v2/standardized_256/paper/paper_465.jpg,paper,paper_cardboard,train,standardized_256
data/raw/garbage_v2/standardized_256/paper/paper_466.jpg,paper,paper_cardboard,train,standardized_256
data/raw/garbage_v2/standardized_256/paper/paper_468.jpg,paper,paper_cardboard,train,standardized_256
data/raw/garbage_v2/standardized_256/paper/paper_469.jpg,paper,paper_cardboard,train,standardized_256
data/raw/garbage_v2/standardized_256/paper/paper_470.jpg,paper,paper_cardboard,train,standardized_256
data/raw/garbage_v2/standardized_256/paper/paper_471.jpg,paper,paper_cardboard,train,standardized_256
data/raw/garbage_v2/standardized_256/paper/paper_472.jpg,paper,paper_cardboard,train,standardized_256
data/raw/garbage_v2/standardized_256/paper/paper_473.jpg,paper,paper_cardboard,train,standardized_256
data/raw/garbage_v2/standardized_256/paper/paper_474.jpg,paper,paper_cardboard,train,standardized_256
data/raw/garbage_v2/standardized_256/paper/paper_475.jpg,paper,paper_cardboard,train,standardized_256
data/raw/garbage_v2/standardized_256/paper/paper_477.jpg,paper,paper_cardboard,train,standardized_256
data/raw/garbage_v2/standardized_256/paper/paper_48.jpg,paper,paper_cardboard,train,standardized_256
data/raw/garbage_v2/standardized_256/paper/paper_480.jpg,paper,paper_cardboard,train,standardized_256
data/raw/garbage_v2/standardized_256/paper/paper_481.jpg,paper,paper_cardboard,train,standardized_256
data/raw/garbage_v2/standardized_256/paper/paper_482.jpg,paper,paper_cardboard,train,standardized_256
data/raw/garbage_v2/standardized_256/paper/paper_483.jpg,paper,paper_cardboard,train,standardized_256
data/raw/garbage_v2/standardized_256/paper/paper_484.jpg,paper,paper_cardboard,train,standardized_256
data/raw/garbage_v2/standardized_256/paper/paper_486.jpg,paper,paper_cardboard,train,standardized_256
data/raw/garbage_v2/standardized_256/paper/paper_487.jpg,paper,paper_cardboard,train,standardized_256
data/raw/garbage_v2/standardized_256/paper/paper_488.jpg,paper,paper_cardboard,train,standardized_256
data/raw/garbage_v2/standardized_256/paper/paper_490.jpg,paper,paper_cardboard,train,standardized_256
data/raw/garbage_v2/standardized_256/paper/paper_491.jpg,paper,paper_cardboard,train,standardized_256
data/raw/garbage_v2/standardized_256/paper/paper_492.jpg,paper,paper_cardboard,train,standardized_256
data/raw/garbage_v2/standardized_256/paper/paper_493.jpg,paper,paper_cardboard,train,standardized_256
data/raw/garbage_v2/standardized_256/paper/paper_494.jpg,paper,paper_cardboard,train,standardized_256
data/raw/garbage_v2/standardized_256/paper/paper_498.jpg,paper,paper_cardboard,train,standardized_256
data/raw/garbage_v2/standardized_256/paper/paper_499.jpg,paper,paper_cardboard,train,standardized_256
data/raw/garbage_v2/standardized_256/paper/paper_5.jpg,paper,paper_cardboard,train,standardized_256
data/raw/garbage_v2/standardized_256/paper/paper_502.jpg,paper,paper_cardboard,train,standardized_256
data/raw/garbage_v2/standardized_256/paper/paper_505.jpg,paper,paper_cardboard,train,standardized_256
data/raw/garbage_v2/standardized_256/paper/paper_506.jpg,paper,paper_cardboard,train,standardized_256
data/raw/garbage_v2/standardized_256/paper/paper_507.jpg,paper,paper_cardboard,train,standardized_256
data/raw/garbage_v2/standardized_256/paper/paper_508.jpg,paper,paper_cardboard,train,standardized_256
data/raw/garbage_v2/standardized_256/paper/paper_509.jpg,paper,paper_cardboard,train,standardized_256
data/raw/garbage_v2/standardized_256/paper/paper_51.jpg,paper,paper_cardboard,train,standardized_256
data/raw/garbage_v2/standardized_256/paper/paper_510.jpg,paper,paper_cardboard,train,standardized_256
data/raw/garbage_v2/standardized_256/paper/paper_516.jpg,paper,paper_cardboard,train,standardized_256
data/raw/garbage_v2/standardized_256/paper/paper_518.jpg,paper,paper_cardboard,train,standardized_256
data/raw/garbage_v2/standardized_256/paper/paper_519.jpg,paper,paper_cardboard,train,standardized_256
data/raw/garbage_v2/standardized_256/paper/paper_520.jpg,paper,paper_cardboard,train,standardized_256
data/raw/garbage_v2/standardized_256/paper/paper_521.jpg,paper,paper_cardboard,train,standardized_256
data/raw/garbage_v2/standardized_256/paper/paper_522.jpg,paper,paper_cardboard,train,standardized_256
data/raw/garbage_v2/standardized_256/paper/paper_523.jpg,paper,paper_cardboard,train,standardized_256
data/raw/garbage_v2/standardized_256/paper/paper_524.jpg,paper,paper_cardboard,train,standardized_256
data/raw/garbage_v2/standardized_256/paper/paper_525.jpg,paper,paper_cardboard,train,standardized_256
data/raw/garbage_v2/standardized_256/paper/paper_526.jpg,paper,paper_cardboard,train,standardized_256
data/raw/garbage_v2/standardized_256/paper/paper_527.jpg,paper,paper_cardboard,train,standardized_256
data/raw/garbage_v2/standardized_256/paper/paper_528.jpg,paper,paper_cardboard,train,standardized_256
data/raw/garbage_v2/standardized_256/paper/paper_529.jpg,paper,paper_cardboard,train,standardized_256
data/raw/garbage_v2/standardized_256/paper/paper_53.jpg,paper,paper_cardboard,train,standardized_256
data/raw/garbage_v2/standardized_256/paper/paper_531.jpg,paper,paper_cardboard,train,standardized_256
data/raw/garbage_v2/standardized_256/paper/paper_532.jpg,paper,paper_cardboard,train,standardized_256
data/raw/garbage_v2/standardized_256/paper/paper_533.jpg,paper,paper_cardboard,train,standardized_256
data/raw/garbage_v2/standardized_256/paper/paper_535.jpg,paper,paper_cardboard,train,standardized_256
data/raw/garbage_v2/standardized_256/paper/paper_536.jpg,paper,paper_cardboard,train,standardized_256
data/raw/garbage_v2/standardized_256/paper/paper_539.jpg,paper,paper_cardboard,train,standardized_256
data/raw/garbage_v2/standardized_256/paper/paper_54.jpg,paper,paper_cardboard,train,standardized_256
data/raw/garbage_v2/standardized_256/paper/paper_541.jpg,paper,paper_cardboard,train,standardized_256
data/raw/garbage_v2/standardized_256/paper/paper_542.jpg,paper,paper_cardboard,train,standardized_256
data/raw/garbage_v2/standardized_256/paper/paper_544.jpg,paper,paper_cardboard,train,standardized_256
data/raw/garbage_v2/standardized_256/paper/paper_545.jpg,paper,paper_cardboard,train,standardized_256
data/raw/garbage_v2/standardized_256/paper/paper_546.jpg,paper,paper_cardboard,train,standardized_256
data/raw/garbage_v2/standardized_256/paper/paper_547.jpg,paper,paper_cardboard,train,standardized_256
data/raw/garbage_v2/standardized_256/paper/paper_548.jpg,paper,paper_cardboard,train,standardized_256
data/raw/garbage_v2/standardized_256/paper/paper_549.jpg,paper,paper_cardboard,train,standardized_256
data/raw/garbage_v2/standardized_256/paper/paper_55.jpg,paper,paper_cardboard,train,standardized_256
data/raw/garbage_v2/standardized_256/paper/paper_550.jpg,paper,paper_cardboard,train,standardized_256
data/raw/garbage_v2/standardized_256/paper/paper_551.jpg,paper,paper_cardboard,train,standardized_256
data/raw/garbage_v2/standardized_256/paper/paper_552.jpg,paper,paper_cardboard,train,standardized_256
data/raw/garbage_v2/standardized_256/paper/paper_553.jpg,paper,paper_cardboard,train,standardized_256
data/raw/garbage_v2/standardized_256/paper/paper_556.jpg,paper,paper_cardboard,train,standardized_256
data/raw/garbage_v2/standardized_256/paper/paper_558.jpg,paper,paper_cardboard,train,standardized_256
data/raw/garbage_v2/standardized_256/paper/paper_559.jpg,paper,paper_cardboard,train,standardized_256
data/raw/garbage_v2/standardized_256/paper/paper_56.jpg,paper,paper_cardboard,train,standardized_256
data/raw/garbage_v2/standardized_256/paper/paper_560.jpg,paper,paper_cardboard,train,standardized_256
data/raw/garbage_v2/standardized_256/paper/paper_562.jpg,paper,paper_cardboard,train,standardized_256
data/raw/garbage_v2/standardized_256/paper/paper_564.jpg,paper,paper_cardboard,train,standardized_256
data/raw/garbage_v2/standardized_256/paper/paper_565.jpg,paper,paper_cardboard,train,standardized_256
data/raw/garbage_v2/standardized_256/paper/paper_566.jpg,paper,paper_cardboard,train,standardized_256
data/raw/garbage_v2/standardized_256/paper/paper_567.jpg,paper,paper_cardboard,train,standardized_256
data/raw/garbage_v2/standardized_256/paper/paper_569.jpg,paper,paper_cardboard,train,standardized_256
data/raw/garbage_v2/standardized_256/paper/paper_57.jpg,paper,paper_cardboard,train,standardized_256
data/raw/garbage_v2/standardized_256/paper/paper_570.jpg,paper,paper_cardboard,train,standardized_256
data/raw/garbage_v2/standardized_256/paper/paper_571.jpg,paper,paper_cardboard,train,standardized_256
data/raw/garbage_v2/standardized_256/paper/paper_572.jpg,paper,paper_cardboard,train,standardized_256
data/raw/garbage_v2/standardized_256/paper/paper_573.jpg,paper,paper_cardboard,train,standardized_256
data/raw/garbage_v2/standardized_256/paper/paper_574.jpg,paper,paper_cardboard,train,standardized_256
data/raw/garbage_v2/standardized_256/paper/paper_575.jpg,paper,paper_cardboard,train,standardized_256
data/raw/garbage_v2/standardized_256/paper/paper_576.jpg,paper,paper_cardboard,train,standardized_256
data/raw/garbage_v2/standardized_256/paper/paper_577.jpg,paper,paper_cardboard,train,standardized_256
data/raw/garbage_v2/standardized_256/paper/paper_578.jpg,paper,paper_cardboard,train,standardized_256
data/raw/garbage_v2/standardized_256/paper/paper_579.jpg,paper,paper_cardboard,train,standardized_256
data/raw/garbage_v2/standardized_256/paper/paper_58.jpg,paper,paper_cardboard,train,standardized_256
data/raw/garbage_v2/standardized_256/paper/paper_580.jpg,paper,paper_cardboard,train,standardized_256
data/raw/garbage_v2/standardized_256/paper/paper_582.jpg,paper,paper_cardboard,train,standardized_256
data/raw/garbage_v2/standardized_256/paper/paper_584.jpg,paper,paper_cardboard,train,standardized_256
data/raw/garbage_v2/standardized_256/paper/paper_585.jpg,paper,paper_cardboard,train,standardized_256
data/raw/garbage_v2/standardized_256/paper/paper_586.jpg,paper,paper_cardboard,train,standardized_256
data/raw/garbage_v2/standardized_256/paper/paper_587.jpg,paper,paper_cardboard,train,standardized_256
data/raw/garbage_v2/standardized_256/paper/paper_588.jpg,paper,paper_cardboard,train,standardized_256
data/raw/garbage_v2/standardized_256/paper/paper_589.jpg,paper,paper_cardboard,train,standardized_256
data/raw/garbage_v2/standardized_256/paper/paper_59.jpg,paper,paper_cardboard,train,standardized_256
data/raw/garbage_v2/standardized_256/paper/paper_590.jpg,paper,paper_cardboard,train,standardized_256
data/raw/garbage_v2/standardized_256/paper/paper_593.jpg,paper,paper_cardboard,train,standardized_256
data/raw/garbage_v2/standardized_256/paper/paper_594.jpg,paper,paper_cardboard,train,standardized_256
data/raw/garbage_v2/standardized_256/paper/paper_595.jpg,paper,paper_cardboard,train,standardized_256
data/raw/garbage_v2/standardized_256/paper/paper_596.jpg,paper,paper_cardboard,train,standardized_256
data/raw/garbage_v2/standardized_256/paper/paper_597.jpg,paper,paper_cardboard,train,standardized_256
data/raw/garbage_v2/standardized_256/paper/paper_599.jpg,paper,paper_cardboard,train,standardized_256
data/raw/garbage_v2/standardized_256/paper/paper_6.jpg,paper,paper_cardboard,train,standardized_256
data/raw/garbage_v2/standardized_256/paper/paper_600.jpg,paper,paper_cardboard,train,standardized_256
data/raw/garbage_v2/standardized_256/paper/paper_601.jpg,paper,paper_cardboard,train,standardized_256
data/raw/garbage_v2/standardized_256/paper/paper_603.jpg,paper,paper_cardboard,train,standardized_256
data/raw/garbage_v2/standardized_256/paper/paper_605.jpg,paper,paper_cardboard,train,standardized_256
data/raw/garbage_v2/standardized_256/paper/paper_606.jpg,paper,paper_cardboard,train,standardized_256
data/raw/garbage_v2/standardized_256/paper/paper_609.jpg,paper,paper_cardboard,train,standardized_256
data/raw/garbage_v2/standardized_256/paper/paper_610.jpg,paper,paper_cardboard,train,standardized_256
data/raw/garbage_v2/standardized_256/paper/paper_611.jpg,paper,paper_cardboard,train,standardized_256
data/raw/garbage_v2/standardized_256/paper/paper_613.jpg,paper,paper_cardboard,train,standardized_256
data/raw/garbage_v2/standardized_256/paper/paper_614.jpg,paper,paper_cardboard,train,standardized_256
data/raw/garbage_v2/standardized_256/paper/paper_615.jpg,paper,paper_cardboard,train,standardized_256
data/raw/garbage_v2/standardized_256/paper/paper_619.jpg,paper,paper_cardboard,train,standardized_256
data/raw/garbage_v2/standardized_256/paper/paper_62.jpg,paper,paper_cardboard,train,standardized_256
data/raw/garbage_v2/standardized_256/paper/paper_621.jpg,paper,paper_cardboard,train,standardized_256
data/raw/garbage_v2/standardized_256/paper/paper_622.jpg,paper,paper_cardboard,train,standardized_256
data/raw/garbage_v2/standardized_256/paper/paper_625.jpg,paper,paper_cardboard,train,standardized_256
data/raw/garbage_v2/standardized_256/paper/paper_627.jpg,paper,paper_cardboard,train,standardized_256
data/raw/garbage_v2/standardized_256/paper/paper_628.jpg,paper,paper_cardboard,train,standardized_256
data/raw/garbage_v2/standardized_256/paper/paper_629.jpg,paper,paper_cardboard,train,standardized_256
data/raw/garbage_v2/standardized_256/paper/paper_63.jpg,paper,paper_cardboard,train,standardized_256
data/raw/garbage_v2/standardized_256/paper/paper_630.jpg,paper,paper_cardboard,train,standardized_256
data/raw/garbage_v2/standardized_256/paper/paper_632.jpg,paper,paper_cardboard,train,standardized_256
data/raw/garbage_v2/standardized_256/paper/paper_633.jpg,paper,paper_cardboard,train,standardized_256
data/raw/garbage_v2/standardized_256/paper/paper_634.jpg,paper,paper_cardboard,train,standardized_256
data/raw/garbage_v2/standardized_256/paper/paper_635.jpg,paper,paper_cardboard,train,standardized_256
data/raw/garbage_v2/standardized_256/paper/paper_636.jpg,paper,paper_cardboard,train,standardized_256
data/raw/garbage_v2/standardized_256/paper/paper_638.jpg,paper,paper_cardboard,train,standardized_256
data/raw/garbage_v2/standardized_256/paper/paper_639.jpg,paper,paper_cardboard,train,standardized_256
data/raw/garbage_v2/standardized_256/paper/paper_64.jpg,paper,paper_cardboard,train,standardized_256
data/raw/garbage_v2/standardized_256/paper/paper_641.jpg,paper,paper_cardboard,train,standardized_256
data/raw/garbage_v2/standardized_256/paper/paper_642.jpg,paper,paper_cardboard,train,standardized_256
data/raw/garbage_v2/standardized_256/paper/paper_644.jpg,paper,paper_cardboard,train,standardized_256
data/raw/garbage_v2/standardized_256/paper/paper_645.jpg,paper,paper_cardboard,train,standardized_256
data/raw/garbage_v2/standardized_256/paper/paper_647.jpg,paper,paper_cardboard,train,standardized_256
data/raw/garbage_v2/standardized_256/paper/paper_648.jpg,paper,paper_cardboard,train,standardized_256
data/raw/garbage_v2/standardized_256/paper/paper_65.jpg,paper,paper_cardboard,train,standardized_256
data/raw/garbage_v2/standardized_256/paper/paper_650.jpg,paper,paper_cardboard,train,standardized_256
data/raw/garbage_v2/standardized_256/paper/paper_652.jpg,paper,paper_cardboard,train,standardized_256
data/raw/garbage_v2/standardized_256/paper/paper_653.jpg,paper,paper_cardboard,train,standardized_256
data/raw/garbage_v2/standardized_256/paper/paper_654.jpg,paper,paper_cardboard,train,standardized_256
data/raw/garbage_v2/standardized_256/paper/paper_655.jpg,paper,paper_cardboard,train,standardized_256
data/raw/garbage_v2/standardized_256/paper/paper_656.jpg,paper,paper_cardboard,train,standardized_256
data/raw/garbage_v2/standardized_256/paper/paper_658.jpg,paper,paper_cardboard,train,standardized_256
data/raw/garbage_v2/standardized_256/paper/paper_659.jpg,paper,paper_cardboard,train,standardized_256
data/raw/garbage_v2/standardized_256/paper/paper_66.jpg,paper,paper_cardboard,train,standardized_256
data/raw/garbage_v2/standardized_256/paper/paper_661.jpg,paper,paper_cardboard,train,standardized_256
data/raw/garbage_v2/standardized_256/paper/paper_662.jpg,paper,paper_cardboard,train,standardized_256
data/raw/garbage_v2/standardized_256/paper/paper_663.jpg,paper,paper_cardboard,train,standardized_256
data/raw/garbage_v2/standardized_256/paper/paper_664.jpg,paper,paper_cardboard,train,standardized_256
data/raw/garbage_v2/standardized_256/paper/paper_666.jpg,paper,paper_cardboard,train,standardized_256
data/raw/garbage_v2/standardized_256/paper/paper_667.jpg,paper,paper_cardboard,train,standardized_256
data/raw/garbage_v2/standardized_256/paper/paper_668.jpg,paper,paper_cardboard,train,standardized_256
data/raw/garbage_v2/standardized_256/paper/paper_669.jpg,paper,paper_cardboard,train,standardized_256
data/raw/garbage_v2/standardized_256/paper/paper_67.jpg,paper,paper_cardboard,train,standardized_256
data/raw/garbage_v2/standardized_256/paper/paper_671.jpg,paper,paper_cardboard,train,standardized_256
data/raw/garbage_v2/standardized_256/paper/paper_672.jpg,paper,paper_cardboard,train,standardized_256
data/raw/garbage_v2/standardized_256/paper/paper_676.jpg,paper,paper_cardboard,train,standardized_256
data/raw/garbage_v2/standardized_256/paper/paper_677.jpg,paper,paper_cardboard,train,standardized_256
data/raw/garbage_v2/standardized_256/paper/paper_679.jpg,paper,paper_cardboard,train,standardized_256
data/raw/garbage_v2/standardized_256/paper/paper_68.jpg,paper,paper_cardboard,train,standardized_256
data/raw/garbage_v2/standardized_256/paper/paper_680.jpg,paper,paper_cardboard,train,standardized_256
data/raw/garbage_v2/standardized_256/paper/paper_681.jpg,paper,paper_cardboard,train,standardized_256
data/raw/garbage_v2/standardized_256/paper/paper_682.jpg,paper,paper_cardboard,train,standardized_256
data/raw/garbage_v2/standardized_256/paper/paper_683.jpg,paper,paper_cardboard,train,standardized_256
data/raw/garbage_v2/standardized_256/paper/paper_684.jpg,paper,paper_cardboard,train,standardized_256
data/raw/garbage_v2/standardized_256/paper/paper_686.jpg,paper,paper_cardboard,train,standardized_256
data/raw/garbage_v2/standardized_256/paper/paper_687.jpg,paper,paper_cardboard,train,standardized_256
data/raw/garbage_v2/standardized_256/paper/paper_689.jpg,paper,paper_cardboard,train,standardized_256
data/raw/garbage_v2/standardized_256/paper/paper_69.jpg,paper,paper_cardboard,train,standardized_256
data/raw/garbage_v2/standardized_256/paper/paper_690.jpg,paper,paper_cardboard,train,standardized_256
data/raw/garbage_v2/standardized_256/paper/paper_691.jpg,paper,paper_cardboard,train,standardized_256
data/raw/garbage_v2/standardized_256/paper/paper_692.jpg,paper,paper_cardboard,train,standardized_256
data/raw/garbage_v2/standardized_256/paper/paper_695.jpg,paper,paper_cardboard,train,standardized_256
data/raw/garbage_v2/standardized_256/paper/paper_696.jpg,paper,paper_cardboard,train,standardized_256
data/raw/garbage_v2/standardized_256/paper/paper_697.jpg,paper,paper_cardboard,train,standardized_256
data/raw/garbage_v2/standardized_256/paper/paper_699.jpg,paper,paper_cardboard,train,standardized_256
data/raw/garbage_v2/standardized_256/paper/paper_7.jpg,paper,paper_cardboard,train,standardized_256
data/raw/garbage_v2/standardized_256/paper/paper_700.jpg,paper,paper_cardboard,train,standardized_256
data/raw/garbage_v2/standardized_256/paper/paper_703.jpg,paper,paper_cardboard,train,standardized_256
data/raw/garbage_v2/standardized_256/paper/paper_704.jpg,paper,paper_cardboard,train,standardized_256
data/raw/garbage_v2/standardized_256/paper/paper_705.jpg,paper,paper_cardboard,train,standardized_256
data/raw/garbage_v2/standardized_256/paper/paper_706.jpg,paper,paper_cardboard,train,standardized_256
data/raw/garbage_v2/standardized_256/paper/paper_707.jpg,paper,paper_cardboard,train,standardized_256
data/raw/garbage_v2/standardized_256/paper/paper_708.jpg,paper,paper_cardboard,train,standardized_256
data/raw/garbage_v2/standardized_256/paper/paper_709.jpg,paper,paper_cardboard,train,standardized_256
data/raw/garbage_v2/standardized_256/paper/paper_710.jpg,paper,paper_cardboard,train,standardized_256
data/raw/garbage_v2/standardized_256/paper/paper_711.jpg,paper,paper_cardboard,train,standardized_256
data/raw/garbage_v2/standardized_256/paper/paper_714.jpg,paper,paper_cardboard,train,standardized_256
data/raw/garbage_v2/standardized_256/paper/paper_715.jpg,paper,paper_cardboard,train,standardized_256
data/raw/garbage_v2/standardized_256/paper/paper_716.jpg,paper,paper_cardboard,train,standardized_256
data/raw/garbage_v2/standardized_256/paper/paper_72.jpg,paper,paper_cardboard,train,standardized_256
data/raw/garbage_v2/standardized_256/paper/paper_720.jpg,paper,paper_cardboard,train,standardized_256
data/raw/garbage_v2/standardized_256/paper/paper_721.jpg,paper,paper_cardboard,train,standardized_256
data/raw/garbage_v2/standardized_256/paper/paper_722.jpg,paper,paper_cardboard,train,standardized_256
data/raw/garbage_v2/standardized_256/paper/paper_723.jpg,paper,paper_cardboard,train,standardized_256
data/raw/garbage_v2/standardized_256/paper/paper_724.jpg,paper,paper_cardboard,train,standardized_256
data/raw/garbage_v2/standardized_256/paper/paper_725.jpg,paper,paper_cardboard,train,standardized_256
data/raw/garbage_v2/standardized_256/paper/paper_726.jpg,paper,paper_cardboard,train,standardized_256
data/raw/garbage_v2/standardized_256/paper/paper_727.jpg,paper,paper_cardboard,train,standardized_256
data/raw/garbage_v2/standardized_256/paper/paper_728.jpg,paper,paper_cardboard,train,standardized_256
data/raw/garbage_v2/standardized_256/paper/paper_73.jpg,paper,paper_cardboard,train,standardized_256
data/raw/garbage_v2/standardized_256/paper/paper_730.jpg,paper,paper_cardboard,train,standardized_256
data/raw/garbage_v2/standardized_256/paper/paper_733.jpg,paper,paper_cardboard,train,standardized_256
data/raw/garbage_v2/standardized_256/paper/paper_734.jpg,paper,paper_cardboard,train,standardized_256
data/raw/garbage_v2/standardized_256/paper/paper_735.jpg,paper,paper_cardboard,train,standardized_256
data/raw/garbage_v2/standardized_256/paper/paper_736.jpg,paper,paper_cardboard,train,standardized_256
data/raw/garbage_v2/standardized_256/paper/paper_738.jpg,paper,paper_cardboard,train,standardized_256
data/raw/garbage_v2/standardized_256/paper/paper_74.jpg,paper,paper_cardboard,train,standardized_256
data/raw/garbage_v2/standardized_256/paper/paper_740.jpg,paper,paper_cardboard,train,standardized_256
data/raw/garbage_v2/standardized_256/paper/paper_741.jpg,paper,paper_cardboard,train,standardized_256
data/raw/garbage_v2/standardized_256/paper/paper_742.jpg,paper,paper_cardboard,train,standardized_256
data/raw/garbage_v2/standardized_256/paper/paper_744.jpg,paper,paper_cardboard,train,standardized_256
data/raw/garbage_v2/standardized_256/paper/paper_745.jpg,paper,paper_cardboard,train,standardized_256
data/raw/garbage_v2/standardized_256/paper/paper_747.jpg,paper,paper_cardboard,train,standardized_256
data/raw/garbage_v2/standardized_256/paper/paper_748.jpg,paper,paper_cardboard,train,standardized_256
data/raw/garbage_v2/standardized_256/paper/paper_749.jpg,paper,paper_cardboard,train,standardized_256
data/raw/garbage_v2/standardized_256/paper/paper_75.jpg,paper,paper_cardboard,train,standardized_256
data/raw/garbage_v2/standardized_256/paper/paper_750.jpg,paper,paper_cardboard,train,standardized_256
data/raw/garbage_v2/standardized_256/paper/paper_751.jpg,paper,paper_cardboard,train,standardized_256
data/raw/garbage_v2/standardized_256/paper/paper_753.jpg,paper,paper_cardboard,train,standardized_256
data/raw/garbage_v2/standardized_256/paper/paper_755.jpg,paper,paper_cardboard,train,standardized_256
data/raw/garbage_v2/standardized_256/paper/paper_756.jpg,paper,paper_cardboard,train,standardized_256
data/raw/garbage_v2/standardized_256/paper/paper_759.jpg,paper,paper_cardboard,train,standardized_256
data/raw/garbage_v2/standardized_256/paper/paper_76.jpg,paper,paper_cardboard,train,standardized_256
data/raw/garbage_v2/standardized_256/paper/paper_761.jpg,paper,paper_cardboard,train,standardized_256
data/raw/garbage_v2/standardized_256/paper/paper_763.jpg,paper,paper_cardboard,train,standardized_256
data/raw/garbage_v2/standardized_256/paper/paper_766.jpg,paper,paper_cardboard,train,standardized_256
data/raw/garbage_v2/standardized_256/paper/paper_767.jpg,paper,paper_cardboard,train,standardized_256
data/raw/garbage_v2/standardized_256/paper/paper_768.jpg,paper,paper_cardboard,train,standardized_256
data/raw/garbage_v2/standardized_256/paper/paper_769.jpg,paper,paper_cardboard,train,standardized_256
data/raw/garbage_v2/standardized_256/paper/paper_77.jpg,paper,paper_cardboard,train,standardized_256
data/raw/garbage_v2/standardized_256/paper/paper_770.jpg,paper,paper_cardboard,train,standardized_256
data/raw/garbage_v2/standardized_256/paper/paper_771.jpg,paper,paper_cardboard,train,standardized_256
data/raw/garbage_v2/standardized_256/paper/paper_772.jpg,paper,paper_cardboard,train,standardized_256
data/raw/garbage_v2/standardized_256/paper/paper_775.jpg,paper,paper_cardboard,train,standardized_256
data/raw/garbage_v2/standardized_256/paper/paper_777.jpg,paper,paper_cardboard,train,standardized_256
data/raw/garbage_v2/standardized_256/paper/paper_779.jpg,paper,paper_cardboard,train,standardized_256
data/raw/garbage_v2/standardized_256/paper/paper_78.jpg,paper,paper_cardboard,train,standardized_256
data/raw/garbage_v2/standardized_256/paper/paper_784.jpg,paper,paper_cardboard,train,standardized_256
data/raw/garbage_v2/standardized_256/paper/paper_787.jpg,paper,paper_cardboard,train,standardized_256
data/raw/garbage_v2/standardized_256/paper/paper_789.jpg,paper,paper_cardboard,train,standardized_256
data/raw/garbage_v2/standardized_256/paper/paper_791.jpg,paper,paper_cardboard,train,standardized_256
data/raw/garbage_v2/standardized_256/paper/paper_794.jpg,paper,paper_cardboard,train,standardized_256
data/raw/garbage_v2/standardized_256/paper/paper_795.jpg,paper,paper_cardboard,train,standardized_256
data/raw/garbage_v2/standardized_256/paper/paper_796.jpg,paper,paper_cardboard,train,standardized_256
data/raw/garbage_v2/standardized_256/paper/paper_797.jpg,paper,paper_cardboard,train,standardized_256
data/raw/garbage_v2/standardized_256/paper/paper_798.jpg,paper,paper_cardboard,train,standardized_256
data/raw/garbage_v2/standardized_256/paper/paper_8.jpg,paper,paper_cardboard,train,standardized_256
data/raw/garbage_v2/standardized_256/paper/paper_80.jpg,paper,paper_cardboard,train,standardized_256
data/raw/garbage_v2/standardized_256/paper/paper_801.jpg,paper,paper_cardboard,train,standardized_256
data/raw/garbage_v2/standardized_256/paper/paper_802.jpg,paper,paper_cardboard,train,standardized_256
data/raw/garbage_v2/standardized_256/paper/paper_803.jpg,paper,paper_cardboard,train,standardized_256
data/raw/garbage_v2/standardized_256/paper/paper_806.jpg,paper,paper_cardboard,train,standardized_256
data/raw/garbage_v2/standardized_256/paper/paper_807.jpg,paper,paper_cardboard,train,standardized_256
data/raw/garbage_v2/standardized_256/paper/paper_809.jpg,paper,paper_cardboard,train,standardized_256
data/raw/garbage_v2/standardized_256/paper/paper_81.jpg,paper,paper_cardboard,train,standardized_256
data/raw/garbage_v2/standardized_256/paper/paper_810.jpg,paper,paper_cardboard,train,standardized_256
data/raw/garbage_v2/standardized_256/paper/paper_811.jpg,paper,paper_cardboard,train,standardized_256
data/raw/garbage_v2/standardized_256/paper/paper_813.jpg,paper,paper_cardboard,train,standardized_256
data/raw/garbage_v2/standardized_256/paper/paper_814.jpg,paper,paper_cardboard,train,standardized_256
data/raw/garbage_v2/standardized_256/paper/paper_815.jpg,paper,paper_cardboard,train,standardized_256
data/raw/garbage_v2/standardized_256/paper/paper_816.jpg,paper,paper_cardboard,train,standardized_256
data/raw/garbage_v2/standardized_256/paper/paper_817.jpg,paper,paper_cardboard,train,standardized_256
data/raw/garbage_v2/standardized_256/paper/paper_819.jpg,paper,paper_cardboard,train,standardized_256
data/raw/garbage_v2/standardized_256/paper/paper_82.jpg,paper,paper_cardboard,train,standardized_256
data/raw/garbage_v2/standardized_256/paper/paper_820.jpg,paper,paper_cardboard,train,standardized_256
data/raw/garbage_v2/standardized_256/paper/paper_822.jpg,paper,paper_cardboard,train,standardized_256
data/raw/garbage_v2/standardized_256/paper/paper_823.jpg,paper,paper_cardboard,train,standardized_256
data/raw/garbage_v2/standardized_256/paper/paper_825.jpg,paper,paper_cardboard,train,standardized_256
data/raw/garbage_v2/standardized_256/paper/paper_827.jpg,paper,paper_cardboard,train,standardized_256
data/raw/garbage_v2/standardized_256/paper/paper_828.jpg,paper,paper_cardboard,train,standardized_256
data/raw/garbage_v2/standardized_256/paper/paper_829.jpg,paper,paper_cardboard,train,standardized_256
data/raw/garbage_v2/standardized_256/paper/paper_83.jpg,paper,paper_cardboard,train,standardized_256
data/raw/garbage_v2/standardized_256/paper/paper_830.jpg,paper,paper_cardboard,train,standardized_256
data/raw/garbage_v2/standardized_256/paper/paper_831.jpg,paper,paper_cardboard,train,standardized_256
data/raw/garbage_v2/standardized_256/paper/paper_832.jpg,paper,paper_cardboard,train,standardized_256
data/raw/garbage_v2/standardized_256/paper/paper_833.jpg,paper,paper_cardboard,train,standardized_256
data/raw/garbage_v2/standardized_256/paper/paper_835.jpg,paper,paper_cardboard,train,standardized_256
data/raw/garbage_v2/standardized_256/paper/paper_836.jpg,paper,paper_cardboard,train,standardized_256
data/raw/garbage_v2/standardized_256/paper/paper_837.jpg,paper,paper_cardboard,train,standardized_256
data/raw/garbage_v2/standardized_256/paper/paper_838.jpg,paper,paper_cardboard,train,standardized_256
data/raw/garbage_v2/standardized_256/paper/paper_839.jpg,paper,paper_cardboard,train,standardized_256
data/raw/garbage_v2/standardized_256/paper/paper_840.jpg,paper,paper_cardboard,train,standardized_256
data/raw/garbage_v2/standardized_256/paper/paper_845.jpg,paper,paper_cardboard,train,standardized_256
data/raw/garbage_v2/standardized_256/paper/paper_846.jpg,paper,paper_cardboard,train,standardized_256
data/raw/garbage_v2/standardized_256/paper/paper_847.jpg,paper,paper_cardboard,train,standardized_256
data/raw/garbage_v2/standardized_256/paper/paper_848.jpg,paper,paper_cardboard,train,standardized_256
data/raw/garbage_v2/standardized_256/paper/paper_849.jpg,paper,paper_cardboard,train,standardized_256
data/raw/garbage_v2/standardized_256/paper/paper_851.jpg,paper,paper_cardboard,train,standardized_256
data/raw/garbage_v2/standardized_256/paper/paper_852.jpg,paper,paper_cardboard,train,standardized_256
data/raw/garbage_v2/standardized_256/paper/paper_853.jpg,paper,paper_cardboard,train,standardized_256
data/raw/garbage_v2/standardized_256/paper/paper_857.jpg,paper,paper_cardboard,train,standardized_256
data/raw/garbage_v2/standardized_256/paper/paper_858.jpg,paper,paper_cardboard,train,standardized_256
data/raw/garbage_v2/standardized_256/paper/paper_859.jpg,paper,paper_cardboard,train,standardized_256
data/raw/garbage_v2/standardized_256/paper/paper_86.jpg,paper,paper_cardboard,train,standardized_256
data/raw/garbage_v2/standardized_256/paper/paper_860.jpg,paper,paper_cardboard,train,standardized_256
data/raw/garbage_v2/standardized_256/paper/paper_862.jpg,paper,paper_cardboard,train,standardized_256
data/raw/garbage_v2/standardized_256/paper/paper_863.jpg,paper,paper_cardboard,train,standardized_256
data/raw/garbage_v2/standardized_256/paper/paper_864.jpg,paper,paper_cardboard,train,standardized_256
data/raw/garbage_v2/standardized_256/paper/paper_865.jpg,paper,paper_cardboard,train,standardized_256
data/raw/garbage_v2/standardized_256/paper/paper_866.jpg,paper,paper_cardboard,train,standardized_256
data/raw/garbage_v2/standardized_256/paper/paper_867.jpg,paper,paper_cardboard,train,standardized_256
data/raw/garbage_v2/standardized_256/paper/paper_868.jpg,paper,paper_cardboard,train,standardized_256
data/raw/garbage_v2/standardized_256/paper/paper_869.jpg,paper,paper_cardboard,train,standardized_256
data/raw/garbage_v2/standardized_256/paper/paper_87.jpg,paper,paper_cardboard,train,standardized_256
data/raw/garbage_v2/standardized_256/paper/paper_870.jpg,paper,paper_cardboard,train,standardized_256
data/raw/garbage_v2/standardized_256/paper/paper_871.jpg,paper,paper_cardboard,train,standardized_256
data/raw/garbage_v2/standardized_256/paper/paper_872.jpg,paper,paper_cardboard,train,standardized_256
data/raw/garbage_v2/standardized_256/paper/paper_875.jpg,paper,paper_cardboard,train,standardized_256
data/raw/garbage_v2/standardized_256/paper/paper_876.jpg,paper,paper_cardboard,train,standardized_256
data/raw/garbage_v2/standardized_256/paper/paper_878.jpg,paper,paper_cardboard,train,standardized_256
data/raw/garbage_v2/standardized_256/paper/paper_879.jpg,paper,paper_cardboard,train,standardized_256
data/raw/garbage_v2/standardized_256/paper/paper_88.jpg,paper,paper_cardboard,train,standardized_256
data/raw/garbage_v2/standardized_256/paper/paper_880.jpg,paper,paper_cardboard,train,standardized_256
data/raw/garbage_v2/standardized_256/paper/paper_882.jpg,paper,paper_cardboard,train,standardized_256
data/raw/garbage_v2/standardized_256/paper/paper_883.jpg,paper,paper_cardboard,train,standardized_256
data/raw/garbage_v2/standardized_256/paper/paper_884.jpg,paper,paper_cardboard,train,standardized_256
data/raw/garbage_v2/standardized_256/paper/paper_885.jpg,paper,paper_cardboard,train,standardized_256
data/raw/garbage_v2/standardized_256/paper/paper_886.jpg,paper,paper_cardboard,train,standardized_256
data/raw/garbage_v2/standardized_256/paper/paper_888.jpg,paper,paper_cardboard,train,standardized_256
data/raw/garbage_v2/standardized_256/paper/paper_889.jpg,paper,paper_cardboard,train,standardized_256
data/raw/garbage_v2/standardized_256/paper/paper_890.jpg,paper,paper_cardboard,train,standardized_256
data/raw/garbage_v2/standardized_256/paper/paper_892.jpg,paper,paper_cardboard,train,standardized_256
data/raw/garbage_v2/standardized_256/paper/paper_893.jpg,paper,paper_cardboard,train,standardized_256
data/raw/garbage_v2/standardized_256/paper/paper_895.jpg,paper,paper_cardboard,train,standardized_256
data/raw/garbage_v2/standardized_256/paper/paper_897.jpg,paper,paper_cardboard,train,standardized_256
data/raw/garbage_v2/standardized_256/paper/paper_898.jpg,paper,paper_cardboard,train,standardized_256
data/raw/garbage_v2/standardized_256/paper/paper_899.jpg,paper,paper_cardboard,train,standardized_256
data/raw/garbage_v2/standardized_256/paper/paper_9.jpg,paper,paper_cardboard,train,standardized_256
data/raw/garbage_v2/standardized_256/paper/paper_90.jpg,paper,paper_cardboard,train,standardized_256
data/raw/garbage_v2/standardized_256/paper/paper_901.jpg,paper,paper_cardboard,train,standardized_256
data/raw/garbage_v2/standardized_256/paper/paper_902.jpg,paper,paper_cardboard,train,standardized_256
data/raw/garbage_v2/standardized_256/paper/paper_903.jpg,paper,paper_cardboard,train,standardized_256
data/raw/garbage_v2/standardized_256/paper/paper_904.jpg,paper,paper_cardboard,train,standardized_256
data/raw/garbage_v2/standardized_256/paper/paper_905.jpg,paper,paper_cardboard,train,standardized_256
data/raw/garbage_v2/standardized_256/paper/paper_906.jpg,paper,paper_cardboard,train,standardized_256
data/raw/garbage_v2/standardized_256/paper/paper_907.jpg,paper,paper_cardboard,train,standardized_256
data/raw/garbage_v2/standardized_256/paper/paper_909.jpg,paper,paper_cardboard,train,standardized_256
data/raw/garbage_v2/standardized_256/paper/paper_91.jpg,paper,paper_cardboard,train,standardized_256
data/raw/garbage_v2/standardized_256/paper/paper_911.jpg,paper,paper_cardboard,train,standardized_256
data/raw/garbage_v2/standardized_256/paper/paper_912.jpg,paper,paper_cardboard,train,standardized_256
data/raw/garbage_v2/standardized_256/paper/paper_913.jpg,paper,paper_cardboard,train,standardized_256
data/raw/garbage_v2/standardized_256/paper/paper_914.jpg,paper,paper_cardboard,train,standardized_256
data/raw/garbage_v2/standardized_256/paper/paper_915.jpg,paper,paper_cardboard,train,standardized_256
data/raw/garbage_v2/standardized_256/paper/paper_916.jpg,paper,paper_cardboard,train,standardized_256
data/raw/garbage_v2/standardized_256/paper/paper_917.jpg,paper,paper_cardboard,train,standardized_256
data/raw/garbage_v2/standardized_256/paper/paper_918.jpg,paper,paper_cardboard,train,standardized_256
data/raw/garbage_v2/standardized_256/paper/paper_919.jpg,paper,paper_cardboard,train,standardized_256
data/raw/garbage_v2/standardized_256/paper/paper_92.jpg,paper,paper_cardboard,train,standardized_256
data/raw/garbage_v2/standardized_256/paper/paper_920.jpg,paper,paper_cardboard,train,standardized_256
data/raw/garbage_v2/standardized_256/paper/paper_922.jpg,paper,paper_cardboard,train,standardized_256
data/raw/garbage_v2/standardized_256/paper/paper_923.jpg,paper,paper_cardboard,train,standardized_256
data/raw/garbage_v2/standardized_256/paper/paper_924.jpg,paper,paper_cardboard,train,standardized_256
data/raw/garbage_v2/standardized_256/paper/paper_925.jpg,paper,paper_cardboard,train,standardized_256
data/raw/garbage_v2/standardized_256/paper/paper_926.jpg,paper,paper_cardboard,train,standardized_256
data/raw/garbage_v2/standardized_256/paper/paper_927.jpg,paper,paper_cardboard,train,standardized_256
data/raw/garbage_v2/standardized_256/paper/paper_928.jpg,paper,paper_cardboard,train,standardized_256
data/raw/garbage_v2/standardized_256/paper/paper_929.jpg,paper,paper_cardboard,train,standardized_256
data/raw/garbage_v2/standardized_256/paper/paper_93.jpg,paper,paper_cardboard,train,standardized_256
data/raw/garbage_v2/standardized_256/paper/paper_930.jpg,paper,paper_cardboard,train,standardized_256
data/raw/garbage_v2/standardized_256/paper/paper_932.jpg,paper,paper_cardboard,train,standardized_256
data/raw/garbage_v2/standardized_256/paper/paper_933.jpg,paper,paper_cardboard,train,standardized_256
data/raw/garbage_v2/standardized_256/paper/paper_935.jpg,paper,paper_cardboard,train,standardized_256
data/raw/garbage_v2/standardized_256/paper/paper_937.jpg,paper,paper_cardboard,train,standardized_256
data/raw/garbage_v2/standardized_256/paper/paper_938.jpg,paper,paper_cardboard,train,standardized_256
data/raw/garbage_v2/standardized_256/paper/paper_939.jpg,paper,paper_cardboard,train,standardized_256
data/raw/garbage_v2/standardized_256/paper/paper_94.jpg,paper,paper_cardboard,train,standardized_256
data/raw/garbage_v2/standardized_256/paper/paper_940.jpg,paper,paper_cardboard,train,standardized_256
data/raw/garbage_v2/standardized_256/paper/paper_942.jpg,paper,paper_cardboard,train,standardized_256
data/raw/garbage_v2/standardized_256/paper/paper_943.jpg,paper,paper_cardboard,train,standardized_256
data/raw/garbage_v2/standardized_256/paper/paper_945.jpg,paper,paper_cardboard,train,standardized_256
data/raw/garbage_v2/standardized_256/paper/paper_948.jpg,paper,paper_cardboard,train,standardized_256
data/raw/garbage_v2/standardized_256/paper/paper_949.jpg,paper,paper_cardboard,train,standardized_256
data/raw/garbage_v2/standardized_256/paper/paper_95.jpg,paper,paper_cardboard,train,standardized_256
data/raw/garbage_v2/standardized_256/paper/paper_950.jpg,paper,paper_cardboard,train,standardized_256
data/raw/garbage_v2/standardized_256/paper/paper_951.jpg,paper,paper_cardboard,train,standardized_256
data/raw/garbage_v2/standardized_256/paper/paper_953.jpg,paper,paper_cardboard,train,standardized_256
data/raw/garbage_v2/standardized_256/paper/paper_954.jpg,paper,paper_cardboard,train,standardized_256
data/raw/garbage_v2/standardized_256/paper/paper_955.jpg,paper,paper_cardboard,train,standardized_256
data/raw/garbage_v2/standardized_256/paper/paper_956.jpg,paper,paper_cardboard,train,standardized_256
data/raw/garbage_v2/standardized_256/paper/paper_957.jpg,paper,paper_cardboard,train,standardized_256
data/raw/garbage_v2/standardized_256/paper/paper_958.jpg,paper,paper_cardboard,train,standardized_256
data/raw/garbage_v2/standardized_256/paper/paper_959.jpg,paper,paper_cardboard,train,standardized_256
data/raw/garbage_v2/standardized_256/paper/paper_960.jpg,paper,paper_cardboard,train,standardized_256
data/raw/garbage_v2/standardized_256/paper/paper_961.jpg,paper,paper_cardboard,train,standardized_256
data/raw/garbage_v2/standardized_256/paper/paper_962.jpg,paper,paper_cardboard,train,standardized_256
data/raw/garbage_v2/standardized_256/paper/paper_964.jpg,paper,paper_cardboard,train,standardized_256
data/raw/garbage_v2/standardized_256/paper/paper_965.jpg,paper,paper_cardboard,train,standardized_256
data/raw/garbage_v2/standardized_256/paper/paper_966.jpg,paper,paper_cardboard,train,standardized_256
data/raw/garbage_v2/standardized_256/paper/paper_967.jpg,paper,paper_cardboard,train,standardized_256
data/raw/garbage_v2/standardized_256/paper/paper_969.jpg,paper,paper_cardboard,train,standardized_256
data/raw/garbage_v2/standardized_256/paper/paper_972.jpg,paper,paper_cardboard,train,standardized_256
data/raw/garbage_v2/standardized_256/paper/paper_973.jpg,paper,paper_cardboard,train,standardized_256
data/raw/garbage_v2/standardized_256/paper/paper_976.jpg,paper,paper_cardboard,train,standardized_256
data/raw/garbage_v2/standardized_256/paper/paper_977.jpg,paper,paper_cardboard,train,standardized_256
data/raw/garbage_v2/standardized_256/paper/paper_978.jpg,paper,paper_cardboard,train,standardized_256
data/raw/garbage_v2/standardized_256/paper/paper_979.jpg,paper,paper_cardboard,train,standardized_256
data/raw/garbage_v2/standardized_256/paper/paper_98.jpg,paper,paper_cardboard,train,standardized_256
data/raw/garbage_v2/standardized_256/paper/paper_981.jpg,paper,paper_cardboard,train,standardized_256
data/raw/garbage_v2/standardized_256/paper/paper_984.jpg,paper,paper_cardboard,train,standardized_256
data/raw/garbage_v2/standardized_256/paper/paper_985.jpg,paper,paper_cardboard,train,standardized_256
data/raw/garbage_v2/standardized_256/paper/paper_986.jpg,paper,paper_cardboard,train,standardized_256
data/raw/garbage_v2/standardized_256/paper/paper_988.jpg,paper,paper_cardboard,train,standardized_256
data/raw/garbage_v2/standardized_256/paper/paper_989.jpg,paper,paper_cardboard,train,standardized_256
data/raw/garbage_v2/standardized_256/paper/paper_990.jpg,paper,paper_cardboard,train,standardized_256
data/raw/garbage_v2/standardized_256/paper/paper_992.jpg,paper,paper_cardboard,train,standardized_256
data/raw/garbage_v2/standardized_256/paper/paper_993.jpg,paper,paper_cardboard,train,standardized_256
data/raw/garbage_v2/standardized_256/paper/paper_994.jpg,paper,paper_cardboard,train,standardized_256
data/raw/garbage_v2/standardized_256/paper/paper_995.jpg,paper,paper_cardboard,train,standardized_256
data/raw/garbage_v2/standardized_256/paper/paper_996.jpg,paper,paper_cardboard,train,standardized_256
data/raw/garbage_v2/standardized_256/paper/paper_997.jpg,paper,paper_cardboard,train,standardized_256
data/raw/garbage_v2/standardized_256/paper/paper_998.jpg,paper,paper_cardboard,train,standardized_256
data/raw/garbage_v2/standardized_256/plastic/plastic_1.jpg,plastic,plastic,train,standardized_256
data/raw/garbage_v2/standardized_256/plastic/plastic_10.jpg,plastic,plastic,train,standardized_256
data/raw/garbage_v2/standardized_256/plastic/plastic_100.jpg,plastic,plastic,train,standardized_256
data/raw/garbage_v2/standardized_256/plastic/plastic_1000.jpg,plastic,plastic,train,standardized_256
data/raw/garbage_v2/standardized_256/plastic/plastic_1001.jpg,plastic,plastic,train,standardized_256
data/raw/garbage_v2/standardized_256/plastic/plastic_1002.jpg,plastic,plastic,train,standardized_256
data/raw/garbage_v2/standardized_256/plastic/plastic_1004.jpg,plastic,plastic,train,standardized_256
data/raw/garbage_v2/standardized_256/plastic/plastic_1006.jpg,plastic,plastic,train,standardized_256
data/raw/garbage_v2/standardized_256/plastic/plastic_1009.jpg,plastic,plastic,train,standardized_256
data/raw/garbage_v2/standardized_256/plastic/plastic_101.jpg,plastic,plastic,train,standardized_256
data/raw/garbage_v2/standardized_256/plastic/plastic_1010.jpg,plastic,plastic,train,standardized_256
data/raw/garbage_v2/standardized_256/plastic/plastic_1011.jpg,plastic,plastic,train,standardized_256
data/raw/garbage_v2/standardized_256/plastic/plastic_1013.jpg,plastic,plastic,train,standardized_256
data/raw/garbage_v2/standardized_256/plastic/plastic_1014.jpg,plastic,plastic,train,standardized_256
data/raw/garbage_v2/standardized_256/plastic/plastic_1015.jpg,plastic,plastic,train,standardized_256
data/raw/garbage_v2/standardized_256/plastic/plastic_1016.jpg,plastic,plastic,train,standardized_256
data/raw/garbage_v2/standardized_256/plastic/plastic_1018.jpg,plastic,plastic,train,standardized_256
data/raw/garbage_v2/standardized_256/plastic/plastic_1019.jpg,plastic,plastic,train,standardized_256
data/raw/garbage_v2/standardized_256/plastic/plastic_102.jpg,plastic,plastic,train,standardized_256
data/raw/garbage_v2/standardized_256/plastic/plastic_1020.jpg,plastic,plastic,train,standardized_256
data/raw/garbage_v2/standardized_256/plastic/plastic_1021.jpg,plastic,plastic,train,standardized_256
data/raw/garbage_v2/standardized_256/plastic/plastic_1022.jpg,plastic,plastic,train,standardized_256
data/raw/garbage_v2/standardized_256/plastic/plastic_1024.jpg,plastic,plastic,train,standardized_256
data/raw/garbage_v2/standardized_256/plastic/plastic_1025.jpg,plastic,plastic,train,standardized_256
data/raw/garbage_v2/standardized_256/plastic/plastic_1026.jpg,plastic,plastic,train,standardized_256
data/raw/garbage_v2/standardized_256/plastic/plastic_1027.jpg,plastic,plastic,train,standardized_256
data/raw/garbage_v2/standardized_256/plastic/plastic_1029.jpg,plastic,plastic,train,standardized_256
data/raw/garbage_v2/standardized_256/plastic/plastic_103.jpg,plastic,plastic,train,standardized_256
data/raw/garbage_v2/standardized_256/plastic/plastic_1030.jpg,plastic,plastic,train,standardized_256
data/raw/garbage_v2/standardized_256/plastic/plastic_1031.jpg,plastic,plastic,train,standardized_256
data/raw/garbage_v2/standardized_256/plastic/plastic_1032.jpg,plastic,plastic,train,standardized_256
data/raw/garbage_v2/standardized_256/plastic/plastic_1033.jpg,plastic,plastic,train,standardized_256
data/raw/garbage_v2/standardized_256/plastic/plastic_1035.jpg,plastic,plastic,train,standardized_256
data/raw/garbage_v2/standardized_256/plastic/plastic_1038.jpg,plastic,plastic,train,standardized_256
data/raw/garbage_v2/standardized_256/plastic/plastic_1039.jpg,plastic,plastic,train,standardized_256
data/raw/garbage_v2/standardized_256/plastic/plastic_104.jpg,plastic,plastic,train,standardized_256
data/raw/garbage_v2/standardized_256/plastic/plastic_1041.jpg,plastic,plastic,train,standardized_256
data/raw/garbage_v2/standardized_256/plastic/plastic_1042.jpg,plastic,plastic,train,standardized_256
data/raw/garbage_v2/standardized_256/plastic/plastic_1043.jpg,plastic,plastic,train,standardized_256
data/raw/garbage_v2/standardized_256/plastic/plastic_1044.jpg,plastic,plastic,train,standardized_256
data/raw/garbage_v2/standardized_256/plastic/plastic_1045.jpg,plastic,plastic,train,standardized_256
data/raw/garbage_v2/standardized_256/plastic/plastic_1047.jpg,plastic,plastic,train,standardized_256
data/raw/garbage_v2/standardized_256/plastic/plastic_1048.jpg,plastic,plastic,train,standardized_256
data/raw/garbage_v2/standardized_256/plastic/plastic_105.jpg,plastic,plastic,train,standardized_256
data/raw/garbage_v2/standardized_256/plastic/plastic_1052.jpg,plastic,plastic,train,standardized_256
data/raw/garbage_v2/standardized_256/plastic/plastic_1053.jpg,plastic,plastic,train,standardized_256
data/raw/garbage_v2/standardized_256/plastic/plastic_1054.jpg,plastic,plastic,train,standardized_256
data/raw/garbage_v2/standardized_256/plastic/plastic_1055.jpg,plastic,plastic,train,standardized_256
data/raw/garbage_v2/standardized_256/plastic/plastic_1056.jpg,plastic,plastic,train,standardized_256
data/raw/garbage_v2/standardized_256/plastic/plastic_1057.jpg,plastic,plastic,train,standardized_256
data/raw/garbage_v2/standardized_256/plastic/plastic_1058.jpg,plastic,plastic,train,standardized_256
data/raw/garbage_v2/standardized_256/plastic/plastic_1059.jpg,plastic,plastic,train,standardized_256
data/raw/garbage_v2/standardized_256/plastic/plastic_106.jpg,plastic,plastic,train,standardized_256
data/raw/garbage_v2/standardized_256/plastic/plastic_1061.jpg,plastic,plastic,train,standardized_256
data/raw/garbage_v2/standardized_256/plastic/plastic_1063.jpg,plastic,plastic,train,standardized_256
data/raw/garbage_v2/standardized_256/plastic/plastic_1065.jpg,plastic,plastic,train,standardized_256
data/raw/garbage_v2/standardized_256/plastic/plastic_1067.jpg,plastic,plastic,train,standardized_256
data/raw/garbage_v2/standardized_256/plastic/plastic_1068.jpg,plastic,plastic,train,standardized_256
data/raw/garbage_v2/standardized_256/plastic/plastic_1069.jpg,plastic,plastic,train,standardized_256
data/raw/garbage_v2/standardized_256/plastic/plastic_107.jpg,plastic,plastic,train,standardized_256
data/raw/garbage_v2/standardized_256/plastic/plastic_1070.jpg,plastic,plastic,train,standardized_256
data/raw/garbage_v2/standardized_256/plastic/plastic_1071.jpg,plastic,plastic,train,standardized_256
data/raw/garbage_v2/standardized_256/plastic/plastic_1075.jpg,plastic,plastic,train,standardized_256
data/raw/garbage_v2/standardized_256/plastic/plastic_1077.jpg,plastic,plastic,train,standardized_256
data/raw/garbage_v2/standardized_256/plastic/plastic_1078.jpg,plastic,plastic,train,standardized_256
data/raw/garbage_v2/standardized_256/plastic/plastic_1080.jpg,plastic,plastic,train,standardized_256
data/raw/garbage_v2/standardized_256/plastic/plastic_1083.jpg,plastic,plastic,train,standardized_256
data/raw/garbage_v2/standardized_256/plastic/plastic_1084.jpg,plastic,plastic,train,standardized_256
data/raw/garbage_v2/standardized_256/plastic/plastic_1085.jpg,plastic,plastic,train,standardized_256
data/raw/garbage_v2/standardized_256/plastic/plastic_1087.jpg,plastic,plastic,train,standardized_256
data/raw/garbage_v2/standardized_256/plastic/plastic_1089.jpg,plastic,plastic,train,standardized_256
data/raw/garbage_v2/standardized_256/plastic/plastic_1090.jpg,plastic,plastic,train,standardized_256
data/raw/garbage_v2/standardized_256/plastic/plastic_1091.jpg,plastic,plastic,train,standardized_256
data/raw/garbage_v2/standardized_256/plastic/plastic_1092.jpg,plastic,plastic,train,standardized_256
data/raw/garbage_v2/standardized_256/plastic/plastic_1093.jpg,plastic,plastic,train,standardized_256
data/raw/garbage_v2/standardized_256/plastic/plastic_1095.jpg,plastic,plastic,train,standardized_256
data/raw/garbage_v2/standardized_256/plastic/plastic_1097.jpg,plastic,plastic,train,standardized_256
data/raw/garbage_v2/standardized_256/plastic/plastic_1098.jpg,plastic,plastic,train,standardized_256
data/raw/garbage_v2/standardized_256/plastic/plastic_11.jpg,plastic,plastic,train,standardized_256
data/raw/garbage_v2/standardized_256/plastic/plastic_1101.jpg,plastic,plastic,train,standardized_256
data/raw/garbage_v2/standardized_256/plastic/plastic_1102.jpg,plastic,plastic,train,standardized_256
data/raw/garbage_v2/standardized_256/plastic/plastic_1103.jpg,plastic,plastic,train,standardized_256
data/raw/garbage_v2/standardized_256/plastic/plastic_1104.jpg,plastic,plastic,train,standardized_256
data/raw/garbage_v2/standardized_256/plastic/plastic_1105.jpg,plastic,plastic,train,standardized_256
data/raw/garbage_v2/standardized_256/plastic/plastic_1107.jpg,plastic,plastic,train,standardized_256
data/raw/garbage_v2/standardized_256/plastic/plastic_1108.jpg,plastic,plastic,train,standardized_256
data/raw/garbage_v2/standardized_256/plastic/plastic_1109.jpg,plastic,plastic,train,standardized_256
data/raw/garbage_v2/standardized_256/plastic/plastic_111.jpg,plastic,plastic,train,standardized_256
data/raw/garbage_v2/standardized_256/plastic/plastic_1110.jpg,plastic,plastic,train,standardized_256
data/raw/garbage_v2/standardized_256/plastic/plastic_1111.jpg,plastic,plastic,train,standardized_256
data/raw/garbage_v2/standardized_256/plastic/plastic_1112.jpg,plastic,plastic,train,standardized_256
data/raw/garbage_v2/standardized_256/plastic/plastic_1113.jpg,plastic,plastic,train,standardized_256
data/raw/garbage_v2/standardized_256/plastic/plastic_1114.jpg,plastic,plastic,train,standardized_256
data/raw/garbage_v2/standardized_256/plastic/plastic_1116.jpg,plastic,plastic,train,standardized_256
data/raw/garbage_v2/standardized_256/plastic/plastic_1117.jpg,plastic,plastic,train,standardized_256
data/raw/garbage_v2/standardized_256/plastic/plastic_1118.jpg,plastic,plastic,train,standardized_256
data/raw/garbage_v2/standardized_256/plastic/plastic_1119.jpg,plastic,plastic,train,standardized_256
data/raw/garbage_v2/standardized_256/plastic/plastic_1120.jpg,plastic,plastic,train,standardized_256
data/raw/garbage_v2/standardized_256/plastic/plastic_1121.jpg,plastic,plastic,train,standardized_256
data/raw/garbage_v2/standardized_256/plastic/plastic_1122.jpg,plastic,plastic,train,standardized_256
data/raw/garbage_v2/standardized_256/plastic/plastic_1123.jpg,plastic,plastic,train,standardized_256
data/raw/garbage_v2/standardized_256/plastic/plastic_1124.jpg,plastic,plastic,train,standardized_256
data/raw/garbage_v2/standardized_256/plastic/plastic_1125.jpg,plastic,plastic,train,standardized_256
data/raw/garbage_v2/standardized_256/plastic/plastic_1126.jpg,plastic,plastic,train,standardized_256
data/raw/garbage_v2/standardized_256/plastic/plastic_1127.jpg,plastic,plastic,train,standardized_256
data/raw/garbage_v2/standardized_256/plastic/plastic_1129.jpg,plastic,plastic,train,standardized_256
data/raw/garbage_v2/standardized_256/plastic/plastic_113.jpg,plastic,plastic,train,standardized_256
data/raw/garbage_v2/standardized_256/plastic/plastic_1130.jpg,plastic,plastic,train,standardized_256
data/raw/garbage_v2/standardized_256/plastic/plastic_1131.jpg,plastic,plastic,train,standardized_256
data/raw/garbage_v2/standardized_256/plastic/plastic_1133.jpg,plastic,plastic,train,standardized_256
data/raw/garbage_v2/standardized_256/plastic/plastic_1134.jpg,plastic,plastic,train,standardized_256
data/raw/garbage_v2/standardized_256/plastic/plastic_1135.jpg,plastic,plastic,train,standardized_256
data/raw/garbage_v2/standardized_256/plastic/plastic_1136.jpg,plastic,plastic,train,standardized_256
data/raw/garbage_v2/standardized_256/plastic/plastic_1137.jpg,plastic,plastic,train,standardized_256
data/raw/garbage_v2/standardized_256/plastic/plastic_1138.jpg,plastic,plastic,train,standardized_256
data/raw/garbage_v2/standardized_256/plastic/plastic_1140.jpg,plastic,plastic,train,standardized_256
data/raw/garbage_v2/standardized_256/plastic/plastic_1141.jpg,plastic,plastic,train,standardized_256
data/raw/garbage_v2/standardized_256/plastic/plastic_1142.jpg,plastic,plastic,train,standardized_256
data/raw/garbage_v2/standardized_256/plastic/plastic_1143.jpg,plastic,plastic,train,standardized_256
data/raw/garbage_v2/standardized_256/plastic/plastic_1145.jpg,plastic,plastic,train,standardized_256
data/raw/garbage_v2/standardized_256/plastic/plastic_1147.jpg,plastic,plastic,train,standardized_256
data/raw/garbage_v2/standardized_256/plastic/plastic_1150.jpg,plastic,plastic,train,standardized_256
data/raw/garbage_v2/standardized_256/plastic/plastic_1151.jpg,plastic,plastic,train,standardized_256
data/raw/garbage_v2/standardized_256/plastic/plastic_1154.jpg,plastic,plastic,train,standardized_256
data/raw/garbage_v2/standardized_256/plastic/plastic_1155.jpg,plastic,plastic,train,standardized_256
data/raw/garbage_v2/standardized_256/plastic/plastic_1157.jpg,plastic,plastic,train,standardized_256
data/raw/garbage_v2/standardized_256/plastic/plastic_1158.jpg,plastic,plastic,train,standardized_256
data/raw/garbage_v2/standardized_256/plastic/plastic_1159.jpg,plastic,plastic,train,standardized_256
data/raw/garbage_v2/standardized_256/plastic/plastic_116.jpg,plastic,plastic,train,standardized_256
data/raw/garbage_v2/standardized_256/plastic/plastic_1160.jpg,plastic,plastic,train,standardized_256
data/raw/garbage_v2/standardized_256/plastic/plastic_1161.jpg,plastic,plastic,train,standardized_256
data/raw/garbage_v2/standardized_256/plastic/plastic_1165.jpg,plastic,plastic,train,standardized_256
data/raw/garbage_v2/standardized_256/plastic/plastic_1166.jpg,plastic,plastic,train,standardized_256
data/raw/garbage_v2/standardized_256/plastic/plastic_1167.jpg,plastic,plastic,train,standardized_256
data/raw/garbage_v2/standardized_256/plastic/plastic_1168.jpg,plastic,plastic,train,standardized_256
data/raw/garbage_v2/standardized_256/plastic/plastic_1171.jpg,plastic,plastic,train,standardized_256
data/raw/garbage_v2/standardized_256/plastic/plastic_1173.jpg,plastic,plastic,train,standardized_256
data/raw/garbage_v2/standardized_256/plastic/plastic_1176.jpg,plastic,plastic,train,standardized_256
data/raw/garbage_v2/standardized_256/plastic/plastic_1177.jpg,plastic,plastic,train,standardized_256
data/raw/garbage_v2/standardized_256/plastic/plastic_1178.jpg,plastic,plastic,train,standardized_256
data/raw/garbage_v2/standardized_256/plastic/plastic_1179.jpg,plastic,plastic,train,standardized_256
data/raw/garbage_v2/standardized_256/plastic/plastic_118.jpg,plastic,plastic,train,standardized_256
data/raw/garbage_v2/standardized_256/plastic/plastic_1180.jpg,plastic,plastic,train,standardized_256
data/raw/garbage_v2/standardized_256/plastic/plastic_1181.jpg,plastic,plastic,train,standardized_256
data/raw/garbage_v2/standardized_256/plastic/plastic_1182.jpg,plastic,plastic,train,standardized_256
data/raw/garbage_v2/standardized_256/plastic/plastic_1184.jpg,plastic,plastic,train,standardized_256
data/raw/garbage_v2/standardized_256/plastic/plastic_1185.jpg,plastic,plastic,train,standardized_256
data/raw/garbage_v2/standardized_256/plastic/plastic_1186.jpg,plastic,plastic,train,standardized_256
data/raw/garbage_v2/standardized_256/plastic/plastic_1187.jpg,plastic,plastic,train,standardized_256
data/raw/garbage_v2/standardized_256/plastic/plastic_1188.jpg,plastic,plastic,train,standardized_256
data/raw/garbage_v2/standardized_256/plastic/plastic_1189.jpg,plastic,plastic,train,standardized_256
data/raw/garbage_v2/standardized_256/plastic/plastic_119.jpg,plastic,plastic,train,standardized_256
data/raw/garbage_v2/standardized_256/plastic/plastic_1190.jpg,plastic,plastic,train,standardized_256
data/raw/garbage_v2/standardized_256/plastic/plastic_1191.jpg,plastic,plastic,train,standardized_256
data/raw/garbage_v2/standardized_256/plastic/plastic_1192.jpg,plastic,plastic,train,standardized_256
data/raw/garbage_v2/standardized_256/plastic/plastic_1193.jpg,plastic,plastic,train,standardized_256
data/raw/garbage_v2/standardized_256/plastic/plastic_1196.jpg,plastic,plastic,train,standardized_256
data/raw/garbage_v2/standardized_256/plastic/plastic_1198.jpg,plastic,plastic,train,standardized_256
data/raw/garbage_v2/standardized_256/plastic/plastic_1199.jpg,plastic,plastic,train,standardized_256
data/raw/garbage_v2/standardized_256/plastic/plastic_12.jpg,plastic,plastic,train,standardized_256
data/raw/garbage_v2/standardized_256/plastic/plastic_120.jpg,plastic,plastic,train,standardized_256
data/raw/garbage_v2/standardized_256/plastic/plastic_1200.jpg,plastic,plastic,train,standardized_256
data/raw/garbage_v2/standardized_256/plastic/plastic_1202.jpg,plastic,plastic,train,standardized_256
data/raw/garbage_v2/standardized_256/plastic/plastic_1203.jpg,plastic,plastic,train,standardized_256
data/raw/garbage_v2/standardized_256/plastic/plastic_1207.jpg,plastic,plastic,train,standardized_256
data/raw/garbage_v2/standardized_256/plastic/plastic_1209.jpg,plastic,plastic,train,standardized_256
data/raw/garbage_v2/standardized_256/plastic/plastic_121.jpg,plastic,plastic,train,standardized_256
data/raw/garbage_v2/standardized_256/plastic/plastic_1210.jpg,plastic,plastic,train,standardized_256
data/raw/garbage_v2/standardized_256/plastic/plastic_1212.jpg,plastic,plastic,train,standardized_256
data/raw/garbage_v2/standardized_256/plastic/plastic_1215.jpg,plastic,plastic,train,standardized_256
data/raw/garbage_v2/standardized_256/plastic/plastic_1217.jpg,plastic,plastic,train,standardized_256
data/raw/garbage_v2/standardized_256/plastic/plastic_1218.jpg,plastic,plastic,train,standardized_256
data/raw/garbage_v2/standardized_256/plastic/plastic_1219.jpg,plastic,plastic,train,standardized_256
data/raw/garbage_v2/standardized_256/plastic/plastic_1221.jpg,plastic,plastic,train,standardized_256
data/raw/garbage_v2/standardized_256/plastic/plastic_1224.jpg,plastic,plastic,train,standardized_256
data/raw/garbage_v2/standardized_256/plastic/plastic_1225.jpg,plastic,plastic,train,standardized_256
data/raw/garbage_v2/standardized_256/plastic/plastic_1227.jpg,plastic,plastic,train,standardized_256
data/raw/garbage_v2/standardized_256/plastic/plastic_1228.jpg,plastic,plastic,train,standardized_256
data/raw/garbage_v2/standardized_256/plastic/plastic_1229.jpg,plastic,plastic,train,standardized_256
data/raw/garbage_v2/standardized_256/plastic/plastic_123.jpg,plastic,plastic,train,standardized_256
data/raw/garbage_v2/standardized_256/plastic/plastic_1230.jpg,plastic,plastic,train,standardized_256
data/raw/garbage_v2/standardized_256/plastic/plastic_1231.jpg,plastic,plastic,train,standardized_256
data/raw/garbage_v2/standardized_256/plastic/plastic_1232.jpg,plastic,plastic,train,standardized_256
data/raw/garbage_v2/standardized_256/plastic/plastic_1234.jpg,plastic,plastic,train,standardized_256
data/raw/garbage_v2/standardized_256/plastic/plastic_1235.jpg,plastic,plastic,train,standardized_256
data/raw/garbage_v2/standardized_256/plastic/plastic_1237.jpg,plastic,plastic,train,standardized_256
data/raw/garbage_v2/standardized_256/plastic/plastic_1239.jpg,plastic,plastic,train,standardized_256
data/raw/garbage_v2/standardized_256/plastic/plastic_1240.jpg,plastic,plastic,train,standardized_256
data/raw/garbage_v2/standardized_256/plastic/plastic_1242.jpg,plastic,plastic,train,standardized_256
data/raw/garbage_v2/standardized_256/plastic/plastic_1245.jpg,plastic,plastic,train,standardized_256
data/raw/garbage_v2/standardized_256/plastic/plastic_1246.jpg,plastic,plastic,train,standardized_256
data/raw/garbage_v2/standardized_256/plastic/plastic_1247.jpg,plastic,plastic,train,standardized_256
data/raw/garbage_v2/standardized_256/plastic/plastic_1248.jpg,plastic,plastic,train,standardized_256
data/raw/garbage_v2/standardized_256/plastic/plastic_1250.jpg,plastic,plastic,train,standardized_256
data/raw/garbage_v2/standardized_256/plastic/plastic_1251.jpg,plastic,plastic,train,standardized_256
data/raw/garbage_v2/standardized_256/plastic/plastic_1252.jpg,plastic,plastic,train,standardized_256
data/raw/garbage_v2/standardized_256/plastic/plastic_1253.jpg,plastic,plastic,train,standardized_256
data/raw/garbage_v2/standardized_256/plastic/plastic_1254.jpg,plastic,plastic,train,standardized_256
data/raw/garbage_v2/standardized_256/plastic/plastic_1255.jpg,plastic,plastic,train,standardized_256
data/raw/garbage_v2/standardized_256/plastic/plastic_1256.jpg,plastic,plastic,train,standardized_256
data/raw/garbage_v2/standardized_256/plastic/plastic_1258.jpg,plastic,plastic,train,standardized_256
data/raw/garbage_v2/standardized_256/plastic/plastic_1259.jpg,plastic,plastic,train,standardized_256
data/raw/garbage_v2/standardized_256/plastic/plastic_1260.jpg,plastic,plastic,train,standardized_256
data/raw/garbage_v2/standardized_256/plastic/plastic_1261.jpg,plastic,plastic,train,standardized_256
data/raw/garbage_v2/standardized_256/plastic/plastic_1262.jpg,plastic,plastic,train,standardized_256
data/raw/garbage_v2/standardized_256/plastic/plastic_1263.jpg,plastic,plastic,train,standardized_256
data/raw/garbage_v2/standardized_256/plastic/plastic_1266.jpg,plastic,plastic,train,standardized_256
data/raw/garbage_v2/standardized_256/plastic/plastic_1268.jpg,plastic,plastic,train,standardized_256
data/raw/garbage_v2/standardized_256/plastic/plastic_1269.jpg,plastic,plastic,train,standardized_256
data/raw/garbage_v2/standardized_256/plastic/plastic_127.jpg,plastic,plastic,train,standardized_256
data/raw/garbage_v2/standardized_256/plastic/plastic_1270.jpg,plastic,plastic,train,standardized_256
data/raw/garbage_v2/standardized_256/plastic/plastic_1274.jpg,plastic,plastic,train,standardized_256
data/raw/garbage_v2/standardized_256/plastic/plastic_1275.jpg,plastic,plastic,train,standardized_256
data/raw/garbage_v2/standardized_256/plastic/plastic_1276.jpg,plastic,plastic,train,standardized_256
data/raw/garbage_v2/standardized_256/plastic/plastic_1278.jpg,plastic,plastic,train,standardized_256
data/raw/garbage_v2/standardized_256/plastic/plastic_1279.jpg,plastic,plastic,train,standardized_256
data/raw/garbage_v2/standardized_256/plastic/plastic_128.jpg,plastic,plastic,train,standardized_256
data/raw/garbage_v2/standardized_256/plastic/plastic_1280.jpg,plastic,plastic,train,standardized_256
data/raw/garbage_v2/standardized_256/plastic/plastic_1283.jpg,plastic,plastic,train,standardized_256
data/raw/garbage_v2/standardized_256/plastic/plastic_1285.jpg,plastic,plastic,train,standardized_256
data/raw/garbage_v2/standardized_256/plastic/plastic_1286.jpg,plastic,plastic,train,standardized_256
data/raw/garbage_v2/standardized_256/plastic/plastic_1287.jpg,plastic,plastic,train,standardized_256
data/raw/garbage_v2/standardized_256/plastic/plastic_1288.jpg,plastic,plastic,train,standardized_256
data/raw/garbage_v2/standardized_256/plastic/plastic_1289.jpg,plastic,plastic,train,standardized_256
data/raw/garbage_v2/standardized_256/plastic/plastic_1290.jpg,plastic,plastic,train,standardized_256
data/raw/garbage_v2/standardized_256/plastic/plastic_1291.jpg,plastic,plastic,train,standardized_256
data/raw/garbage_v2/standardized_256/plastic/plastic_1293.jpg,plastic,plastic,train,standardized_256
data/raw/garbage_v2/standardized_256/plastic/plastic_1295.jpg,plastic,plastic,train,standardized_256
data/raw/garbage_v2/standardized_256/plastic/plastic_1296.jpg,plastic,plastic,train,standardized_256
data/raw/garbage_v2/standardized_256/plastic/plastic_1297.jpg,plastic,plastic,train,standardized_256
data/raw/garbage_v2/standardized_256/plastic/plastic_1298.jpg,plastic,plastic,train,standardized_256
data/raw/garbage_v2/standardized_256/plastic/plastic_130.jpg,plastic,plastic,train,standardized_256
data/raw/garbage_v2/standardized_256/plastic/plastic_1300.jpg,plastic,plastic,train,standardized_256
data/raw/garbage_v2/standardized_256/plastic/plastic_1302.jpg,plastic,plastic,train,standardized_256
data/raw/garbage_v2/standardized_256/plastic/plastic_1303.jpg,plastic,plastic,train,standardized_256
data/raw/garbage_v2/standardized_256/plastic/plastic_1304.jpg,plastic,plastic,train,standardized_256
data/raw/garbage_v2/standardized_256/plastic/plastic_1305.jpg,plastic,plastic,train,standardized_256
data/raw/garbage_v2/standardized_256/plastic/plastic_1306.jpg,plastic,plastic,train,standardized_256
data/raw/garbage_v2/standardized_256/plastic/plastic_1307.jpg,plastic,plastic,train,standardized_256
data/raw/garbage_v2/standardized_256/plastic/plastic_131.jpg,plastic,plastic,train,standardized_256
data/raw/garbage_v2/standardized_256/plastic/plastic_1312.jpg,plastic,plastic,train,standardized_256
data/raw/garbage_v2/standardized_256/plastic/plastic_1313.jpg,plastic,plastic,train,standardized_256
data/raw/garbage_v2/standardized_256/plastic/plastic_1314.jpg,plastic,plastic,train,standardized_256
data/raw/garbage_v2/standardized_256/plastic/plastic_1315.jpg,plastic,plastic,train,standardized_256
data/raw/garbage_v2/standardized_256/plastic/plastic_1316.jpg,plastic,plastic,train,standardized_256
data/raw/garbage_v2/standardized_256/plastic/plastic_1317.jpg,plastic,plastic,train,standardized_256
data/raw/garbage_v2/standardized_256/plastic/plastic_1319.jpg,plastic,plastic,train,standardized_256
data/raw/garbage_v2/standardized_256/plastic/plastic_132.jpg,plastic,plastic,train,standardized_256
data/raw/garbage_v2/standardized_256/plastic/plastic_1321.jpg,plastic,plastic,train,standardized_256
data/raw/garbage_v2/standardized_256/plastic/plastic_1323.jpg,plastic,plastic,train,standardized_256
data/raw/garbage_v2/standardized_256/plastic/plastic_1324.jpg,plastic,plastic,train,standardized_256
data/raw/garbage_v2/standardized_256/plastic/plastic_1325.jpg,plastic,plastic,train,standardized_256
data/raw/garbage_v2/standardized_256/plastic/plastic_1327.jpg,plastic,plastic,train,standardized_256
data/raw/garbage_v2/standardized_256/plastic/plastic_1328.jpg,plastic,plastic,train,standardized_256
data/raw/garbage_v2/standardized_256/plastic/plastic_133.jpg,plastic,plastic,train,standardized_256
data/raw/garbage_v2/standardized_256/plastic/plastic_1331.jpg,plastic,plastic,train,standardized_256
data/raw/garbage_v2/standardized_256/plastic/plastic_1332.jpg,plastic,plastic,train,standardized_256
data/raw/garbage_v2/standardized_256/plastic/plastic_1335.jpg,plastic,plastic,train,standardized_256
data/raw/garbage_v2/standardized_256/plastic/plastic_1338.jpg,plastic,plastic,train,standardized_256
data/raw/garbage_v2/standardized_256/plastic/plastic_1339.jpg,plastic,plastic,train,standardized_256
data/raw/garbage_v2/standardized_256/plastic/plastic_134.jpg,plastic,plastic,train,standardized_256
data/raw/garbage_v2/standardized_256/plastic/plastic_1340.jpg,plastic,plastic,train,standardized_256
data/raw/garbage_v2/standardized_256/plastic/plastic_1342.jpg,plastic,plastic,train,standardized_256
data/raw/garbage_v2/standardized_256/plastic/plastic_1343.jpg,plastic,plastic,train,standardized_256
data/raw/garbage_v2/standardized_256/plastic/plastic_1344.jpg,plastic,plastic,train,standardized_256
data/raw/garbage_v2/standardized_256/plastic/plastic_1345.jpg,plastic,plastic,train,standardized_256
data/raw/garbage_v2/standardized_256/plastic/plastic_1348.jpg,plastic,plastic,train,standardized_256
data/raw/garbage_v2/standardized_256/plastic/plastic_1349.jpg,plastic,plastic,train,standardized_256
data/raw/garbage_v2/standardized_256/plastic/plastic_1350.jpg,plastic,plastic,train,standardized_256
data/raw/garbage_v2/standardized_256/plastic/plastic_1351.jpg,plastic,plastic,train,standardized_256
data/raw/garbage_v2/standardized_256/plastic/plastic_1352.jpg,plastic,plastic,train,standardized_256
data/raw/garbage_v2/standardized_256/plastic/plastic_1353.jpg,plastic,plastic,train,standardized_256
data/raw/garbage_v2/standardized_256/plastic/plastic_1354.jpg,plastic,plastic,train,standardized_256
data/raw/garbage_v2/standardized_256/plastic/plastic_1355.jpg,plastic,plastic,train,standardized_256
data/raw/garbage_v2/standardized_256/plastic/plastic_1356.jpg,plastic,plastic,train,standardized_256
data/raw/garbage_v2/standardized_256/plastic/plastic_1357.jpg,plastic,plastic,train,standardized_256
data/raw/garbage_v2/standardized_256/plastic/plastic_1358.jpg,plastic,plastic,train,standardized_256
data/raw/garbage_v2/standardized_256/plastic/plastic_1359.jpg,plastic,plastic,train,standardized_256
data/raw/garbage_v2/standardized_256/plastic/plastic_136.jpg,plastic,plastic,train,standardized_256
data/raw/garbage_v2/standardized_256/plastic/plastic_1360.jpg,plastic,plastic,train,standardized_256
data/raw/garbage_v2/standardized_256/plastic/plastic_1361.jpg,plastic,plastic,train,standardized_256
data/raw/garbage_v2/standardized_256/plastic/plastic_1362.jpg,plastic,plastic,train,standardized_256
data/raw/garbage_v2/standardized_256/plastic/plastic_1363.jpg,plastic,plastic,train,standardized_256
data/raw/garbage_v2/standardized_256/plastic/plastic_1365.jpg,plastic,plastic,train,standardized_256
data/raw/garbage_v2/standardized_256/plastic/plastic_1366.jpg,plastic,plastic,train,standardized_256
data/raw/garbage_v2/standardized_256/plastic/plastic_1368.jpg,plastic,plastic,train,standardized_256
data/raw/garbage_v2/standardized_256/plastic/plastic_1369.jpg,plastic,plastic,train,standardized_256
data/raw/garbage_v2/standardized_256/plastic/plastic_137.jpg,plastic,plastic,train,standardized_256
data/raw/garbage_v2/standardized_256/plastic/plastic_1371.jpg,plastic,plastic,train,standardized_256
data/raw/garbage_v2/standardized_256/plastic/plastic_1372.jpg,plastic,plastic,train,standardized_256
data/raw/garbage_v2/standardized_256/plastic/plastic_1375.jpg,plastic,plastic,train,standardized_256
data/raw/garbage_v2/standardized_256/plastic/plastic_1376.jpg,plastic,plastic,train,standardized_256
data/raw/garbage_v2/standardized_256/plastic/plastic_1377.jpg,plastic,plastic,train,standardized_256
data/raw/garbage_v2/standardized_256/plastic/plastic_1378.jpg,plastic,plastic,train,standardized_256
data/raw/garbage_v2/standardized_256/plastic/plastic_1379.jpg,plastic,plastic,train,standardized_256
data/raw/garbage_v2/standardized_256/plastic/plastic_1380.jpg,plastic,plastic,train,standardized_256
data/raw/garbage_v2/standardized_256/plastic/plastic_1381.jpg,plastic,plastic,train,standardized_256
data/raw/garbage_v2/standardized_256/plastic/plastic_1383.jpg,plastic,plastic,train,standardized_256
data/raw/garbage_v2/standardized_256/plastic/plastic_1384.jpg,plastic,plastic,train,standardized_256
data/raw/garbage_v2/standardized_256/plastic/plastic_1385.jpg,plastic,plastic,train,standardized_256
data/raw/garbage_v2/standardized_256/plastic/plastic_1387.jpg,plastic,plastic,train,standardized_256
data/raw/garbage_v2/standardized_256/plastic/plastic_1389.jpg,plastic,plastic,train,standardized_256
data/raw/garbage_v2/standardized_256/plastic/plastic_1390.jpg,plastic,plastic,train,standardized_256
data/raw/garbage_v2/standardized_256/plastic/plastic_1391.jpg,plastic,plastic,train,standardized_256
data/raw/garbage_v2/standardized_256/plastic/plastic_1392.jpg,plastic,plastic,train,standardized_256
data/raw/garbage_v2/standardized_256/plastic/plastic_1394.jpg,plastic,plastic,train,standardized_256
data/raw/garbage_v2/standardized_256/plastic/plastic_1395.jpg,plastic,plastic,train,standardized_256
data/raw/garbage_v2/standardized_256/plastic/plastic_1397.jpg,plastic,plastic,train,standardized_256
data/raw/garbage_v2/standardized_256/plastic/plastic_1398.jpg,plastic,plastic,train,standardized_256
data/raw/garbage_v2/standardized_256/plastic/plastic_1399.jpg,plastic,plastic,train,standardized_256
data/raw/garbage_v2/standardized_256/plastic/plastic_14.jpg,plastic,plastic,train,standardized_256
data/raw/garbage_v2/standardized_256/plastic/plastic_1400.jpg,plastic,plastic,train,standardized_256
data/raw/garbage_v2/standardized_256/plastic/plastic_1401.jpg,plastic,plastic,train,standardized_256
data/raw/garbage_v2/standardized_256/plastic/plastic_1402.jpg,plastic,plastic,train,standardized_256
data/raw/garbage_v2/standardized_256/plastic/plastic_1403.jpg,plastic,plastic,train,standardized_256
data/raw/garbage_v2/standardized_256/plastic/plastic_1404.jpg,plastic,plastic,train,standardized_256
data/raw/garbage_v2/standardized_256/plastic/plastic_1405.jpg,plastic,plastic,train,standardized_256
data/raw/garbage_v2/standardized_256/plastic/plastic_1406.jpg,plastic,plastic,train,standardized_256
data/raw/garbage_v2/standardized_256/plastic/plastic_1407.jpg,plastic,plastic,train,standardized_256
data/raw/garbage_v2/standardized_256/plastic/plastic_1408.jpg,plastic,plastic,train,standardized_256
data/raw/garbage_v2/standardized_256/plastic/plastic_1409.jpg,plastic,plastic,train,standardized_256
data/raw/garbage_v2/standardized_256/plastic/plastic_141.jpg,plastic,plastic,train,standardized_256
data/raw/garbage_v2/standardized_256/plastic/plastic_1410.jpg,plastic,plastic,train,standardized_256
data/raw/garbage_v2/standardized_256/plastic/plastic_1412.jpg,plastic,plastic,train,standardized_256
data/raw/garbage_v2/standardized_256/plastic/plastic_1413.jpg,plastic,plastic,train,standardized_256
data/raw/garbage_v2/standardized_256/plastic/plastic_1414.jpg,plastic,plastic,train,standardized_256
data/raw/garbage_v2/standardized_256/plastic/plastic_1415.jpg,plastic,plastic,train,standardized_256
data/raw/garbage_v2/standardized_256/plastic/plastic_1416.jpg,plastic,plastic,train,standardized_256
data/raw/garbage_v2/standardized_256/plastic/plastic_1417.jpg,plastic,plastic,train,standardized_256
data/raw/garbage_v2/standardized_256/plastic/plastic_1418.jpg,plastic,plastic,train,standardized_256
data/raw/garbage_v2/standardized_256/plastic/plastic_1419.jpg,plastic,plastic,train,standardized_256
data/raw/garbage_v2/standardized_256/plastic/plastic_1420.jpg,plastic,plastic,train,standardized_256
data/raw/garbage_v2/standardized_256/plastic/plastic_1422.jpg,plastic,plastic,train,standardized_256
data/raw/garbage_v2/standardized_256/plastic/plastic_1423.jpg,plastic,plastic,train,standardized_256
data/raw/garbage_v2/standardized_256/plastic/plastic_1424.jpg,plastic,plastic,train,standardized_256
data/raw/garbage_v2/standardized_256/plastic/plastic_1425.jpg,plastic,plastic,train,standardized_256
data/raw/garbage_v2/standardized_256/plastic/plastic_1426.jpg,plastic,plastic,train,standardized_256
data/raw/garbage_v2/standardized_256/plastic/plastic_1427.jpg,plastic,plastic,train,standardized_256
data/raw/garbage_v2/standardized_256/plastic/plastic_1428.jpg,plastic,plastic,train,standardized_256
data/raw/garbage_v2/standardized_256/plastic/plastic_1429.jpg,plastic,plastic,train,standardized_256
data/raw/garbage_v2/standardized_256/plastic/plastic_143.jpg,plastic,plastic,train,standardized_256
data/raw/garbage_v2/standardized_256/plastic/plastic_1431.jpg,plastic,plastic,train,standardized_256
data/raw/garbage_v2/standardized_256/plastic/plastic_1435.jpg,plastic,plastic,train,standardized_256
data/raw/garbage_v2/standardized_256/plastic/plastic_1436.jpg,plastic,plastic,train,standardized_256
data/raw/garbage_v2/standardized_256/plastic/plastic_1438.jpg,plastic,plastic,train,standardized_256
data/raw/garbage_v2/standardized_256/plastic/plastic_1439.jpg,plastic,plastic,train,standardized_256
data/raw/garbage_v2/standardized_256/plastic/plastic_1441.jpg,plastic,plastic,train,standardized_256
data/raw/garbage_v2/standardized_256/plastic/plastic_1442.jpg,plastic,plastic,train,standardized_256
data/raw/garbage_v2/standardized_256/plastic/plastic_1443.jpg,plastic,plastic,train,standardized_256
data/raw/garbage_v2/standardized_256/plastic/plastic_1444.jpg,plastic,plastic,train,standardized_256
data/raw/garbage_v2/standardized_256/plastic/plastic_1445.jpg,plastic,plastic,train,standardized_256
data/raw/garbage_v2/standardized_256/plastic/plastic_1446.jpg,plastic,plastic,train,standardized_256
data/raw/garbage_v2/standardized_256/plastic/plastic_1447.jpg,plastic,plastic,train,standardized_256
data/raw/garbage_v2/standardized_256/plastic/plastic_1448.jpg,plastic,plastic,train,standardized_256
data/raw/garbage_v2/standardized_256/plastic/plastic_1449.jpg,plastic,plastic,train,standardized_256
data/raw/garbage_v2/standardized_256/plastic/plastic_145.jpg,plastic,plastic,train,standardized_256
data/raw/garbage_v2/standardized_256/plastic/plastic_1450.jpg,plastic,plastic,train,standardized_256
data/raw/garbage_v2/standardized_256/plastic/plastic_1451.jpg,plastic,plastic,train,standardized_256
data/raw/garbage_v2/standardized_256/plastic/plastic_1453.jpg,plastic,plastic,train,standardized_256
data/raw/garbage_v2/standardized_256/plastic/plastic_1454.jpg,plastic,plastic,train,standardized_256
data/raw/garbage_v2/standardized_256/plastic/plastic_1455.jpg,plastic,plastic,train,standardized_256
data/raw/garbage_v2/standardized_256/plastic/plastic_1458.jpg,plastic,plastic,train,standardized_256
data/raw/garbage_v2/standardized_256/plastic/plastic_146.jpg,plastic,plastic,train,standardized_256
data/raw/garbage_v2/standardized_256/plastic/plastic_1460.jpg,plastic,plastic,train,standardized_256
data/raw/garbage_v2/standardized_256/plastic/plastic_1461.jpg,plastic,plastic,train,standardized_256
data/raw/garbage_v2/standardized_256/plastic/plastic_1463.jpg,plastic,plastic,train,standardized_256
data/raw/garbage_v2/standardized_256/plastic/plastic_1464.jpg,plastic,plastic,train,standardized_256
data/raw/garbage_v2/standardized_256/plastic/plastic_1471.jpg,plastic,plastic,train,standardized_256
data/raw/garbage_v2/standardized_256/plastic/plastic_1472.jpg,plastic,plastic,train,standardized_256
data/raw/garbage_v2/standardized_256/plastic/plastic_1473.jpg,plastic,plastic,train,standardized_256
data/raw/garbage_v2/standardized_256/plastic/plastic_1474.jpg,plastic,plastic,train,standardized_256
data/raw/garbage_v2/standardized_256/plastic/plastic_1476.jpg,plastic,plastic,train,standardized_256
data/raw/garbage_v2/standardized_256/plastic/plastic_1477.jpg,plastic,plastic,train,standardized_256
data/raw/garbage_v2/standardized_256/plastic/plastic_1480.jpg,plastic,plastic,train,standardized_256
data/raw/garbage_v2/standardized_256/plastic/plastic_1482.jpg,plastic,plastic,train,standardized_256
data/raw/garbage_v2/standardized_256/plastic/plastic_1483.jpg,plastic,plastic,train,standardized_256
data/raw/garbage_v2/standardized_256/plastic/plastic_1486.jpg,plastic,plastic,train,standardized_256
data/raw/garbage_v2/standardized_256/plastic/plastic_1487.jpg,plastic,plastic,train,standardized_256
data/raw/garbage_v2/standardized_256/plastic/plastic_1488.jpg,plastic,plastic,train,standardized_256
data/raw/garbage_v2/standardized_256/plastic/plastic_1489.jpg,plastic,plastic,train,standardized_256
data/raw/garbage_v2/standardized_256/plastic/plastic_1490.jpg,plastic,plastic,train,standardized_256
data/raw/garbage_v2/standardized_256/plastic/plastic_1491.jpg,plastic,plastic,train,standardized_256
data/raw/garbage_v2/standardized_256/plastic/plastic_1492.jpg,plastic,plastic,train,standardized_256
data/raw/garbage_v2/standardized_256/plastic/plastic_1494.jpg,plastic,plastic,train,standardized_256
data/raw/garbage_v2/standardized_256/plastic/plastic_1496.jpg,plastic,plastic,train,standardized_256
data/raw/garbage_v2/standardized_256/plastic/plastic_1497.jpg,plastic,plastic,train,standardized_256
data/raw/garbage_v2/standardized_256/plastic/plastic_1498.jpg,plastic,plastic,train,standardized_256
data/raw/garbage_v2/standardized_256/plastic/plastic_1499.jpg,plastic,plastic,train,standardized_256
data/raw/garbage_v2/standardized_256/plastic/plastic_15.jpg,plastic,plastic,train,standardized_256
data/raw/garbage_v2/standardized_256/plastic/plastic_150.jpg,plastic,plastic,train,standardized_256
data/raw/garbage_v2/standardized_256/plastic/plastic_1501.jpg,plastic,plastic,train,standardized_256
data/raw/garbage_v2/standardized_256/plastic/plastic_1502.jpg,plastic,plastic,train,standardized_256
data/raw/garbage_v2/standardized_256/plastic/plastic_1505.jpg,plastic,plastic,train,standardized_256
data/raw/garbage_v2/standardized_256/plastic/plastic_1506.jpg,plastic,plastic,train,standardized_256
data/raw/garbage_v2/standardized_256/plastic/plastic_1507.jpg,plastic,plastic,train,standardized_256
data/raw/garbage_v2/standardized_256/plastic/plastic_1508.jpg,plastic,plastic,train,standardized_256
data/raw/garbage_v2/standardized_256/plastic/plastic_1509.jpg,plastic,plastic,train,standardized_256
data/raw/garbage_v2/standardized_256/plastic/plastic_1510.jpg,plastic,plastic,train,standardized_256
data/raw/garbage_v2/standardized_256/plastic/plastic_1511.jpg,plastic,plastic,train,standardized_256
data/raw/garbage_v2/standardized_256/plastic/plastic_1512.jpg,plastic,plastic,train,standardized_256
data/raw/garbage_v2/standardized_256/plastic/plastic_1513.jpg,plastic,plastic,train,standardized_256
data/raw/garbage_v2/standardized_256/plastic/plastic_1514.jpg,plastic,plastic,train,standardized_256
data/raw/garbage_v2/standardized_256/plastic/plastic_1515.jpg,plastic,plastic,train,standardized_256
data/raw/garbage_v2/standardized_256/plastic/plastic_1517.jpg,plastic,plastic,train,standardized_256
data/raw/garbage_v2/standardized_256/plastic/plastic_1519.jpg,plastic,plastic,train,standardized_256
data/raw/garbage_v2/standardized_256/plastic/plastic_1520.jpg,plastic,plastic,train,standardized_256
data/raw/garbage_v2/standardized_256/plastic/plastic_1524.jpg,plastic,plastic,train,standardized_256
data/raw/garbage_v2/standardized_256/plastic/plastic_1525.jpg,plastic,plastic,train,standardized_256
data/raw/garbage_v2/standardized_256/plastic/plastic_1526.jpg,plastic,plastic,train,standardized_256
data/raw/garbage_v2/standardized_256/plastic/plastic_1527.jpg,plastic,plastic,train,standardized_256
data/raw/garbage_v2/standardized_256/plastic/plastic_1528.jpg,plastic,plastic,train,standardized_256
data/raw/garbage_v2/standardized_256/plastic/plastic_153.jpg,plastic,plastic,train,standardized_256
data/raw/garbage_v2/standardized_256/plastic/plastic_1530.jpg,plastic,plastic,train,standardized_256
data/raw/garbage_v2/standardized_256/plastic/plastic_1531.jpg,plastic,plastic,train,standardized_256
data/raw/garbage_v2/standardized_256/plastic/plastic_1532.jpg,plastic,plastic,train,standardized_256
data/raw/garbage_v2/standardized_256/plastic/plastic_1535.jpg,plastic,plastic,train,standardized_256
data/raw/garbage_v2/standardized_256/plastic/plastic_1536.jpg,plastic,plastic,train,standardized_256
data/raw/garbage_v2/standardized_256/plastic/plastic_1537.jpg,plastic,plastic,train,standardized_256
data/raw/garbage_v2/standardized_256/plastic/plastic_1538.jpg,plastic,plastic,train,standardized_256
data/raw/garbage_v2/standardized_256/plastic/plastic_1539.jpg,plastic,plastic,train,standardized_256
data/raw/garbage_v2/standardized_256/plastic/plastic_154.jpg,plastic,plastic,train,standardized_256
data/raw/garbage_v2/standardized_256/plastic/plastic_1540.jpg,plastic,plastic,train,standardized_256
data/raw/garbage_v2/standardized_256/plastic/plastic_1541.jpg,plastic,plastic,train,standardized_256
data/raw/garbage_v2/standardized_256/plastic/plastic_1542.jpg,plastic,plastic,train,standardized_256
data/raw/garbage_v2/standardized_256/plastic/plastic_1544.jpg,plastic,plastic,train,standardized_256
data/raw/garbage_v2/standardized_256/plastic/plastic_1545.jpg,plastic,plastic,train,standardized_256
data/raw/garbage_v2/standardized_256/plastic/plastic_1546.jpg,plastic,plastic,train,standardized_256
data/raw/garbage_v2/standardized_256/plastic/plastic_155.jpg,plastic,plastic,train,standardized_256
data/raw/garbage_v2/standardized_256/plastic/plastic_1550.jpg,plastic,plastic,train,standardized_256
data/raw/garbage_v2/standardized_256/plastic/plastic_1551.jpg,plastic,plastic,train,standardized_256
data/raw/garbage_v2/standardized_256/plastic/plastic_1554.jpg,plastic,plastic,train,standardized_256
data/raw/garbage_v2/standardized_256/plastic/plastic_1555.jpg,plastic,plastic,train,standardized_256
data/raw/garbage_v2/standardized_256/plastic/plastic_1557.jpg,plastic,plastic,train,standardized_256
data/raw/garbage_v2/standardized_256/plastic/plastic_1558.jpg,plastic,plastic,train,standardized_256
data/raw/garbage_v2/standardized_256/plastic/plastic_1559.jpg,plastic,plastic,train,standardized_256
data/raw/garbage_v2/standardized_256/plastic/plastic_156.jpg,plastic,plastic,train,standardized_256
data/raw/garbage_v2/standardized_256/plastic/plastic_1560.jpg,plastic,plastic,train,standardized_256
data/raw/garbage_v2/standardized_256/plastic/plastic_1562.jpg,plastic,plastic,train,standardized_256
data/raw/garbage_v2/standardized_256/plastic/plastic_1563.jpg,plastic,plastic,train,standardized_256
data/raw/garbage_v2/standardized_256/plastic/plastic_1564.jpg,plastic,plastic,train,standardized_256
data/raw/garbage_v2/standardized_256/plastic/plastic_1565.jpg,plastic,plastic,train,standardized_256
data/raw/garbage_v2/standardized_256/plastic/plastic_1566.jpg,plastic,plastic,train,standardized_256
data/raw/garbage_v2/standardized_256/plastic/plastic_1568.jpg,plastic,plastic,train,standardized_256
data/raw/garbage_v2/standardized_256/plastic/plastic_157.jpg,plastic,plastic,train,standardized_256
data/raw/garbage_v2/standardized_256/plastic/plastic_1571.jpg,plastic,plastic,train,standardized_256
data/raw/garbage_v2/standardized_256/plastic/plastic_1572.jpg,plastic,plastic,train,standardized_256
data/raw/garbage_v2/standardized_256/plastic/plastic_1573.jpg,plastic,plastic,train,standardized_256
data/raw/garbage_v2/standardized_256/plastic/plastic_1574.jpg,plastic,plastic,train,standardized_256
data/raw/garbage_v2/standardized_256/plastic/plastic_1575.jpg,plastic,plastic,train,standardized_256
data/raw/garbage_v2/standardized_256/plastic/plastic_1578.jpg,plastic,plastic,train,standardized_256
data/raw/garbage_v2/standardized_256/plastic/plastic_1579.jpg,plastic,plastic,train,standardized_256
data/raw/garbage_v2/standardized_256/plastic/plastic_158.jpg,plastic,plastic,train,standardized_256
data/raw/garbage_v2/standardized_256/plastic/plastic_1581.jpg,plastic,plastic,train,standardized_256
data/raw/garbage_v2/standardized_256/plastic/plastic_1584.jpg,plastic,plastic,train,standardized_256
data/raw/garbage_v2/standardized_256/plastic/plastic_1585.jpg,plastic,plastic,train,standardized_256
data/raw/garbage_v2/standardized_256/plastic/plastic_1586.jpg,plastic,plastic,train,standardized_256
data/raw/garbage_v2/standardized_256/plastic/plastic_1587.jpg,plastic,plastic,train,standardized_256
data/raw/garbage_v2/standardized_256/plastic/plastic_1589.jpg,plastic,plastic,train,standardized_256
data/raw/garbage_v2/standardized_256/plastic/plastic_159.jpg,plastic,plastic,train,standardized_256
data/raw/garbage_v2/standardized_256/plastic/plastic_1590.jpg,plastic,plastic,train,standardized_256
data/raw/garbage_v2/standardized_256/plastic/plastic_1591.jpg,plastic,plastic,train,standardized_256
data/raw/garbage_v2/standardized_256/plastic/plastic_1592.jpg,plastic,plastic,train,standardized_256
data/raw/garbage_v2/standardized_256/plastic/plastic_1593.jpg,plastic,plastic,train,standardized_256
data/raw/garbage_v2/standardized_256/plastic/plastic_1596.jpg,plastic,plastic,train,standardized_256
data/raw/garbage_v2/standardized_256/plastic/plastic_1597.jpg,plastic,plastic,train,standardized_256
data/raw/garbage_v2/standardized_256/plastic/plastic_160.jpg,plastic,plastic,train,standardized_256
data/raw/garbage_v2/standardized_256/plastic/plastic_161.jpg,plastic,plastic,train,standardized_256
data/raw/garbage_v2/standardized_256/plastic/plastic_162.jpg,plastic,plastic,train,standardized_256
data/raw/garbage_v2/standardized_256/plastic/plastic_165.jpg,plastic,plastic,train,standardized_256
data/raw/garbage_v2/standardized_256/plastic/plastic_166.jpg,plastic,plastic,train,standardized_256
data/raw/garbage_v2/standardized_256/plastic/plastic_169.jpg,plastic,plastic,train,standardized_256
data/raw/garbage_v2/standardized_256/plastic/plastic_17.jpg,plastic,plastic,train,standardized_256
data/raw/garbage_v2/standardized_256/plastic/plastic_170.jpg,plastic,plastic,train,standardized_256
data/raw/garbage_v2/standardized_256/plastic/plastic_171.jpg,plastic,plastic,train,standardized_256
data/raw/garbage_v2/standardized_256/plastic/plastic_172.jpg,plastic,plastic,train,standardized_256
data/raw/garbage_v2/standardized_256/plastic/plastic_173.jpg,plastic,plastic,train,standardized_256
data/raw/garbage_v2/standardized_256/plastic/plastic_175.jpg,plastic,plastic,train,standardized_256
data/raw/garbage_v2/standardized_256/plastic/plastic_176.jpg,plastic,plastic,train,standardized_256
data/raw/garbage_v2/standardized_256/plastic/plastic_177.jpg,plastic,plastic,train,standardized_256
data/raw/garbage_v2/standardized_256/plastic/plastic_178.jpg,plastic,plastic,train,standardized_256
data/raw/garbage_v2/standardized_256/plastic/plastic_179.jpg,plastic,plastic,train,standardized_256
data/raw/garbage_v2/standardized_256/plastic/plastic_18.jpg,plastic,plastic,train,standardized_256
data/raw/garbage_v2/standardized_256/plastic/plastic_180.jpg,plastic,plastic,train,standardized_256
data/raw/garbage_v2/standardized_256/plastic/plastic_181.jpg,plastic,plastic,train,standardized_256
data/raw/garbage_v2/standardized_256/plastic/plastic_182.jpg,plastic,plastic,train,standardized_256
data/raw/garbage_v2/standardized_256/plastic/plastic_183.jpg,plastic,plastic,train,standardized_256
data/raw/garbage_v2/standardized_256/plastic/plastic_184.jpg,plastic,plastic,train,standardized_256
data/raw/garbage_v2/standardized_256/plastic/plastic_185.jpg,plastic,plastic,train,standardized_256
data/raw/garbage_v2/standardized_256/plastic/plastic_187.jpg,plastic,plastic,train,standardized_256
data/raw/garbage_v2/standardized_256/plastic/plastic_188.jpg,plastic,plastic,train,standardized_256
data/raw/garbage_v2/standardized_256/plastic/plastic_189.jpg,plastic,plastic,train,standardized_256
data/raw/garbage_v2/standardized_256/plastic/plastic_19.jpg,plastic,plastic,train,standardized_256
data/raw/garbage_v2/standardized_256/plastic/plastic_191.jpg,plastic,plastic,train,standardized_256
data/raw/garbage_v2/standardized_256/plastic/plastic_192.jpg,plastic,plastic,train,standardized_256
data/raw/garbage_v2/standardized_256/plastic/plastic_193.jpg,plastic,plastic,train,standardized_256
data/raw/garbage_v2/standardized_256/plastic/plastic_194.jpg,plastic,plastic,train,standardized_256
data/raw/garbage_v2/standardized_256/plastic/plastic_195.jpg,plastic,plastic,train,standardized_256
data/raw/garbage_v2/standardized_256/plastic/plastic_196.jpg,plastic,plastic,train,standardized_256
data/raw/garbage_v2/standardized_256/plastic/plastic_197.jpg,plastic,plastic,train,standardized_256
data/raw/garbage_v2/standardized_256/plastic/plastic_198.jpg,plastic,plastic,train,standardized_256
data/raw/garbage_v2/standardized_256/plastic/plastic_199.jpg,plastic,plastic,train,standardized_256
data/raw/garbage_v2/standardized_256/plastic/plastic_2.jpg,plastic,plastic,train,standardized_256
data/raw/garbage_v2/standardized_256/plastic/plastic_20.jpg,plastic,plastic,train,standardized_256
data/raw/garbage_v2/standardized_256/plastic/plastic_200.jpg,plastic,plastic,train,standardized_256
data/raw/garbage_v2/standardized_256/plastic/plastic_201.jpg,plastic,plastic,train,standardized_256
data/raw/garbage_v2/standardized_256/plastic/plastic_202.jpg,plastic,plastic,train,standardized_256
data/raw/garbage_v2/standardized_256/plastic/plastic_203.jpg,plastic,plastic,train,standardized_256
data/raw/garbage_v2/standardized_256/plastic/plastic_205.jpg,plastic,plastic,train,standardized_256
data/raw/garbage_v2/standardized_256/plastic/plastic_206.jpg,plastic,plastic,train,standardized_256
data/raw/garbage_v2/standardized_256/plastic/plastic_207.jpg,plastic,plastic,train,standardized_256
data/raw/garbage_v2/standardized_256/plastic/plastic_208.jpg,plastic,plastic,train,standardized_256
data/raw/garbage_v2/standardized_256/plastic/plastic_21.jpg,plastic,plastic,train,standardized_256
data/raw/garbage_v2/standardized_256/plastic/plastic_210.jpg,plastic,plastic,train,standardized_256
data/raw/garbage_v2/standardized_256/plastic/plastic_211.jpg,plastic,plastic,train,standardized_256
data/raw/garbage_v2/standardized_256/plastic/plastic_212.jpg,plastic,plastic,train,standardized_256
data/raw/garbage_v2/standardized_256/plastic/plastic_214.jpg,plastic,plastic,train,standardized_256
data/raw/garbage_v2/standardized_256/plastic/plastic_216.jpg,plastic,plastic,train,standardized_256
data/raw/garbage_v2/standardized_256/plastic/plastic_217.jpg,plastic,plastic,train,standardized_256
data/raw/garbage_v2/standardized_256/plastic/plastic_219.jpg,plastic,plastic,train,standardized_256
data/raw/garbage_v2/standardized_256/plastic/plastic_22.jpg,plastic,plastic,train,standardized_256
data/raw/garbage_v2/standardized_256/plastic/plastic_220.jpg,plastic,plastic,train,standardized_256
data/raw/garbage_v2/standardized_256/plastic/plastic_221.jpg,plastic,plastic,train,standardized_256
data/raw/garbage_v2/standardized_256/plastic/plastic_223.jpg,plastic,plastic,train,standardized_256
data/raw/garbage_v2/standardized_256/plastic/plastic_224.jpg,plastic,plastic,train,standardized_256
data/raw/garbage_v2/standardized_256/plastic/plastic_226.jpg,plastic,plastic,train,standardized_256
data/raw/garbage_v2/standardized_256/plastic/plastic_227.jpg,plastic,plastic,train,standardized_256
data/raw/garbage_v2/standardized_256/plastic/plastic_228.jpg,plastic,plastic,train,standardized_256
data/raw/garbage_v2/standardized_256/plastic/plastic_229.jpg,plastic,plastic,train,standardized_256
data/raw/garbage_v2/standardized_256/plastic/plastic_231.jpg,plastic,plastic,train,standardized_256
data/raw/garbage_v2/standardized_256/plastic/plastic_232.jpg,plastic,plastic,train,standardized_256
data/raw/garbage_v2/standardized_256/plastic/plastic_233.jpg,plastic,plastic,train,standardized_256
data/raw/garbage_v2/standardized_256/plastic/plastic_234.jpg,plastic,plastic,train,standardized_256
data/raw/garbage_v2/standardized_256/plastic/plastic_235.jpg,plastic,plastic,train,standardized_256
data/raw/garbage_v2/standardized_256/plastic/plastic_236.jpg,plastic,plastic,train,standardized_256
data/raw/garbage_v2/standardized_256/plastic/plastic_237.jpg,plastic,plastic,train,standardized_256
data/raw/garbage_v2/standardized_256/plastic/plastic_240.jpg,plastic,plastic,train,standardized_256
data/raw/garbage_v2/standardized_256/plastic/plastic_241.jpg,plastic,plastic,train,standardized_256
data/raw/garbage_v2/standardized_256/plastic/plastic_243.jpg,plastic,plastic,train,standardized_256
data/raw/garbage_v2/standardized_256/plastic/plastic_245.jpg,plastic,plastic,train,standardized_256
data/raw/garbage_v2/standardized_256/plastic/plastic_246.jpg,plastic,plastic,train,standardized_256
data/raw/garbage_v2/standardized_256/plastic/plastic_247.jpg,plastic,plastic,train,standardized_256
data/raw/garbage_v2/standardized_256/plastic/plastic_248.jpg,plastic,plastic,train,standardized_256
data/raw/garbage_v2/standardized_256/plastic/plastic_249.jpg,plastic,plastic,train,standardized_256
data/raw/garbage_v2/standardized_256/plastic/plastic_250.jpg,plastic,plastic,train,standardized_256
data/raw/garbage_v2/standardized_256/plastic/plastic_252.jpg,plastic,plastic,train,standardized_256
data/raw/garbage_v2/standardized_256/plastic/plastic_253.jpg,plastic,plastic,train,standardized_256
data/raw/garbage_v2/standardized_256/plastic/plastic_254.jpg,plastic,plastic,train,standardized_256
data/raw/garbage_v2/standardized_256/plastic/plastic_255.jpg,plastic,plastic,train,standardized_256
data/raw/garbage_v2/standardized_256/plastic/plastic_257.jpg,plastic,plastic,train,standardized_256
data/raw/garbage_v2/standardized_256/plastic/plastic_258.jpg,plastic,plastic,train,standardized_256
data/raw/garbage_v2/standardized_256/plastic/plastic_259.jpg,plastic,plastic,train,standardized_256
data/raw/garbage_v2/standardized_256/plastic/plastic_26.jpg,plastic,plastic,train,standardized_256
data/raw/garbage_v2/standardized_256/plastic/plastic_260.jpg,plastic,plastic,train,standardized_256
data/raw/garbage_v2/standardized_256/plastic/plastic_261.jpg,plastic,plastic,train,standardized_256
data/raw/garbage_v2/standardized_256/plastic/plastic_262.jpg,plastic,plastic,train,standardized_256
data/raw/garbage_v2/standardized_256/plastic/plastic_266.jpg,plastic,plastic,train,standardized_256
data/raw/garbage_v2/standardized_256/plastic/plastic_267.jpg,plastic,plastic,train,standardized_256
data/raw/garbage_v2/standardized_256/plastic/plastic_269.jpg,plastic,plastic,train,standardized_256
data/raw/garbage_v2/standardized_256/plastic/plastic_270.jpg,plastic,plastic,train,standardized_256
data/raw/garbage_v2/standardized_256/plastic/plastic_271.jpg,plastic,plastic,train,standardized_256
data/raw/garbage_v2/standardized_256/plastic/plastic_272.jpg,plastic,plastic,train,standardized_256
data/raw/garbage_v2/standardized_256/plastic/plastic_273.jpg,plastic,plastic,train,standardized_256
data/raw/garbage_v2/standardized_256/plastic/plastic_274.jpg,plastic,plastic,train,standardized_256
data/raw/garbage_v2/standardized_256/plastic/plastic_275.jpg,plastic,plastic,train,standardized_256
data/raw/garbage_v2/standardized_256/plastic/plastic_278.jpg,plastic,plastic,train,standardized_256
data/raw/garbage_v2/standardized_256/plastic/plastic_279.jpg,plastic,plastic,train,standardized_256
data/raw/garbage_v2/standardized_256/plastic/plastic_280.jpg,plastic,plastic,train,standardized_256
data/raw/garbage_v2/standardized_256/plastic/plastic_281.jpg,plastic,plastic,train,standardized_256
data/raw/garbage_v2/standardized_256/plastic/plastic_282.jpg,plastic,plastic,train,standardized_256
data/raw/garbage_v2/standardized_256/plastic/plastic_283.jpg,plastic,plastic,train,standardized_256
data/raw/garbage_v2/standardized_256/plastic/plastic_284.jpg,plastic,plastic,train,standardized_256
data/raw/garbage_v2/standardized_256/plastic/plastic_287.jpg,plastic,plastic,train,standardized_256
data/raw/garbage_v2/standardized_256/plastic/plastic_29.jpg,plastic,plastic,train,standardized_256
data/raw/garbage_v2/standardized_256/plastic/plastic_290.jpg,plastic,plastic,train,standardized_256
data/raw/garbage_v2/standardized_256/plastic/plastic_291.jpg,plastic,plastic,train,standardized_256
data/raw/garbage_v2/standardized_256/plastic/plastic_293.jpg,plastic,plastic,train,standardized_256
data/raw/garbage_v2/standardized_256/plastic/plastic_295.jpg,plastic,plastic,train,standardized_256
data/raw/garbage_v2/standardized_256/plastic/plastic_297.jpg,plastic,plastic,train,standardized_256
data/raw/garbage_v2/standardized_256/plastic/plastic_298.jpg,plastic,plastic,train,standardized_256
data/raw/garbage_v2/standardized_256/plastic/plastic_299.jpg,plastic,plastic,train,standardized_256
data/raw/garbage_v2/standardized_256/plastic/plastic_300.jpg,plastic,plastic,train,standardized_256
data/raw/garbage_v2/standardized_256/plastic/plastic_301.jpg,plastic,plastic,train,standardized_256
data/raw/garbage_v2/standardized_256/plastic/plastic_303.jpg,plastic,plastic,train,standardized_256
data/raw/garbage_v2/standardized_256/plastic/plastic_304.jpg,plastic,plastic,train,standardized_256
data/raw/garbage_v2/standardized_256/plastic/plastic_305.jpg,plastic,plastic,train,standardized_256
data/raw/garbage_v2/standardized_256/plastic/plastic_306.jpg,plastic,plastic,train,standardized_256
data/raw/garbage_v2/standardized_256/plastic/plastic_307.jpg,plastic,plastic,train,standardized_256
data/raw/garbage_v2/standardized_256/plastic/plastic_308.jpg,plastic,plastic,train,standardized_256
data/raw/garbage_v2/standardized_256/plastic/plastic_309.jpg,plastic,plastic,train,standardized_256
data/raw/garbage_v2/standardized_256/plastic/plastic_311.jpg,plastic,plastic,train,standardized_256
data/raw/garbage_v2/standardized_256/plastic/plastic_312.jpg,plastic,plastic,train,standardized_256
data/raw/garbage_v2/standardized_256/plastic/plastic_314.jpg,plastic,plastic,train,standardized_256
data/raw/garbage_v2/standardized_256/plastic/plastic_315.jpg,plastic,plastic,train,standardized_256
data/raw/garbage_v2/standardized_256/plastic/plastic_316.jpg,plastic,plastic,train,standardized_256
data/raw/garbage_v2/standardized_256/plastic/plastic_318.jpg,plastic,plastic,train,standardized_256
data/raw/garbage_v2/standardized_256/plastic/plastic_319.jpg,plastic,plastic,train,standardized_256
data/raw/garbage_v2/standardized_256/plastic/plastic_32.jpg,plastic,plastic,train,standardized_256
data/raw/garbage_v2/standardized_256/plastic/plastic_320.jpg,plastic,plastic,train,standardized_256
data/raw/garbage_v2/standardized_256/plastic/plastic_322.jpg,plastic,plastic,train,standardized_256
data/raw/garbage_v2/standardized_256/plastic/plastic_323.jpg,plastic,plastic,train,standardized_256
data/raw/garbage_v2/standardized_256/plastic/plastic_325.jpg,plastic,plastic,train,standardized_256
data/raw/garbage_v2/standardized_256/plastic/plastic_326.jpg,plastic,plastic,train,standardized_256
data/raw/garbage_v2/standardized_256/plastic/plastic_327.jpg,plastic,plastic,train,standardized_256
data/raw/garbage_v2/standardized_256/plastic/plastic_329.jpg,plastic,plastic,train,standardized_256
data/raw/garbage_v2/standardized_256/plastic/plastic_33.jpg,plastic,plastic,train,standardized_256
data/raw/garbage_v2/standardized_256/plastic/plastic_330.jpg,plastic,plastic,train,standardized_256
data/raw/garbage_v2/standardized_256/plastic/plastic_332.jpg,plastic,plastic,train,standardized_256
data/raw/garbage_v2/standardized_256/plastic/plastic_333.jpg,plastic,plastic,train,standardized_256
data/raw/garbage_v2/standardized_256/plastic/plastic_334.jpg,plastic,plastic,train,standardized_256
data/raw/garbage_v2/standardized_256/plastic/plastic_335.jpg,plastic,plastic,train,standardized_256
data/raw/garbage_v2/standardized_256/plastic/plastic_337.jpg,plastic,plastic,train,standardized_256
data/raw/garbage_v2/standardized_256/plastic/plastic_338.jpg,plastic,plastic,train,standardized_256
data/raw/garbage_v2/standardized_256/plastic/plastic_342.jpg,plastic,plastic,train,standardized_256
data/raw/garbage_v2/standardized_256/plastic/plastic_343.jpg,plastic,plastic,train,standardized_256
data/raw/garbage_v2/standardized_256/plastic/plastic_345.jpg,plastic,plastic,train,standardized_256
data/raw/garbage_v2/standardized_256/plastic/plastic_347.jpg,plastic,plastic,train,standardized_256
data/raw/garbage_v2/standardized_256/plastic/plastic_348.jpg,plastic,plastic,train,standardized_256
data/raw/garbage_v2/standardized_256/plastic/plastic_35.jpg,plastic,plastic,train,standardized_256
data/raw/garbage_v2/standardized_256/plastic/plastic_350.jpg,plastic,plastic,train,standardized_256
data/raw/garbage_v2/standardized_256/plastic/plastic_352.jpg,plastic,plastic,train,standardized_256
data/raw/garbage_v2/standardized_256/plastic/plastic_354.jpg,plastic,plastic,train,standardized_256
data/raw/garbage_v2/standardized_256/plastic/plastic_355.jpg,plastic,plastic,train,standardized_256
data/raw/garbage_v2/standardized_256/plastic/plastic_357.jpg,plastic,plastic,train,standardized_256
data/raw/garbage_v2/standardized_256/plastic/plastic_36.jpg,plastic,plastic,train,standardized_256
data/raw/garbage_v2/standardized_256/plastic/plastic_360.jpg,plastic,plastic,train,standardized_256
data/raw/garbage_v2/standardized_256/plastic/plastic_362.jpg,plastic,plastic,train,standardized_256
data/raw/garbage_v2/standardized_256/plastic/plastic_366.jpg,plastic,plastic,train,standardized_256
data/raw/garbage_v2/standardized_256/plastic/plastic_368.jpg,plastic,plastic,train,standardized_256
data/raw/garbage_v2/standardized_256/plastic/plastic_369.jpg,plastic,plastic,train,standardized_256
data/raw/garbage_v2/standardized_256/plastic/plastic_370.jpg,plastic,plastic,train,standardized_256
data/raw/garbage_v2/standardized_256/plastic/plastic_373.jpg,plastic,plastic,train,standardized_256
data/raw/garbage_v2/standardized_256/plastic/plastic_374.jpg,plastic,plastic,train,standardized_256
data/raw/garbage_v2/standardized_256/plastic/plastic_376.jpg,plastic,plastic,train,standardized_256
data/raw/garbage_v2/standardized_256/plastic/plastic_378.jpg,plastic,plastic,train,standardized_256
data/raw/garbage_v2/standardized_256/plastic/plastic_38.jpg,plastic,plastic,train,standardized_256
data/raw/garbage_v2/standardized_256/plastic/plastic_380.jpg,plastic,plastic,train,standardized_256
data/raw/garbage_v2/standardized_256/plastic/plastic_381.jpg,plastic,plastic,train,standardized_256
data/raw/garbage_v2/standardized_256/plastic/plastic_383.jpg,plastic,plastic,train,standardized_256
data/raw/garbage_v2/standardized_256/plastic/plastic_384.jpg,plastic,plastic,train,standardized_256
data/raw/garbage_v2/standardized_256/plastic/plastic_385.jpg,plastic,plastic,train,standardized_256
data/raw/garbage_v2/standardized_256/plastic/plastic_386.jpg,plastic,plastic,train,standardized_256
data/raw/garbage_v2/standardized_256/plastic/plastic_387.jpg,plastic,plastic,train,standardized_256
data/raw/garbage_v2/standardized_256/plastic/plastic_388.jpg,plastic,plastic,train,standardized_256
data/raw/garbage_v2/standardized_256/plastic/plastic_389.jpg,plastic,plastic,train,standardized_256
data/raw/garbage_v2/standardized_256/plastic/plastic_39.jpg,plastic,plastic,train,standardized_256
data/raw/garbage_v2/standardized_256/plastic/plastic_390.jpg,plastic,plastic,train,standardized_256
data/raw/garbage_v2/standardized_256/plastic/plastic_391.jpg,plastic,plastic,train,standardized_256
data/raw/garbage_v2/standardized_256/plastic/plastic_394.jpg,plastic,plastic,train,standardized_256
data/raw/garbage_v2/standardized_256/plastic/plastic_395.jpg,plastic,plastic,train,standardized_256
data/raw/garbage_v2/standardized_256/plastic/plastic_399.jpg,plastic,plastic,train,standardized_256
data/raw/garbage_v2/standardized_256/plastic/plastic_4.jpg,plastic,plastic,train,standardized_256
data/raw/garbage_v2/standardized_256/plastic/plastic_40.jpg,plastic,plastic,train,standardized_256
data/raw/garbage_v2/standardized_256/plastic/plastic_400.jpg,plastic,plastic,train,standardized_256
data/raw/garbage_v2/standardized_256/plastic/plastic_401.jpg,plastic,plastic,train,standardized_256
data/raw/garbage_v2/standardized_256/plastic/plastic_402.jpg,plastic,plastic,train,standardized_256
data/raw/garbage_v2/standardized_256/plastic/plastic_403.jpg,plastic,plastic,train,standardized_256
data/raw/garbage_v2/standardized_256/plastic/plastic_406.jpg,plastic,plastic,train,standardized_256
data/raw/garbage_v2/standardized_256/plastic/plastic_407.jpg,plastic,plastic,train,standardized_256
data/raw/garbage_v2/standardized_256/plastic/plastic_408.jpg,plastic,plastic,train,standardized_256
data/raw/garbage_v2/standardized_256/plastic/plastic_41.jpg,plastic,plastic,train,standardized_256
data/raw/garbage_v2/standardized_256/plastic/plastic_410.jpg,plastic,plastic,train,standardized_256
data/raw/garbage_v2/standardized_256/plastic/plastic_411.jpg,plastic,plastic,train,standardized_256
data/raw/garbage_v2/standardized_256/plastic/plastic_412.jpg,plastic,plastic,train,standardized_256
data/raw/garbage_v2/standardized_256/plastic/plastic_414.jpg,plastic,plastic,train,standardized_256
data/raw/garbage_v2/standardized_256/plastic/plastic_416.jpg,plastic,plastic,train,standardized_256
data/raw/garbage_v2/standardized_256/plastic/plastic_418.jpg,plastic,plastic,train,standardized_256
data/raw/garbage_v2/standardized_256/plastic/plastic_419.jpg,plastic,plastic,train,standardized_256
data/raw/garbage_v2/standardized_256/plastic/plastic_42.jpg,plastic,plastic,train,standardized_256
data/raw/garbage_v2/standardized_256/plastic/plastic_420.jpg,plastic,plastic,train,standardized_256
data/raw/garbage_v2/standardized_256/plastic/plastic_422.jpg,plastic,plastic,train,standardized_256
data/raw/garbage_v2/standardized_256/plastic/plastic_424.jpg,plastic,plastic,train,standardized_256
data/raw/garbage_v2/standardized_256/plastic/plastic_426.jpg,plastic,plastic,train,standardized_256
data/raw/garbage_v2/standardized_256/plastic/plastic_427.jpg,plastic,plastic,train,standardized_256
data/raw/garbage_v2/standardized_256/plastic/plastic_43.jpg,plastic,plastic,train,standardized_256
data/raw/garbage_v2/standardized_256/plastic/plastic_430.jpg,plastic,plastic,train,standardized_256
data/raw/garbage_v2/standardized_256/plastic/plastic_431.jpg,plastic,plastic,train,standardized_256
data/raw/garbage_v2/standardized_256/plastic/plastic_432.jpg,plastic,plastic,train,standardized_256
data/raw/garbage_v2/standardized_256/plastic/plastic_433.jpg,plastic,plastic,train,standardized_256
data/raw/garbage_v2/standardized_256/plastic/plastic_434.jpg,plastic,plastic,train,standardized_256
data/raw/garbage_v2/standardized_256/plastic/plastic_435.jpg,plastic,plastic,train,standardized_256
data/raw/garbage_v2/standardized_256/plastic/plastic_438.jpg,plastic,plastic,train,standardized_256
data/raw/garbage_v2/standardized_256/plastic/plastic_44.jpg,plastic,plastic,train,standardized_256
data/raw/garbage_v2/standardized_256/plastic/plastic_440.jpg,plastic,plastic,train,standardized_256
data/raw/garbage_v2/standardized_256/plastic/plastic_443.jpg,plastic,plastic,train,standardized_256
data/raw/garbage_v2/standardized_256/plastic/plastic_444.jpg,plastic,plastic,train,standardized_256
data/raw/garbage_v2/standardized_256/plastic/plastic_446.jpg,plastic,plastic,train,standardized_256
data/raw/garbage_v2/standardized_256/plastic/plastic_447.jpg,plastic,plastic,train,standardized_256
data/raw/garbage_v2/standardized_256/plastic/plastic_448.jpg,plastic,plastic,train,standardized_256
data/raw/garbage_v2/standardized_256/plastic/plastic_449.jpg,plastic,plastic,train,standardized_256
data/raw/garbage_v2/standardized_256/plastic/plastic_45.jpg,plastic,plastic,train,standardized_256
data/raw/garbage_v2/standardized_256/plastic/plastic_450.jpg,plastic,plastic,train,standardized_256
data/raw/garbage_v2/standardized_256/plastic/plastic_451.jpg,plastic,plastic,train,standardized_256
data/raw/garbage_v2/standardized_256/plastic/plastic_452.jpg,plastic,plastic,train,standardized_256
data/raw/garbage_v2/standardized_256/plastic/plastic_453.jpg,plastic,plastic,train,standardized_256
data/raw/garbage_v2/standardized_256/plastic/plastic_454.jpg,plastic,plastic,train,standardized_256
data/raw/garbage_v2/standardized_256/plastic/plastic_456.jpg,plastic,plastic,train,standardized_256
data/raw/garbage_v2/standardized_256/plastic/plastic_458.jpg,plastic,plastic,train,standardized_256
data/raw/garbage_v2/standardized_256/plastic/plastic_459.jpg,plastic,plastic,train,standardized_256
data/raw/garbage_v2/standardized_256/plastic/plastic_46.jpg,plastic,plastic,train,standardized_256
data/raw/garbage_v2/standardized_256/plastic/plastic_460.jpg,plastic,plastic,train,standardized_256
data/raw/garbage_v2/standardized_256/plastic/plastic_461.jpg,plastic,plastic,train,standardized_256
data/raw/garbage_v2/standardized_256/plastic/plastic_462.jpg,plastic,plastic,train,standardized_256
data/raw/garbage_v2/standardized_256/plastic/plastic_464.jpg,plastic,plastic,train,standardized_256
data/raw/garbage_v2/standardized_256/plastic/plastic_468.jpg,plastic,plastic,train,standardized_256
data/raw/garbage_v2/standardized_256/plastic/plastic_469.jpg,plastic,plastic,train,standardized_256
data/raw/garbage_v2/standardized_256/plastic/plastic_470.jpg,plastic,plastic,train,standardized_256
data/raw/garbage_v2/standardized_256/plastic/plastic_471.jpg,plastic,plastic,train,standardized_256
data/raw/garbage_v2/standardized_256/plastic/plastic_475.jpg,plastic,plastic,train,standardized_256
data/raw/garbage_v2/standardized_256/plastic/plastic_477.jpg,plastic,plastic,train,standardized_256
data/raw/garbage_v2/standardized_256/plastic/plastic_478.jpg,plastic,plastic,train,standardized_256
data/raw/garbage_v2/standardized_256/plastic/plastic_479.jpg,plastic,plastic,train,standardized_256
data/raw/garbage_v2/standardized_256/plastic/plastic_480.jpg,plastic,plastic,train,standardized_256
data/raw/garbage_v2/standardized_256/plastic/plastic_482.jpg,plastic,plastic,train,standardized_256
data/raw/garbage_v2/standardized_256/plastic/plastic_484.jpg,plastic,plastic,train,standardized_256
data/raw/garbage_v2/standardized_256/plastic/plastic_485.jpg,plastic,plastic,train,standardized_256
data/raw/garbage_v2/standardized_256/plastic/plastic_486.jpg,plastic,plastic,train,standardized_256
data/raw/garbage_v2/standardized_256/plastic/plastic_487.jpg,plastic,plastic,train,standardized_256
data/raw/garbage_v2/standardized_256/plastic/plastic_488.jpg,plastic,plastic,train,standardized_256
data/raw/garbage_v2/standardized_256/plastic/plastic_489.jpg,plastic,plastic,train,standardized_256
data/raw/garbage_v2/standardized_256/plastic/plastic_490.jpg,plastic,plastic,train,standardized_256
data/raw/garbage_v2/standardized_256/plastic/plastic_492.jpg,plastic,plastic,train,standardized_256
data/raw/garbage_v2/standardized_256/plastic/plastic_493.jpg,plastic,plastic,train,standardized_256
data/raw/garbage_v2/standardized_256/plastic/plastic_495.jpg,plastic,plastic,train,standardized_256
data/raw/garbage_v2/standardized_256/plastic/plastic_496.jpg,plastic,plastic,train,standardized_256
data/raw/garbage_v2/standardized_256/plastic/plastic_497.jpg,plastic,plastic,train,standardized_256
data/raw/garbage_v2/standardized_256/plastic/plastic_498.jpg,plastic,plastic,train,standardized_256
data/raw/garbage_v2/standardized_256/plastic/plastic_5.jpg,plastic,plastic,train,standardized_256
data/raw/garbage_v2/standardized_256/plastic/plastic_50.jpg,plastic,plastic,train,standardized_256
data/raw/garbage_v2/standardized_256/plastic/plastic_500.jpg,plastic,plastic,train,standardized_256
data/raw/garbage_v2/standardized_256/plastic/plastic_502.jpg,plastic,plastic,train,standardized_256
data/raw/garbage_v2/standardized_256/plastic/plastic_503.jpg,plastic,plastic,train,standardized_256
data/raw/garbage_v2/standardized_256/plastic/plastic_504.jpg,plastic,plastic,train,standardized_256
data/raw/garbage_v2/standardized_256/plastic/plastic_506.jpg,plastic,plastic,train,standardized_256
data/raw/garbage_v2/standardized_256/plastic/plastic_508.jpg,plastic,plastic,train,standardized_256
data/raw/garbage_v2/standardized_256/plastic/plastic_509.jpg,plastic,plastic,train,standardized_256
data/raw/garbage_v2/standardized_256/plastic/plastic_51.jpg,plastic,plastic,train,standardized_256
data/raw/garbage_v2/standardized_256/plastic/plastic_510.jpg,plastic,plastic,train,standardized_256
data/raw/garbage_v2/standardized_256/plastic/plastic_511.jpg,plastic,plastic,train,standardized_256
data/raw/garbage_v2/standardized_256/plastic/plastic_514.jpg,plastic,plastic,train,standardized_256
data/raw/garbage_v2/standardized_256/plastic/plastic_515.jpg,plastic,plastic,train,standardized_256
data/raw/garbage_v2/standardized_256/plastic/plastic_516.jpg,plastic,plastic,train,standardized_256
data/raw/garbage_v2/standardized_256/plastic/plastic_517.jpg,plastic,plastic,train,standardized_256
data/raw/garbage_v2/standardized_256/plastic/plastic_518.jpg,plastic,plastic,train,standardized_256
data/raw/garbage_v2/standardized_256/plastic/plastic_519.jpg,plastic,plastic,train,standardized_256
data/raw/garbage_v2/standardized_256/plastic/plastic_52.jpg,plastic,plastic,train,standardized_256
data/raw/garbage_v2/standardized_256/plastic/plastic_520.jpg,plastic,plastic,train,standardized_256
data/raw/garbage_v2/standardized_256/plastic/plastic_521.jpg,plastic,plastic,train,standardized_256
data/raw/garbage_v2/standardized_256/plastic/plastic_523.jpg,plastic,plastic,train,standardized_256
data/raw/garbage_v2/standardized_256/plastic/plastic_524.jpg,plastic,plastic,train,standardized_256
data/raw/garbage_v2/standardized_256/plastic/plastic_526.jpg,plastic,plastic,train,standardized_256
data/raw/garbage_v2/standardized_256/plastic/plastic_527.jpg,plastic,plastic,train,standardized_256
data/raw/garbage_v2/standardized_256/plastic/plastic_531.jpg,plastic,plastic,train,standardized_256
data/raw/garbage_v2/standardized_256/plastic/plastic_533.jpg,plastic,plastic,train,standardized_256
data/raw/garbage_v2/standardized_256/plastic/plastic_534.jpg,plastic,plastic,train,standardized_256
data/raw/garbage_v2/standardized_256/plastic/plastic_535.jpg,plastic,plastic,train,standardized_256
data/raw/garbage_v2/standardized_256/plastic/plastic_536.jpg,plastic,plastic,train,standardized_256
data/raw/garbage_v2/standardized_256/plastic/plastic_537.jpg,plastic,plastic,train,standardized_256
data/raw/garbage_v2/standardized_256/plastic/plastic_538.jpg,plastic,plastic,train,standardized_256
data/raw/garbage_v2/standardized_256/plastic/plastic_54.jpg,plastic,plastic,train,standardized_256
data/raw/garbage_v2/standardized_256/plastic/plastic_540.jpg,plastic,plastic,train,standardized_256
data/raw/garbage_v2/standardized_256/plastic/plastic_541.jpg,plastic,plastic,train,standardized_256
data/raw/garbage_v2/standardized_256/plastic/plastic_542.jpg,plastic,plastic,train,standardized_256
data/raw/garbage_v2/standardized_256/plastic/plastic_543.jpg,plastic,plastic,train,standardized_256
data/raw/garbage_v2/standardized_256/plastic/plastic_545.jpg,plastic,plastic,train,standardized_256
data/raw/garbage_v2/standardized_256/plastic/plastic_546.jpg,plastic,plastic,train,standardized_256
data/raw/garbage_v2/standardized_256/plastic/plastic_548.jpg,plastic,plastic,train,standardized_256
data/raw/garbage_v2/standardized_256/plastic/plastic_549.jpg,plastic,plastic,train,standardized_256
data/raw/garbage_v2/standardized_256/plastic/plastic_55.jpg,plastic,plastic,train,standardized_256
data/raw/garbage_v2/standardized_256/plastic/plastic_550.jpg,plastic,plastic,train,standardized_256
data/raw/garbage_v2/standardized_256/plastic/plastic_551.jpg,plastic,plastic,train,standardized_256
data/raw/garbage_v2/standardized_256/plastic/plastic_552.jpg,plastic,plastic,train,standardized_256
data/raw/garbage_v2/standardized_256/plastic/plastic_553.jpg,plastic,plastic,train,standardized_256
data/raw/garbage_v2/standardized_256/plastic/plastic_554.jpg,plastic,plastic,train,standardized_256
data/raw/garbage_v2/standardized_256/plastic/plastic_555.jpg,plastic,plastic,train,standardized_256
data/raw/garbage_v2/standardized_256/plastic/plastic_556.jpg,plastic,plastic,train,standardized_256
data/raw/garbage_v2/standardized_256/plastic/plastic_557.jpg,plastic,plastic,train,standardized_256
data/raw/garbage_v2/standardized_256/plastic/plastic_558.jpg,plastic,plastic,train,standardized_256
data/raw/garbage_v2/standardized_256/plastic/plastic_559.jpg,plastic,plastic,train,standardized_256
data/raw/garbage_v2/standardized_256/plastic/plastic_56.jpg,plastic,plastic,train,standardized_256
data/raw/garbage_v2/standardized_256/plastic/plastic_560.jpg,plastic,plastic,train,standardized_256
data/raw/garbage_v2/standardized_256/plastic/plastic_561.jpg,plastic,plastic,train,standardized_256
data/raw/garbage_v2/standardized_256/plastic/plastic_562.jpg,plastic,plastic,train,standardized_256
data/raw/garbage_v2/standardized_256/plastic/plastic_563.jpg,plastic,plastic,train,standardized_256
data/raw/garbage_v2/standardized_256/plastic/plastic_564.jpg,plastic,plastic,train,standardized_256
data/raw/garbage_v2/standardized_256/plastic/plastic_565.jpg,plastic,plastic,train,standardized_256
data/raw/garbage_v2/standardized_256/plastic/plastic_566.jpg,plastic,plastic,train,standardized_256
data/raw/garbage_v2/standardized_256/plastic/plastic_568.jpg,plastic,plastic,train,standardized_256
data/raw/garbage_v2/standardized_256/plastic/plastic_569.jpg,plastic,plastic,train,standardized_256
data/raw/garbage_v2/standardized_256/plastic/plastic_571.jpg,plastic,plastic,train,standardized_256
data/raw/garbage_v2/standardized_256/plastic/plastic_572.jpg,plastic,plastic,train,standardized_256
data/raw/garbage_v2/standardized_256/plastic/plastic_573.jpg,plastic,plastic,train,standardized_256
data/raw/garbage_v2/standardized_256/plastic/plastic_574.jpg,plastic,plastic,train,standardized_256
data/raw/garbage_v2/standardized_256/plastic/plastic_575.jpg,plastic,plastic,train,standardized_256
data/raw/garbage_v2/standardized_256/plastic/plastic_578.jpg,plastic,plastic,train,standardized_256
data/raw/garbage_v2/standardized_256/plastic/plastic_579.jpg,plastic,plastic,train,standardized_256
data/raw/garbage_v2/standardized_256/plastic/plastic_580.jpg,plastic,plastic,train,standardized_256
data/raw/garbage_v2/standardized_256/plastic/plastic_581.jpg,plastic,plastic,train,standardized_256
data/raw/garbage_v2/standardized_256/plastic/plastic_582.jpg,plastic,plastic,train,standardized_256
data/raw/garbage_v2/standardized_256/plastic/plastic_583.jpg,plastic,plastic,train,standardized_256
data/raw/garbage_v2/standardized_256/plastic/plastic_584.jpg,plastic,plastic,train,standardized_256
data/raw/garbage_v2/standardized_256/plastic/plastic_585.jpg,plastic,plastic,train,standardized_256
data/raw/garbage_v2/standardized_256/plastic/plastic_587.jpg,plastic,plastic,train,standardized_256
data/raw/garbage_v2/standardized_256/plastic/plastic_589.jpg,plastic,plastic,train,standardized_256
data/raw/garbage_v2/standardized_256/plastic/plastic_59.jpg,plastic,plastic,train,standardized_256
data/raw/garbage_v2/standardized_256/plastic/plastic_591.jpg,plastic,plastic,train,standardized_256
data/raw/garbage_v2/standardized_256/plastic/plastic_594.jpg,plastic,plastic,train,standardized_256
data/raw/garbage_v2/standardized_256/plastic/plastic_596.jpg,plastic,plastic,train,standardized_256
data/raw/garbage_v2/standardized_256/plastic/plastic_597.jpg,plastic,plastic,train,standardized_256
data/raw/garbage_v2/standardized_256/plastic/plastic_598.jpg,plastic,plastic,train,standardized_256
data/raw/garbage_v2/standardized_256/plastic/plastic_599.jpg,plastic,plastic,train,standardized_256
data/raw/garbage_v2/standardized_256/plastic/plastic_60.jpg,plastic,plastic,train,standardized_256
data/raw/garbage_v2/standardized_256/plastic/plastic_600.jpg,plastic,plastic,train,standardized_256
data/raw/garbage_v2/standardized_256/plastic/plastic_601.jpg,plastic,plastic,train,standardized_256
data/raw/garbage_v2/standardized_256/plastic/plastic_602.jpg,plastic,plastic,train,standardized_256
data/raw/garbage_v2/standardized_256/plastic/plastic_603.jpg,plastic,plastic,train,standardized_256
data/raw/garbage_v2/standardized_256/plastic/plastic_604.jpg,plastic,plastic,train,standardized_256
data/raw/garbage_v2/standardized_256/plastic/plastic_607.jpg,plastic,plastic,train,standardized_256
data/raw/garbage_v2/standardized_256/plastic/plastic_608.jpg,plastic,plastic,train,standardized_256
data/raw/garbage_v2/standardized_256/plastic/plastic_609.jpg,plastic,plastic,train,standardized_256
data/raw/garbage_v2/standardized_256/plastic/plastic_610.jpg,plastic,plastic,train,standardized_256
data/raw/garbage_v2/standardized_256/plastic/plastic_611.jpg,plastic,plastic,train,standardized_256
data/raw/garbage_v2/standardized_256/plastic/plastic_614.jpg,plastic,plastic,train,standardized_256
data/raw/garbage_v2/standardized_256/plastic/plastic_615.jpg,plastic,plastic,train,standardized_256
data/raw/garbage_v2/standardized_256/plastic/plastic_616.jpg,plastic,plastic,train,standardized_256
data/raw/garbage_v2/standardized_256/plastic/plastic_617.jpg,plastic,plastic,train,standardized_256
data/raw/garbage_v2/standardized_256/plastic/plastic_618.jpg,plastic,plastic,train,standardized_256
data/raw/garbage_v2/standardized_256/plastic/plastic_619.jpg,plastic,plastic,train,standardized_256
data/raw/garbage_v2/standardized_256/plastic/plastic_62.jpg,plastic,plastic,train,standardized_256
data/raw/garbage_v2/standardized_256/plastic/plastic_620.jpg,plastic,plastic,train,standardized_256
data/raw/garbage_v2/standardized_256/plastic/plastic_621.jpg,plastic,plastic,train,standardized_256
data/raw/garbage_v2/standardized_256/plastic/plastic_623.jpg,plastic,plastic,train,standardized_256
data/raw/garbage_v2/standardized_256/plastic/plastic_624.jpg,plastic,plastic,train,standardized_256
data/raw/garbage_v2/standardized_256/plastic/plastic_625.jpg,plastic,plastic,train,standardized_256
data/raw/garbage_v2/standardized_256/plastic/plastic_626.jpg,plastic,plastic,train,standardized_256
data/raw/garbage_v2/standardized_256/plastic/plastic_627.jpg,plastic,plastic,train,standardized_256
data/raw/garbage_v2/standardized_256/plastic/plastic_628.jpg,plastic,plastic,train,standardized_256
data/raw/garbage_v2/standardized_256/plastic/plastic_629.jpg,plastic,plastic,train,standardized_256
data/raw/garbage_v2/standardized_256/plastic/plastic_63.jpg,plastic,plastic,train,standardized_256
data/raw/garbage_v2/standardized_256/plastic/plastic_631.jpg,plastic,plastic,train,standardized_256
data/raw/garbage_v2/standardized_256/plastic/plastic_632.jpg,plastic,plastic,train,standardized_256
data/raw/garbage_v2/standardized_256/plastic/plastic_633.jpg,plastic,plastic,train,standardized_256
data/raw/garbage_v2/standardized_256/plastic/plastic_634.jpg,plastic,plastic,train,standardized_256
data/raw/garbage_v2/standardized_256/plastic/plastic_636.jpg,plastic,plastic,train,standardized_256
data/raw/garbage_v2/standardized_256/plastic/plastic_639.jpg,plastic,plastic,train,standardized_256
data/raw/garbage_v2/standardized_256/plastic/plastic_64.jpg,plastic,plastic,train,standardized_256
data/raw/garbage_v2/standardized_256/plastic/plastic_641.jpg,plastic,plastic,train,standardized_256
data/raw/garbage_v2/standardized_256/plastic/plastic_642.jpg,plastic,plastic,train,standardized_256
data/raw/garbage_v2/standardized_256/plastic/plastic_643.jpg,plastic,plastic,train,standardized_256
data/raw/garbage_v2/standardized_256/plastic/plastic_644.jpg,plastic,plastic,train,standardized_256
data/raw/garbage_v2/standardized_256/plastic/plastic_645.jpg,plastic,plastic,train,standardized_256
data/raw/garbage_v2/standardized_256/plastic/plastic_646.jpg,plastic,plastic,train,standardized_256
data/raw/garbage_v2/standardized_256/plastic/plastic_647.jpg,plastic,plastic,train,standardized_256
data/raw/garbage_v2/standardized_256/plastic/plastic_649.jpg,plastic,plastic,train,standardized_256
data/raw/garbage_v2/standardized_256/plastic/plastic_650.jpg,plastic,plastic,train,standardized_256
data/raw/garbage_v2/standardized_256/plastic/plastic_651.jpg,plastic,plastic,train,standardized_256
data/raw/garbage_v2/standardized_256/plastic/plastic_652.jpg,plastic,plastic,train,standardized_256
data/raw/garbage_v2/standardized_256/plastic/plastic_653.jpg,plastic,plastic,train,standardized_256
data/raw/garbage_v2/standardized_256/plastic/plastic_655.jpg,plastic,plastic,train,standardized_256
data/raw/garbage_v2/standardized_256/plastic/plastic_657.jpg,plastic,plastic,train,standardized_256
data/raw/garbage_v2/standardized_256/plastic/plastic_658.jpg,plastic,plastic,train,standardized_256
data/raw/garbage_v2/standardized_256/plastic/plastic_659.jpg,plastic,plastic,train,standardized_256
data/raw/garbage_v2/standardized_256/plastic/plastic_66.jpg,plastic,plastic,train,standardized_256
data/raw/garbage_v2/standardized_256/plastic/plastic_660.jpg,plastic,plastic,train,standardized_256
data/raw/garbage_v2/standardized_256/plastic/plastic_661.jpg,plastic,plastic,train,standardized_256
data/raw/garbage_v2/standardized_256/plastic/plastic_663.jpg,plastic,plastic,train,standardized_256
data/raw/garbage_v2/standardized_256/plastic/plastic_665.jpg,plastic,plastic,train,standardized_256
data/raw/garbage_v2/standardized_256/plastic/plastic_666.jpg,plastic,plastic,train,standardized_256
data/raw/garbage_v2/standardized_256/plastic/plastic_669.jpg,plastic,plastic,train,standardized_256
data/raw/garbage_v2/standardized_256/plastic/plastic_67.jpg,plastic,plastic,train,standardized_256
data/raw/garbage_v2/standardized_256/plastic/plastic_672.jpg,plastic,plastic,train,standardized_256
data/raw/garbage_v2/standardized_256/plastic/plastic_673.jpg,plastic,plastic,train,standardized_256
data/raw/garbage_v2/standardized_256/plastic/plastic_674.jpg,plastic,plastic,train,standardized_256
data/raw/garbage_v2/standardized_256/plastic/plastic_675.jpg,plastic,plastic,train,standardized_256
data/raw/garbage_v2/standardized_256/plastic/plastic_676.jpg,plastic,plastic,train,standardized_256
data/raw/garbage_v2/standardized_256/plastic/plastic_677.jpg,plastic,plastic,train,standardized_256
data/raw/garbage_v2/standardized_256/plastic/plastic_68.jpg,plastic,plastic,train,standardized_256
data/raw/garbage_v2/standardized_256/plastic/plastic_680.jpg,plastic,plastic,train,standardized_256
data/raw/garbage_v2/standardized_256/plastic/plastic_683.jpg,plastic,plastic,train,standardized_256
data/raw/garbage_v2/standardized_256/plastic/plastic_684.jpg,plastic,plastic,train,standardized_256
data/raw/garbage_v2/standardized_256/plastic/plastic_685.jpg,plastic,plastic,train,standardized_256
data/raw/garbage_v2/standardized_256/plastic/plastic_687.jpg,plastic,plastic,train,standardized_256
data/raw/garbage_v2/standardized_256/plastic/plastic_688.jpg,plastic,plastic,train,standardized_256
data/raw/garbage_v2/standardized_256/plastic/plastic_689.jpg,plastic,plastic,train,standardized_256
data/raw/garbage_v2/standardized_256/plastic/plastic_690.jpg,plastic,plastic,train,standardized_256
data/raw/garbage_v2/standardized_256/plastic/plastic_692.jpg,plastic,plastic,train,standardized_256
data/raw/garbage_v2/standardized_256/plastic/plastic_693.jpg,plastic,plastic,train,standardized_256
data/raw/garbage_v2/standardized_256/plastic/plastic_694.jpg,plastic,plastic,train,standardized_256
data/raw/garbage_v2/standardized_256/plastic/plastic_695.jpg,plastic,plastic,train,standardized_256
data/raw/garbage_v2/standardized_256/plastic/plastic_696.jpg,plastic,plastic,train,standardized_256
data/raw/garbage_v2/standardized_256/plastic/plastic_697.jpg,plastic,plastic,train,standardized_256
data/raw/garbage_v2/standardized_256/plastic/plastic_698.jpg,plastic,plastic,train,standardized_256
data/raw/garbage_v2/standardized_256/plastic/plastic_699.jpg,plastic,plastic,train,standardized_256
data/raw/garbage_v2/standardized_256/plastic/plastic_7.jpg,plastic,plastic,train,standardized_256
data/raw/garbage_v2/standardized_256/plastic/plastic_700.jpg,plastic,plastic,train,standardized_256
data/raw/garbage_v2/standardized_256/plastic/plastic_701.jpg,plastic,plastic,train,standardized_256
data/raw/garbage_v2/standardized_256/plastic/plastic_702.jpg,plastic,plastic,train,standardized_256
data/raw/garbage_v2/standardized_256/plastic/plastic_704.jpg,plastic,plastic,train,standardized_256
data/raw/garbage_v2/standardized_256/plastic/plastic_705.jpg,plastic,plastic,train,standardized_256
data/raw/garbage_v2/standardized_256/plastic/plastic_706.jpg,plastic,plastic,train,standardized_256
data/raw/garbage_v2/standardized_256/plastic/plastic_707.jpg,plastic,plastic,train,standardized_256
data/raw/garbage_v2/standardized_256/plastic/plastic_708.jpg,plastic,plastic,train,standardized_256
data/raw/garbage_v2/standardized_256/plastic/plastic_71.jpg,plastic,plastic,train,standardized_256
data/raw/garbage_v2/standardized_256/plastic/plastic_710.jpg,plastic,plastic,train,standardized_256
data/raw/garbage_v2/standardized_256/plastic/plastic_711.jpg,plastic,plastic,train,standardized_256
data/raw/garbage_v2/standardized_256/plastic/plastic_712.jpg,plastic,plastic,train,standardized_256
data/raw/garbage_v2/standardized_256/plastic/plastic_713.jpg,plastic,plastic,train,standardized_256
data/raw/garbage_v2/standardized_256/plastic/plastic_714.jpg,plastic,plastic,train,standardized_256
data/raw/garbage_v2/standardized_256/plastic/plastic_715.jpg,plastic,plastic,train,standardized_256
data/raw/garbage_v2/standardized_256/plastic/plastic_717.jpg,plastic,plastic,train,standardized_256
data/raw/garbage_v2/standardized_256/plastic/plastic_718.jpg,plastic,plastic,train,standardized_256
data/raw/garbage_v2/standardized_256/plastic/plastic_72.jpg,plastic,plastic,train,standardized_256
data/raw/garbage_v2/standardized_256/plastic/plastic_720.jpg,plastic,plastic,train,standardized_256
data/raw/garbage_v2/standardized_256/plastic/plastic_721.jpg,plastic,plastic,train,standardized_256
data/raw/garbage_v2/standardized_256/plastic/plastic_723.jpg,plastic,plastic,train,standardized_256
data/raw/garbage_v2/standardized_256/plastic/plastic_724.jpg,plastic,plastic,train,standardized_256
data/raw/garbage_v2/standardized_256/plastic/plastic_726.jpg,plastic,plastic,train,standardized_256
data/raw/garbage_v2/standardized_256/plastic/plastic_728.jpg,plastic,plastic,train,standardized_256
data/raw/garbage_v2/standardized_256/plastic/plastic_73.jpg,plastic,plastic,train,standardized_256
data/raw/garbage_v2/standardized_256/plastic/plastic_730.jpg,plastic,plastic,train,standardized_256
data/raw/garbage_v2/standardized_256/plastic/plastic_731.jpg,plastic,plastic,train,standardized_256
data/raw/garbage_v2/standardized_256/plastic/plastic_732.jpg,plastic,plastic,train,standardized_256
data/raw/garbage_v2/standardized_256/plastic/plastic_733.jpg,plastic,plastic,train,standardized_256
data/raw/garbage_v2/standardized_256/plastic/plastic_734.jpg,plastic,plastic,train,standardized_256
data/raw/garbage_v2/standardized_256/plastic/plastic_735.jpg,plastic,plastic,train,standardized_256
data/raw/garbage_v2/standardized_256/plastic/plastic_736.jpg,plastic,plastic,train,standardized_256
data/raw/garbage_v2/standardized_256/plastic/plastic_738.jpg,plastic,plastic,train,standardized_256
data/raw/garbage_v2/standardized_256/plastic/plastic_740.jpg,plastic,plastic,train,standardized_256
data/raw/garbage_v2/standardized_256/plastic/plastic_744.jpg,plastic,plastic,train,standardized_256
data/raw/garbage_v2/standardized_256/plastic/plastic_745.jpg,plastic,plastic,train,standardized_256
data/raw/garbage_v2/standardized_256/plastic/plastic_747.jpg,plastic,plastic,train,standardized_256
data/raw/garbage_v2/standardized_256/plastic/plastic_748.jpg,plastic,plastic,train,standardized_256
data/raw/garbage_v2/standardized_256/plastic/plastic_75.jpg,plastic,plastic,train,standardized_256
data/raw/garbage_v2/standardized_256/plastic/plastic_751.jpg,plastic,plastic,train,standardized_256
data/raw/garbage_v2/standardized_256/plastic/plastic_752.jpg,plastic,plastic,train,standardized_256
data/raw/garbage_v2/standardized_256/plastic/plastic_755.jpg,plastic,plastic,train,standardized_256
data/raw/garbage_v2/standardized_256/plastic/plastic_756.jpg,plastic,plastic,train,standardized_256
data/raw/garbage_v2/standardized_256/plastic/plastic_757.jpg,plastic,plastic,train,standardized_256
data/raw/garbage_v2/standardized_256/plastic/plastic_759.jpg,plastic,plastic,train,standardized_256
data/raw/garbage_v2/standardized_256/plastic/plastic_76.jpg,plastic,plastic,train,standardized_256
data/raw/garbage_v2/standardized_256/plastic/plastic_760.jpg,plastic,plastic,train,standardized_256
data/raw/garbage_v2/standardized_256/plastic/plastic_761.jpg,plastic,plastic,train,standardized_256
data/raw/garbage_v2/standardized_256/plastic/plastic_762.jpg,plastic,plastic,train,standardized_256
data/raw/garbage_v2/standardized_256/plastic/plastic_763.jpg,plastic,plastic,train,standardized_256
data/raw/garbage_v2/standardized_256/plastic/plastic_764.jpg,plastic,plastic,train,standardized_256
data/raw/garbage_v2/standardized_256/plastic/plastic_765.jpg,plastic,plastic,train,standardized_256
data/raw/garbage_v2/standardized_256/plastic/plastic_766.jpg,plastic,plastic,train,standardized_256
data/raw/garbage_v2/standardized_256/plastic/plastic_768.jpg,plastic,plastic,train,standardized_256
data/raw/garbage_v2/standardized_256/plastic/plastic_77.jpg,plastic,plastic,train,standardized_256
data/raw/garbage_v2/standardized_256/plastic/plastic_771.jpg,plastic,plastic,train,standardized_256
data/raw/garbage_v2/standardized_256/plastic/plastic_772.jpg,plastic,plastic,train,standardized_256
data/raw/garbage_v2/standardized_256/plastic/plastic_774.jpg,plastic,plastic,train,standardized_256
data/raw/garbage_v2/standardized_256/plastic/plastic_776.jpg,plastic,plastic,train,standardized_256
data/raw/garbage_v2/standardized_256/plastic/plastic_777.jpg,plastic,plastic,train,standardized_256
data/raw/garbage_v2/standardized_256/plastic/plastic_778.jpg,plastic,plastic,train,standardized_256
data/raw/garbage_v2/standardized_256/plastic/plastic_779.jpg,plastic,plastic,train,standardized_256
data/raw/garbage_v2/standardized_256/plastic/plastic_78.jpg,plastic,plastic,train,standardized_256
data/raw/garbage_v2/standardized_256/plastic/plastic_780.jpg,plastic,plastic,train,standardized_256
data/raw/garbage_v2/standardized_256/plastic/plastic_781.jpg,plastic,plastic,train,standardized_256
data/raw/garbage_v2/standardized_256/plastic/plastic_783.jpg,plastic,plastic,train,standardized_256
data/raw/garbage_v2/standardized_256/plastic/plastic_784.jpg,plastic,plastic,train,standardized_256
data/raw/garbage_v2/standardized_256/plastic/plastic_785.jpg,plastic,plastic,train,standardized_256
data/raw/garbage_v2/standardized_256/plastic/plastic_788.jpg,plastic,plastic,train,standardized_256
data/raw/garbage_v2/standardized_256/plastic/plastic_789.jpg,plastic,plastic,train,standardized_256
data/raw/garbage_v2/standardized_256/plastic/plastic_790.jpg,plastic,plastic,train,standardized_256
data/raw/garbage_v2/standardized_256/plastic/plastic_791.jpg,plastic,plastic,train,standardized_256
data/raw/garbage_v2/standardized_256/plastic/plastic_792.jpg,plastic,plastic,train,standardized_256
data/raw/garbage_v2/standardized_256/plastic/plastic_793.jpg,plastic,plastic,train,standardized_256
data/raw/garbage_v2/standardized_256/plastic/plastic_794.jpg,plastic,plastic,train,standardized_256
data/raw/garbage_v2/standardized_256/plastic/plastic_795.jpg,plastic,plastic,train,standardized_256
data/raw/garbage_v2/standardized_256/plastic/plastic_796.jpg,plastic,plastic,train,standardized_256
data/raw/garbage_v2/standardized_256/plastic/plastic_797.jpg,plastic,plastic,train,standardized_256
data/raw/garbage_v2/standardized_256/plastic/plastic_798.jpg,plastic,plastic,train,standardized_256
data/raw/garbage_v2/standardized_256/plastic/plastic_799.jpg,plastic,plastic,train,standardized_256
data/raw/garbage_v2/standardized_256/plastic/plastic_800.jpg,plastic,plastic,train,standardized_256
data/raw/garbage_v2/standardized_256/plastic/plastic_803.jpg,plastic,plastic,train,standardized_256
data/raw/garbage_v2/standardized_256/plastic/plastic_804.jpg,plastic,plastic,train,standardized_256
data/raw/garbage_v2/standardized_256/plastic/plastic_805.jpg,plastic,plastic,train,standardized_256
data/raw/garbage_v2/standardized_256/plastic/plastic_806.jpg,plastic,plastic,train,standardized_256
data/raw/garbage_v2/standardized_256/plastic/plastic_807.jpg,plastic,plastic,train,standardized_256
data/raw/garbage_v2/standardized_256/plastic/plastic_808.jpg,plastic,plastic,train,standardized_256
data/raw/garbage_v2/standardized_256/plastic/plastic_809.jpg,plastic,plastic,train,standardized_256
data/raw/garbage_v2/standardized_256/plastic/plastic_810.jpg,plastic,plastic,train,standardized_256
data/raw/garbage_v2/standardized_256/plastic/plastic_812.jpg,plastic,plastic,train,standardized_256
data/raw/garbage_v2/standardized_256/plastic/plastic_813.jpg,plastic,plastic,train,standardized_256
data/raw/garbage_v2/standardized_256/plastic/plastic_815.jpg,plastic,plastic,train,standardized_256
data/raw/garbage_v2/standardized_256/plastic/plastic_816.jpg,plastic,plastic,train,standardized_256
data/raw/garbage_v2/standardized_256/plastic/plastic_817.jpg,plastic,plastic,train,standardized_256
data/raw/garbage_v2/standardized_256/plastic/plastic_819.jpg,plastic,plastic,train,standardized_256
data/raw/garbage_v2/standardized_256/plastic/plastic_821.jpg,plastic,plastic,train,standardized_256
data/raw/garbage_v2/standardized_256/plastic/plastic_822.jpg,plastic,plastic,train,standardized_256
data/raw/garbage_v2/standardized_256/plastic/plastic_823.jpg,plastic,plastic,train,standardized_256
data/raw/garbage_v2/standardized_256/plastic/plastic_826.jpg,plastic,plastic,train,standardized_256
data/raw/garbage_v2/standardized_256/plastic/plastic_83.jpg,plastic,plastic,train,standardized_256
data/raw/garbage_v2/standardized_256/plastic/plastic_830.jpg,plastic,plastic,train,standardized_256
data/raw/garbage_v2/standardized_256/plastic/plastic_831.jpg,plastic,plastic,train,standardized_256
data/raw/garbage_v2/standardized_256/plastic/plastic_833.jpg,plastic,plastic,train,standardized_256
data/raw/garbage_v2/standardized_256/plastic/plastic_836.jpg,plastic,plastic,train,standardized_256
data/raw/garbage_v2/standardized_256/plastic/plastic_837.jpg,plastic,plastic,train,standardized_256
data/raw/garbage_v2/standardized_256/plastic/plastic_838.jpg,plastic,plastic,train,standardized_256
data/raw/garbage_v2/standardized_256/plastic/plastic_84.jpg,plastic,plastic,train,standardized_256
data/raw/garbage_v2/standardized_256/plastic/plastic_841.jpg,plastic,plastic,train,standardized_256
data/raw/garbage_v2/standardized_256/plastic/plastic_843.jpg,plastic,plastic,train,standardized_256
data/raw/garbage_v2/standardized_256/plastic/plastic_844.jpg,plastic,plastic,train,standardized_256
data/raw/garbage_v2/standardized_256/plastic/plastic_845.jpg,plastic,plastic,train,standardized_256
data/raw/garbage_v2/standardized_256/plastic/plastic_846.jpg,plastic,plastic,train,standardized_256
data/raw/garbage_v2/standardized_256/plastic/plastic_85.jpg,plastic,plastic,train,standardized_256
data/raw/garbage_v2/standardized_256/plastic/plastic_851.jpg,plastic,plastic,train,standardized_256
data/raw/garbage_v2/standardized_256/plastic/plastic_853.jpg,plastic,plastic,train,standardized_256
data/raw/garbage_v2/standardized_256/plastic/plastic_854.jpg,plastic,plastic,train,standardized_256
data/raw/garbage_v2/standardized_256/plastic/plastic_855.jpg,plastic,plastic,train,standardized_256
data/raw/garbage_v2/standardized_256/plastic/plastic_856.jpg,plastic,plastic,train,standardized_256
data/raw/garbage_v2/standardized_256/plastic/plastic_857.jpg,plastic,plastic,train,standardized_256
data/raw/garbage_v2/standardized_256/plastic/plastic_859.jpg,plastic,plastic,train,standardized_256
data/raw/garbage_v2/standardized_256/plastic/plastic_86.jpg,plastic,plastic,train,standardized_256
data/raw/garbage_v2/standardized_256/plastic/plastic_860.jpg,plastic,plastic,train,standardized_256
data/raw/garbage_v2/standardized_256/plastic/plastic_862.jpg,plastic,plastic,train,standardized_256
data/raw/garbage_v2/standardized_256/plastic/plastic_864.jpg,plastic,plastic,train,standardized_256
data/raw/garbage_v2/standardized_256/plastic/plastic_865.jpg,plastic,plastic,train,standardized_256
data/raw/garbage_v2/standardized_256/plastic/plastic_868.jpg,plastic,plastic,train,standardized_256
data/raw/garbage_v2/standardized_256/plastic/plastic_869.jpg,plastic,plastic,train,standardized_256
data/raw/garbage_v2/standardized_256/plastic/plastic_87.jpg,plastic,plastic,train,standardized_256
data/raw/garbage_v2/standardized_256/plastic/plastic_870.jpg,plastic,plastic,train,standardized_256
data/raw/garbage_v2/standardized_256/plastic/plastic_871.jpg,plastic,plastic,train,standardized_256
data/raw/garbage_v2/standardized_256/plastic/plastic_873.jpg,plastic,plastic,train,standardized_256
data/raw/garbage_v2/standardized_256/plastic/plastic_874.jpg,plastic,plastic,train,standardized_256
data/raw/garbage_v2/standardized_256/plastic/plastic_875.jpg,plastic,plastic,train,standardized_256
data/raw/garbage_v2/standardized_256/plastic/plastic_876.jpg,plastic,plastic,train,standardized_256
data/raw/garbage_v2/standardized_256/plastic/plastic_877.jpg,plastic,plastic,train,standardized_256
data/raw/garbage_v2/standardized_256/plastic/plastic_878.jpg,plastic,plastic,train,standardized_256
data/raw/garbage_v2/standardized_256/plastic/plastic_879.jpg,plastic,plastic,train,standardized_256
data/raw/garbage_v2/standardized_256/plastic/plastic_88.jpg,plastic,plastic,train,standardized_256
data/raw/garbage_v2/standardized_256/plastic/plastic_885.jpg,plastic,plastic,train,standardized_256
data/raw/garbage_v2/standardized_256/plastic/plastic_886.jpg,plastic,plastic,train,standardized_256
data/raw/garbage_v2/standardized_256/plastic/plastic_887.jpg,plastic,plastic,train,standardized_256
data/raw/garbage_v2/standardized_256/plastic/plastic_888.jpg,plastic,plastic,train,standardized_256
data/raw/garbage_v2/standardized_256/plastic/plastic_889.jpg,plastic,plastic,train,standardized_256
data/raw/garbage_v2/standardized_256/plastic/plastic_890.jpg,plastic,plastic,train,standardized_256
data/raw/garbage_v2/standardized_256/plastic/plastic_891.jpg,plastic,plastic,train,standardized_256
data/raw/garbage_v2/standardized_256/plastic/plastic_894.jpg,plastic,plastic,train,standardized_256
data/raw/garbage_v2/standardized_256/plastic/plastic_898.jpg,plastic,plastic,train,standardized_256
data/raw/garbage_v2/standardized_256/plastic/plastic_9.jpg,plastic,plastic,train,standardized_256
data/raw/garbage_v2/standardized_256/plastic/plastic_900.jpg,plastic,plastic,train,standardized_256
data/raw/garbage_v2/standardized_256/plastic/plastic_901.jpg,plastic,plastic,train,standardized_256
data/raw/garbage_v2/standardized_256/plastic/plastic_902.jpg,plastic,plastic,train,standardized_256
data/raw/garbage_v2/standardized_256/plastic/plastic_905.jpg,plastic,plastic,train,standardized_256
data/raw/garbage_v2/standardized_256/plastic/plastic_906.jpg,plastic,plastic,train,standardized_256
data/raw/garbage_v2/standardized_256/plastic/plastic_908.jpg,plastic,plastic,train,standardized_256
data/raw/garbage_v2/standardized_256/plastic/plastic_909.jpg,plastic,plastic,train,standardized_256
data/raw/garbage_v2/standardized_256/plastic/plastic_91.jpg,plastic,plastic,train,standardized_256
data/raw/garbage_v2/standardized_256/plastic/plastic_911.jpg,plastic,plastic,train,standardized_256
data/raw/garbage_v2/standardized_256/plastic/plastic_912.jpg,plastic,plastic,train,standardized_256
data/raw/garbage_v2/standardized_256/plastic/plastic_913.jpg,plastic,plastic,train,standardized_256
data/raw/garbage_v2/standardized_256/plastic/plastic_916.jpg,plastic,plastic,train,standardized_256
data/raw/garbage_v2/standardized_256/plastic/plastic_917.jpg,plastic,plastic,train,standardized_256
data/raw/garbage_v2/standardized_256/plastic/plastic_918.jpg,plastic,plastic,train,standardized_256
data/raw/garbage_v2/standardized_256/plastic/plastic_919.jpg,plastic,plastic,train,standardized_256
data/raw/garbage_v2/standardized_256/plastic/plastic_922.jpg,plastic,plastic,train,standardized_256
data/raw/garbage_v2/standardized_256/plastic/plastic_924.jpg,plastic,plastic,train,standardized_256
data/raw/garbage_v2/standardized_256/plastic/plastic_925.jpg,plastic,plastic,train,standardized_256
data/raw/garbage_v2/standardized_256/plastic/plastic_928.jpg,plastic,plastic,train,standardized_256
data/raw/garbage_v2/standardized_256/plastic/plastic_929.jpg,plastic,plastic,train,standardized_256
data/raw/garbage_v2/standardized_256/plastic/plastic_93.jpg,plastic,plastic,train,standardized_256
data/raw/garbage_v2/standardized_256/plastic/plastic_930.jpg,plastic,plastic,train,standardized_256
data/raw/garbage_v2/standardized_256/plastic/plastic_931.jpg,plastic,plastic,train,standardized_256
data/raw/garbage_v2/standardized_256/plastic/plastic_933.jpg,plastic,plastic,train,standardized_256
data/raw/garbage_v2/standardized_256/plastic/plastic_934.jpg,plastic,plastic,train,standardized_256
data/raw/garbage_v2/standardized_256/plastic/plastic_935.jpg,plastic,plastic,train,standardized_256
data/raw/garbage_v2/standardized_256/plastic/plastic_936.jpg,plastic,plastic,train,standardized_256
data/raw/garbage_v2/standardized_256/plastic/plastic_937.jpg,plastic,plastic,train,standardized_256
data/raw/garbage_v2/standardized_256/plastic/plastic_938.jpg,plastic,plastic,train,standardized_256
data/raw/garbage_v2/standardized_256/plastic/plastic_94.jpg,plastic,plastic,train,standardized_256
data/raw/garbage_v2/standardized_256/plastic/plastic_941.jpg,plastic,plastic,train,standardized_256
data/raw/garbage_v2/standardized_256/plastic/plastic_942.jpg,plastic,plastic,train,standardized_256
data/raw/garbage_v2/standardized_256/plastic/plastic_943.jpg,plastic,plastic,train,standardized_256
data/raw/garbage_v2/standardized_256/plastic/plastic_944.jpg,plastic,plastic,train,standardized_256
data/raw/garbage_v2/standardized_256/plastic/plastic_945.jpg,plastic,plastic,train,standardized_256
data/raw/garbage_v2/standardized_256/plastic/plastic_947.jpg,plastic,plastic,train,standardized_256
data/raw/garbage_v2/standardized_256/plastic/plastic_948.jpg,plastic,plastic,train,standardized_256
data/raw/garbage_v2/standardized_256/plastic/plastic_949.jpg,plastic,plastic,train,standardized_256
data/raw/garbage_v2/standardized_256/plastic/plastic_95.jpg,plastic,plastic,train,standardized_256
data/raw/garbage_v2/standardized_256/plastic/plastic_950.jpg,plastic,plastic,train,standardized_256
data/raw/garbage_v2/standardized_256/plastic/plastic_951.jpg,plastic,plastic,train,standardized_256
data/raw/garbage_v2/standardized_256/plastic/plastic_954.jpg,plastic,plastic,train,standardized_256
data/raw/garbage_v2/standardized_256/plastic/plastic_956.jpg,plastic,plastic,train,standardized_256
data/raw/garbage_v2/standardized_256/plastic/plastic_958.jpg,plastic,plastic,train,standardized_256
data/raw/garbage_v2/standardized_256/plastic/plastic_959.jpg,plastic,plastic,train,standardized_256
data/raw/garbage_v2/standardized_256/plastic/plastic_96.jpg,plastic,plastic,train,standardized_256
data/raw/garbage_v2/standardized_256/plastic/plastic_961.jpg,plastic,plastic,train,standardized_256
data/raw/garbage_v2/standardized_256/plastic/plastic_962.jpg,plastic,plastic,train,standardized_256
data/raw/garbage_v2/standardized_256/plastic/plastic_963.jpg,plastic,plastic,train,standardized_256
data/raw/garbage_v2/standardized_256/plastic/plastic_964.jpg,plastic,plastic,train,standardized_256
data/raw/garbage_v2/standardized_256/plastic/plastic_965.jpg,plastic,plastic,train,standardized_256
data/raw/garbage_v2/standardized_256/plastic/plastic_966.jpg,plastic,plastic,train,standardized_256
data/raw/garbage_v2/standardized_256/plastic/plastic_967.jpg,plastic,plastic,train,standardized_256
data/raw/garbage_v2/standardized_256/plastic/plastic_969.jpg,plastic,plastic,train,standardized_256
data/raw/garbage_v2/standardized_256/plastic/plastic_97.jpg,plastic,plastic,train,standardized_256
data/raw/garbage_v2/standardized_256/plastic/plastic_970.jpg,plastic,plastic,train,standardized_256
data/raw/garbage_v2/standardized_256/plastic/plastic_972.jpg,plastic,plastic,train,standardized_256
data/raw/garbage_v2/standardized_256/plastic/plastic_974.jpg,plastic,plastic,train,standardized_256
data/raw/garbage_v2/standardized_256/plastic/plastic_975.jpg,plastic,plastic,train,standardized_256
data/raw/garbage_v2/standardized_256/plastic/plastic_976.jpg,plastic,plastic,train,standardized_256
data/raw/garbage_v2/standardized_256/plastic/plastic_977.jpg,plastic,plastic,train,standardized_256
data/raw/garbage_v2/standardized_256/plastic/plastic_978.jpg,plastic,plastic,train,standardized_256
data/raw/garbage_v2/standardized_256/plastic/plastic_981.jpg,plastic,plastic,train,standardized_256
data/raw/garbage_v2/standardized_256/plastic/plastic_982.jpg,plastic,plastic,train,standardized_256
data/raw/garbage_v2/standardized_256/plastic/plastic_983.jpg,plastic,plastic,train,standardized_256
data/raw/garbage_v2/standardized_256/plastic/plastic_984.jpg,plastic,plastic,train,standardized_256
data/raw/garbage_v2/standardized_256/plastic/plastic_986.jpg,plastic,plastic,train,standardized_256
data/raw/garbage_v2/standardized_256/plastic/plastic_987.jpg,plastic,plastic,train,standardized_256
data/raw/garbage_v2/standardized_256/plastic/plastic_988.jpg,plastic,plastic,train,standardized_256
data/raw/garbage_v2/standardized_256/plastic/plastic_99.jpg,plastic,plastic,train,standardized_256
data/raw/garbage_v2/standardized_256/plastic/plastic_991.jpg,plastic,plastic,train,standardized_256
data/raw/garbage_v2/standardized_256/plastic/plastic_993.jpg,plastic,plastic,train,standardized_256
data/raw/garbage_v2/standardized_256/plastic/plastic_994.jpg,plastic,plastic,train,standardized_256
data/raw/garbage_v2/standardized_256/plastic/plastic_995.jpg,plastic,plastic,train,standardized_256
data/raw/garbage_v2/standardized_256/plastic/plastic_996.jpg,plastic,plastic,train,standardized_256
data/raw/garbage_v2/standardized_256/plastic/plastic_997.jpg,plastic,plastic,train,standardized_256
data/raw/garbage_v2/standardized_256/battery/battery_10.jpg,battery,trash_other,train,standardized_256
data/raw/garbage_v2/standardized_256/battery/battery_100.jpg,battery,trash_other,train,standardized_256
data/raw/garbage_v2/standardized_256/battery/battery_102.jpg,battery,trash_other,train,standardized_256
data/raw/garbage_v2/standardized_256/battery/battery_103.jpg,battery,trash_other,train,standardized_256
data/raw/garbage_v2/standardized_256/battery/battery_106.jpg,battery,trash_other,train,standardized_256
data/raw/garbage_v2/standardized_256/battery/battery_107.jpg,battery,trash_other,train,standardized_256
data/raw/garbage_v2/standardized_256/battery/battery_108.jpg,battery,trash_other,train,standardized_256
data/raw/garbage_v2/standardized_256/battery/battery_11.jpg,battery,trash_other,train,standardized_256
data/raw/garbage_v2/standardized_256/battery/battery_110.jpg,battery,trash_other,train,standardized_256
data/raw/garbage_v2/standardized_256/battery/battery_111.jpg,battery,trash_other,train,standardized_256
data/raw/garbage_v2/standardized_256/battery/battery_112.jpg,battery,trash_other,train,standardized_256
data/raw/garbage_v2/standardized_256/battery/battery_113.jpg,battery,trash_other,train,standardized_256
data/raw/garbage_v2/standardized_256/battery/battery_114.jpg,battery,trash_other,train,standardized_256
data/raw/garbage_v2/standardized_256/battery/battery_115.jpg,battery,trash_other,train,standardized_256
data/raw/garbage_v2/standardized_256/battery/battery_117.jpg,battery,trash_other,train,standardized_256
data/raw/garbage_v2/standardized_256/battery/battery_119.jpg,battery,trash_other,train,standardized_256
data/raw/garbage_v2/standardized_256/battery/battery_12.jpg,battery,trash_other,train,standardized_256
data/raw/garbage_v2/standardized_256/battery/battery_120.jpg,battery,trash_other,train,standardized_256
data/raw/garbage_v2/standardized_256/battery/battery_122.jpg,battery,trash_other,train,standardized_256
data/raw/garbage_v2/standardized_256/battery/battery_124.jpg,battery,trash_other,train,standardized_256
data/raw/garbage_v2/standardized_256/battery/battery_125.jpg,battery,trash_other,train,standardized_256
data/raw/garbage_v2/standardized_256/battery/battery_127.jpg,battery,trash_other,train,standardized_256
data/raw/garbage_v2/standardized_256/battery/battery_129.jpg,battery,trash_other,train,standardized_256
data/raw/garbage_v2/standardized_256/battery/battery_13.jpg,battery,trash_other,train,standardized_256
data/raw/garbage_v2/standardized_256/battery/battery_130.jpg,battery,trash_other,train,standardized_256
data/raw/garbage_v2/standardized_256/battery/battery_131.jpg,battery,trash_other,train,standardized_256
data/raw/garbage_v2/standardized_256/battery/battery_132.jpg,battery,trash_other,train,standardized_256
data/raw/garbage_v2/standardized_256/battery/battery_133.jpg,battery,trash_other,train,standardized_256
data/raw/garbage_v2/standardized_256/battery/battery_134.jpg,battery,trash_other,train,standardized_256
data/raw/garbage_v2/standardized_256/battery/battery_135.jpg,battery,trash_other,train,standardized_256
data/raw/garbage_v2/standardized_256/battery/battery_136.jpg,battery,trash_other,train,standardized_256
data/raw/garbage_v2/standardized_256/battery/battery_137.jpg,battery,trash_other,train,standardized_256
data/raw/garbage_v2/standardized_256/battery/battery_138.jpg,battery,trash_other,train,standardized_256
data/raw/garbage_v2/standardized_256/battery/battery_14.jpg,battery,trash_other,train,standardized_256
data/raw/garbage_v2/standardized_256/battery/battery_141.jpg,battery,trash_other,train,standardized_256
data/raw/garbage_v2/standardized_256/battery/battery_143.jpg,battery,trash_other,train,standardized_256
data/raw/garbage_v2/standardized_256/battery/battery_144.jpg,battery,trash_other,train,standardized_256
data/raw/garbage_v2/standardized_256/battery/battery_145.jpg,battery,trash_other,train,standardized_256
data/raw/garbage_v2/standardized_256/battery/battery_146.jpg,battery,trash_other,train,standardized_256
data/raw/garbage_v2/standardized_256/battery/battery_147.jpg,battery,trash_other,train,standardized_256
data/raw/garbage_v2/standardized_256/battery/battery_148.jpg,battery,trash_other,train,standardized_256
data/raw/garbage_v2/standardized_256/battery/battery_149.jpg,battery,trash_other,train,standardized_256
data/raw/garbage_v2/standardized_256/battery/battery_15.jpg,battery,trash_other,train,standardized_256
data/raw/garbage_v2/standardized_256/battery/battery_151.jpg,battery,trash_other,train,standardized_256
data/raw/garbage_v2/standardized_256/battery/battery_154.jpg,battery,trash_other,train,standardized_256
data/raw/garbage_v2/standardized_256/battery/battery_155.jpg,battery,trash_other,train,standardized_256
data/raw/garbage_v2/standardized_256/battery/battery_156.jpg,battery,trash_other,train,standardized_256
data/raw/garbage_v2/standardized_256/battery/battery_157.jpg,battery,trash_other,train,standardized_256
data/raw/garbage_v2/standardized_256/battery/battery_159.jpg,battery,trash_other,train,standardized_256
data/raw/garbage_v2/standardized_256/battery/battery_160.jpg,battery,trash_other,train,standardized_256
data/raw/garbage_v2/standardized_256/battery/battery_166.jpg,battery,trash_other,train,standardized_256
data/raw/garbage_v2/standardized_256/battery/battery_167.jpg,battery,trash_other,train,standardized_256
data/raw/garbage_v2/standardized_256/battery/battery_168.jpg,battery,trash_other,train,standardized_256
data/raw/garbage_v2/standardized_256/battery/battery_169.jpg,battery,trash_other,train,standardized_256
data/raw/garbage_v2/standardized_256/battery/battery_17.jpg,battery,trash_other,train,standardized_256
data/raw/garbage_v2/standardized_256/battery/battery_170.jpg,battery,trash_other,train,standardized_256
data/raw/garbage_v2/standardized_256/battery/battery_173.jpg,battery,trash_other,train,standardized_256
data/raw/garbage_v2/standardized_256/battery/battery_174.jpg,battery,trash_other,train,standardized_256
data/raw/garbage_v2/standardized_256/battery/battery_175.jpg,battery,trash_other,train,standardized_256
data/raw/garbage_v2/standardized_256/battery/battery_176.jpg,battery,trash_other,train,standardized_256
data/raw/garbage_v2/standardized_256/battery/battery_177.jpg,battery,trash_other,train,standardized_256
data/raw/garbage_v2/standardized_256/battery/battery_179.jpg,battery,trash_other,train,standardized_256
data/raw/garbage_v2/standardized_256/battery/battery_180.jpg,battery,trash_other,train,standardized_256
data/raw/garbage_v2/standardized_256/battery/battery_181.jpg,battery,trash_other,train,standardized_256
data/raw/garbage_v2/standardized_256/battery/battery_182.jpg,battery,trash_other,train,standardized_256
data/raw/garbage_v2/standardized_256/battery/battery_187.jpg,battery,trash_other,train,standardized_256
data/raw/garbage_v2/standardized_256/battery/battery_188.jpg,battery,trash_other,train,standardized_256
data/raw/garbage_v2/standardized_256/battery/battery_19.jpg,battery,trash_other,train,standardized_256
data/raw/garbage_v2/standardized_256/battery/battery_190.jpg,battery,trash_other,train,standardized_256
data/raw/garbage_v2/standardized_256/battery/battery_191.jpg,battery,trash_other,train,standardized_256
data/raw/garbage_v2/standardized_256/battery/battery_194.jpg,battery,trash_other,train,standardized_256
data/raw/garbage_v2/standardized_256/battery/battery_195.jpg,battery,trash_other,train,standardized_256
data/raw/garbage_v2/standardized_256/battery/battery_196.jpg,battery,trash_other,train,standardized_256
data/raw/garbage_v2/standardized_256/battery/battery_198.jpg,battery,trash_other,train,standardized_256
data/raw/garbage_v2/standardized_256/battery/battery_199.jpg,battery,trash_other,train,standardized_256
data/raw/garbage_v2/standardized_256/battery/battery_2.jpg,battery,trash_other,train,standardized_256
data/raw/garbage_v2/standardized_256/battery/battery_200.jpg,battery,trash_other,train,standardized_256
data/raw/garbage_v2/standardized_256/battery/battery_202.jpg,battery,trash_other,train,standardized_256
data/raw/garbage_v2/standardized_256/battery/battery_203.jpg,battery,trash_other,train,standardized_256
data/raw/garbage_v2/standardized_256/battery/battery_205.jpg,battery,trash_other,train,standardized_256
data/raw/garbage_v2/standardized_256/battery/battery_206.jpg,battery,trash_other,train,standardized_256
data/raw/garbage_v2/standardized_256/battery/battery_207.jpg,battery,trash_other,train,standardized_256
data/raw/garbage_v2/standardized_256/battery/battery_208.jpg,battery,trash_other,train,standardized_256
data/raw/garbage_v2/standardized_256/battery/battery_209.jpg,battery,trash_other,train,standardized_256
data/raw/garbage_v2/standardized_256/battery/battery_210.jpg,battery,trash_other,train,standardized_256
data/raw/garbage_v2/standardized_256/battery/battery_211.jpg,battery,trash_other,train,standardized_256
data/raw/garbage_v2/standardized_256/battery/battery_212.jpg,battery,trash_other,train,standardized_256
data/raw/garbage_v2/standardized_256/battery/battery_215.jpg,battery,trash_other,train,standardized_256
data/raw/garbage_v2/standardized_256/battery/battery_216.jpg,battery,trash_other,train,standardized_256
data/raw/garbage_v2/standardized_256/battery/battery_218.jpg,battery,trash_other,train,standardized_256
data/raw/garbage_v2/standardized_256/battery/battery_219.jpg,battery,trash_other,train,standardized_256
data/raw/garbage_v2/standardized_256/battery/battery_22.jpg,battery,trash_other,train,standardized_256
data/raw/garbage_v2/standardized_256/battery/battery_221.jpg,battery,trash_other,train,standardized_256
data/raw/garbage_v2/standardized_256/battery/battery_222.jpg,battery,trash_other,train,standardized_256
data/raw/garbage_v2/standardized_256/battery/battery_223.jpg,battery,trash_other,train,standardized_256
data/raw/garbage_v2/standardized_256/battery/battery_224.jpg,battery,trash_other,train,standardized_256
data/raw/garbage_v2/standardized_256/battery/battery_225.jpg,battery,trash_other,train,standardized_256
data/raw/garbage_v2/standardized_256/battery/battery_228.jpg,battery,trash_other,train,standardized_256
data/raw/garbage_v2/standardized_256/battery/battery_229.jpg,battery,trash_other,train,standardized_256
data/raw/garbage_v2/standardized_256/battery/battery_23.jpg,battery,trash_other,train,standardized_256
data/raw/garbage_v2/standardized_256/battery/battery_231.jpg,battery,trash_other,train,standardized_256
data/raw/garbage_v2/standardized_256/battery/battery_232.jpg,battery,trash_other,train,standardized_256
data/raw/garbage_v2/standardized_256/battery/battery_233.jpg,battery,trash_other,train,standardized_256
data/raw/garbage_v2/standardized_256/battery/battery_234.jpg,battery,trash_other,train,standardized_256
data/raw/garbage_v2/standardized_256/battery/battery_235.jpg,battery,trash_other,train,standardized_256
data/raw/garbage_v2/standardized_256/battery/battery_236.jpg,battery,trash_other,train,standardized_256
data/raw/garbage_v2/standardized_256/battery/battery_237.jpg,battery,trash_other,train,standardized_256
data/raw/garbage_v2/standardized_256/battery/battery_238.jpg,battery,trash_other,train,standardized_256
data/raw/garbage_v2/standardized_256/battery/battery_239.jpg,battery,trash_other,train,standardized_256
data/raw/garbage_v2/standardized_256/battery/battery_240.jpg,battery,trash_other,train,standardized_256
data/raw/garbage_v2/standardized_256/battery/battery_241.jpg,battery,trash_other,train,standardized_256
data/raw/garbage_v2/standardized_256/battery/battery_243.jpg,battery,trash_other,train,standardized_256
data/raw/garbage_v2/standardized_256/battery/battery_245.jpg,battery,trash_other,train,standardized_256
data/raw/garbage_v2/standardized_256/battery/battery_247.jpg,battery,trash_other,train,standardized_256
data/raw/garbage_v2/standardized_256/battery/battery_250.jpg,battery,trash_other,train,standardized_256
data/raw/garbage_v2/standardized_256/battery/battery_252.jpg,battery,trash_other,train,standardized_256
data/raw/garbage_v2/standardized_256/battery/battery_253.jpg,battery,trash_other,train,standardized_256
data/raw/garbage_v2/standardized_256/battery/battery_254.jpg,battery,trash_other,train,standardized_256
data/raw/garbage_v2/standardized_256/battery/battery_255.jpg,battery,trash_other,train,standardized_256
data/raw/garbage_v2/standardized_256/battery/battery_256.jpg,battery,trash_other,train,standardized_256
data/raw/garbage_v2/standardized_256/battery/battery_258.jpg,battery,trash_other,train,standardized_256
data/raw/garbage_v2/standardized_256/battery/battery_259.jpg,battery,trash_other,train,standardized_256
data/raw/garbage_v2/standardized_256/battery/battery_26.jpg,battery,trash_other,train,standardized_256
data/raw/garbage_v2/standardized_256/battery/battery_260.jpg,battery,trash_other,train,standardized_256
data/raw/garbage_v2/standardized_256/battery/battery_261.jpg,battery,trash_other,train,standardized_256
data/raw/garbage_v2/standardized_256/battery/battery_262.jpg,battery,trash_other,train,standardized_256
data/raw/garbage_v2/standardized_256/battery/battery_264.jpg,battery,trash_other,train,standardized_256
data/raw/garbage_v2/standardized_256/battery/battery_265.jpg,battery,trash_other,train,standardized_256
data/raw/garbage_v2/standardized_256/battery/battery_266.jpg,battery,trash_other,train,standardized_256
data/raw/garbage_v2/standardized_256/battery/battery_267.jpg,battery,trash_other,train,standardized_256
data/raw/garbage_v2/standardized_256/battery/battery_268.jpg,battery,trash_other,train,standardized_256
data/raw/garbage_v2/standardized_256/battery/battery_269.jpg,battery,trash_other,train,standardized_256
data/raw/garbage_v2/standardized_256/battery/battery_27.jpg,battery,trash_other,train,standardized_256
data/raw/garbage_v2/standardized_256/battery/battery_270.jpg,battery,trash_other,train,standardized_256
data/raw/garbage_v2/standardized_256/battery/battery_271.jpg,battery,trash_other,train,standardized_256
data/raw/garbage_v2/standardized_256/battery/battery_272.jpg,battery,trash_other,train,standardized_256
data/raw/garbage_v2/standardized_256/battery/battery_273.jpg,battery,trash_other,train,standardized_256
data/raw/garbage_v2/standardized_256/battery/battery_275.jpg,battery,trash_other,train,standardized_256
data/raw/garbage_v2/standardized_256/battery/battery_277.jpg,battery,trash_other,train,standardized_256
data/raw/garbage_v2/standardized_256/battery/battery_278.jpg,battery,trash_other,train,standardized_256
data/raw/garbage_v2/standardized_256/battery/battery_279.jpg,battery,trash_other,train,standardized_256
data/raw/garbage_v2/standardized_256/battery/battery_28.jpg,battery,trash_other,train,standardized_256
data/raw/garbage_v2/standardized_256/battery/battery_280.jpg,battery,trash_other,train,standardized_256
data/raw/garbage_v2/standardized_256/battery/battery_281.jpg,battery,trash_other,train,standardized_256
data/raw/garbage_v2/standardized_256/battery/battery_283.jpg,battery,trash_other,train,standardized_256
data/raw/garbage_v2/standardized_256/battery/battery_285.jpg,battery,trash_other,train,standardized_256
data/raw/garbage_v2/standardized_256/battery/battery_286.jpg,battery,trash_other,train,standardized_256
data/raw/garbage_v2/standardized_256/battery/battery_287.jpg,battery,trash_other,train,standardized_256
data/raw/garbage_v2/standardized_256/battery/battery_288.jpg,battery,trash_other,train,standardized_256
data/raw/garbage_v2/standardized_256/battery/battery_289.jpg,battery,trash_other,train,standardized_256
data/raw/garbage_v2/standardized_256/battery/battery_29.jpg,battery,trash_other,train,standardized_256
data/raw/garbage_v2/standardized_256/battery/battery_290.jpg,battery,trash_other,train,standardized_256
data/raw/garbage_v2/standardized_256/battery/battery_291.jpg,battery,trash_other,train,standardized_256
data/raw/garbage_v2/standardized_256/battery/battery_293.jpg,battery,trash_other,train,standardized_256
data/raw/garbage_v2/standardized_256/battery/battery_296.jpg,battery,trash_other,train,standardized_256
data/raw/garbage_v2/standardized_256/battery/battery_299.jpg,battery,trash_other,train,standardized_256
data/raw/garbage_v2/standardized_256/battery/battery_3.jpg,battery,trash_other,train,standardized_256
data/raw/garbage_v2/standardized_256/battery/battery_302.jpg,battery,trash_other,train,standardized_256
data/raw/garbage_v2/standardized_256/battery/battery_303.jpg,battery,trash_other,train,standardized_256
data/raw/garbage_v2/standardized_256/battery/battery_305.jpg,battery,trash_other,train,standardized_256
data/raw/garbage_v2/standardized_256/battery/battery_307.jpg,battery,trash_other,train,standardized_256
data/raw/garbage_v2/standardized_256/battery/battery_308.jpg,battery,trash_other,train,standardized_256
data/raw/garbage_v2/standardized_256/battery/battery_311.jpg,battery,trash_other,train,standardized_256
data/raw/garbage_v2/standardized_256/battery/battery_312.jpg,battery,trash_other,train,standardized_256
data/raw/garbage_v2/standardized_256/battery/battery_314.jpg,battery,trash_other,train,standardized_256
data/raw/garbage_v2/standardized_256/battery/battery_315.jpg,battery,trash_other,train,standardized_256
data/raw/garbage_v2/standardized_256/battery/battery_316.jpg,battery,trash_other,train,standardized_256
data/raw/garbage_v2/standardized_256/battery/battery_317.jpg,battery,trash_other,train,standardized_256
data/raw/garbage_v2/standardized_256/battery/battery_319.jpg,battery,trash_other,train,standardized_256
data/raw/garbage_v2/standardized_256/battery/battery_321.jpg,battery,trash_other,train,standardized_256
data/raw/garbage_v2/standardized_256/battery/battery_323.jpg,battery,trash_other,train,standardized_256
data/raw/garbage_v2/standardized_256/battery/battery_325.jpg,battery,trash_other,train,standardized_256
data/raw/garbage_v2/standardized_256/battery/battery_328.jpg,battery,trash_other,train,standardized_256
data/raw/garbage_v2/standardized_256/battery/battery_329.jpg,battery,trash_other,train,standardized_256
data/raw/garbage_v2/standardized_256/battery/battery_33.jpg,battery,trash_other,train,standardized_256
data/raw/garbage_v2/standardized_256/battery/battery_331.jpg,battery,trash_other,train,standardized_256
data/raw/garbage_v2/standardized_256/battery/battery_332.jpg,battery,trash_other,train,standardized_256
data/raw/garbage_v2/standardized_256/battery/battery_333.jpg,battery,trash_other,train,standardized_256
data/raw/garbage_v2/standardized_256/battery/battery_334.jpg,battery,trash_other,train,standardized_256
data/raw/garbage_v2/standardized_256/battery/battery_335.jpg,battery,trash_other,train,standardized_256
data/raw/garbage_v2/standardized_256/battery/battery_336.jpg,battery,trash_other,train,standardized_256
data/raw/garbage_v2/standardized_256/battery/battery_337.jpg,battery,trash_other,train,standardized_256
data/raw/garbage_v2/standardized_256/battery/battery_338.jpg,battery,trash_other,train,standardized_256
data/raw/garbage_v2/standardized_256/battery/battery_339.jpg,battery,trash_other,train,standardized_256
data/raw/garbage_v2/standardized_256/battery/battery_34.jpg,battery,trash_other,train,standardized_256
data/raw/garbage_v2/standardized_256/battery/battery_340.jpg,battery,trash_other,train,standardized_256
data/raw/garbage_v2/standardized_256/battery/battery_344.jpg,battery,trash_other,train,standardized_256
data/raw/garbage_v2/standardized_256/battery/battery_347.jpg,battery,trash_other,train,standardized_256
data/raw/garbage_v2/standardized_256/battery/battery_349.jpg,battery,trash_other,train,standardized_256
data/raw/garbage_v2/standardized_256/battery/battery_35.jpg,battery,trash_other,train,standardized_256
data/raw/garbage_v2/standardized_256/battery/battery_350.jpg,battery,trash_other,train,standardized_256
data/raw/garbage_v2/standardized_256/battery/battery_351.jpg,battery,trash_other,train,standardized_256
data/raw/garbage_v2/standardized_256/battery/battery_353.jpg,battery,trash_other,train,standardized_256
data/raw/garbage_v2/standardized_256/battery/battery_354.jpg,battery,trash_other,train,standardized_256
data/raw/garbage_v2/standardized_256/battery/battery_357.jpg,battery,trash_other,train,standardized_256
data/raw/garbage_v2/standardized_256/battery/battery_358.jpg,battery,trash_other,train,standardized_256
data/raw/garbage_v2/standardized_256/battery/battery_359.jpg,battery,trash_other,train,standardized_256
data/raw/garbage_v2/standardized_256/battery/battery_36.jpg,battery,trash_other,train,standardized_256
data/raw/garbage_v2/standardized_256/battery/battery_360.jpg,battery,trash_other,train,standardized_256
data/raw/garbage_v2/standardized_256/battery/battery_361.jpg,battery,trash_other,train,standardized_256
data/raw/garbage_v2/standardized_256/battery/battery_362.jpg,battery,trash_other,train,standardized_256
data/raw/garbage_v2/standardized_256/battery/battery_363.jpg,battery,trash_other,train,standardized_256
data/raw/garbage_v2/standardized_256/battery/battery_364.jpg,battery,trash_other,train,standardized_256
data/raw/garbage_v2/standardized_256/battery/battery_365.jpg,battery,trash_other,train,standardized_256
data/raw/garbage_v2/standardized_256/battery/battery_367.jpg,battery,trash_other,train,standardized_256
data/raw/garbage_v2/standardized_256/battery/battery_368.jpg,battery,trash_other,train,standardized_256
data/raw/garbage_v2/standardized_256/battery/battery_369.jpg,battery,trash_other,train,standardized_256
data/raw/garbage_v2/standardized_256/battery/battery_370.jpg,battery,trash_other,train,standardized_256
data/raw/garbage_v2/standardized_256/battery/battery_371.jpg,battery,trash_other,train,standardized_256
data/raw/garbage_v2/standardized_256/battery/battery_372.jpg,battery,trash_other,train,standardized_256
data/raw/garbage_v2/standardized_256/battery/battery_373.jpg,battery,trash_other,train,standardized_256
data/raw/garbage_v2/standardized_256/battery/battery_375.jpg,battery,trash_other,train,standardized_256
data/raw/garbage_v2/standardized_256/battery/battery_376.jpg,battery,trash_other,train,standardized_256
data/raw/garbage_v2/standardized_256/battery/battery_377.jpg,battery,trash_other,train,standardized_256
data/raw/garbage_v2/standardized_256/battery/battery_378.jpg,battery,trash_other,train,standardized_256
data/raw/garbage_v2/standardized_256/battery/battery_379.jpg,battery,trash_other,train,standardized_256
data/raw/garbage_v2/standardized_256/battery/battery_38.jpg,battery,trash_other,train,standardized_256
data/raw/garbage_v2/standardized_256/battery/battery_380.jpg,battery,trash_other,train,standardized_256
data/raw/garbage_v2/standardized_256/battery/battery_381.jpg,battery,trash_other,train,standardized_256
data/raw/garbage_v2/standardized_256/battery/battery_383.jpg,battery,trash_other,train,standardized_256
data/raw/garbage_v2/standardized_256/battery/battery_384.jpg,battery,trash_other,train,standardized_256
data/raw/garbage_v2/standardized_256/battery/battery_385.jpg,battery,trash_other,train,standardized_256
data/raw/garbage_v2/standardized_256/battery/battery_386.jpg,battery,trash_other,train,standardized_256
data/raw/garbage_v2/standardized_256/battery/battery_388.jpg,battery,trash_other,train,standardized_256
data/raw/garbage_v2/standardized_256/battery/battery_389.jpg,battery,trash_other,train,standardized_256
data/raw/garbage_v2/standardized_256/battery/battery_391.jpg,battery,trash_other,train,standardized_256
data/raw/garbage_v2/standardized_256/battery/battery_392.jpg,battery,trash_other,train,standardized_256
data/raw/garbage_v2/standardized_256/battery/battery_393.jpg,battery,trash_other,train,standardized_256
data/raw/garbage_v2/standardized_256/battery/battery_394.jpg,battery,trash_other,train,standardized_256
data/raw/garbage_v2/standardized_256/battery/battery_395.jpg,battery,trash_other,train,standardized_256
data/raw/garbage_v2/standardized_256/battery/battery_396.jpg,battery,trash_other,train,standardized_256
data/raw/garbage_v2/standardized_256/battery/battery_397.jpg,battery,trash_other,train,standardized_256
data/raw/garbage_v2/standardized_256/battery/battery_4.jpg,battery,trash_other,train,standardized_256
data/raw/garbage_v2/standardized_256/battery/battery_40.jpg,battery,trash_other,train,standardized_256
data/raw/garbage_v2/standardized_256/battery/battery_400.jpg,battery,trash_other,train,standardized_256
data/raw/garbage_v2/standardized_256/battery/battery_401.jpg,battery,trash_other,train,standardized_256
data/raw/garbage_v2/standardized_256/battery/battery_402.jpg,battery,trash_other,train,standardized_256
data/raw/garbage_v2/standardized_256/battery/battery_404.jpg,battery,trash_other,train,standardized_256
data/raw/garbage_v2/standardized_256/battery/battery_405.jpg,battery,trash_other,train,standardized_256
data/raw/garbage_v2/standardized_256/battery/battery_406.jpg,battery,trash_other,train,standardized_256
data/raw/garbage_v2/standardized_256/battery/battery_407.jpg,battery,trash_other,train,standardized_256
data/raw/garbage_v2/standardized_256/battery/battery_408.jpg,battery,trash_other,train,standardized_256
data/raw/garbage_v2/standardized_256/battery/battery_41.jpg,battery,trash_other,train,standardized_256
data/raw/garbage_v2/standardized_256/battery/battery_411.jpg,battery,trash_other,train,standardized_256
data/raw/garbage_v2/standardized_256/battery/battery_413.jpg,battery,trash_other,train,standardized_256
data/raw/garbage_v2/standardized_256/battery/battery_414.jpg,battery,trash_other,train,standardized_256
data/raw/garbage_v2/standardized_256/battery/battery_415.jpg,battery,trash_other,train,standardized_256
data/raw/garbage_v2/standardized_256/battery/battery_417.jpg,battery,trash_other,train,standardized_256
data/raw/garbage_v2/standardized_256/battery/battery_418.jpg,battery,trash_other,train,standardized_256
data/raw/garbage_v2/standardized_256/battery/battery_419.jpg,battery,trash_other,train,standardized_256
data/raw/garbage_v2/standardized_256/battery/battery_42.jpg,battery,trash_other,train,standardized_256
data/raw/garbage_v2/standardized_256/battery/battery_420.jpg,battery,trash_other,train,standardized_256
data/raw/garbage_v2/standardized_256/battery/battery_421.jpg,battery,trash_other,train,standardized_256
data/raw/garbage_v2/standardized_256/battery/battery_422.jpg,battery,trash_other,train,standardized_256
data/raw/garbage_v2/standardized_256/battery/battery_423.jpg,battery,trash_other,train,standardized_256
data/raw/garbage_v2/standardized_256/battery/battery_424.jpg,battery,trash_other,train,standardized_256
data/raw/garbage_v2/standardized_256/battery/battery_427.jpg,battery,trash_other,train,standardized_256
data/raw/garbage_v2/standardized_256/battery/battery_428.jpg,battery,trash_other,train,standardized_256
data/raw/garbage_v2/standardized_256/battery/battery_429.jpg,battery,trash_other,train,standardized_256
data/raw/garbage_v2/standardized_256/battery/battery_430.jpg,battery,trash_other,train,standardized_256
data/raw/garbage_v2/standardized_256/battery/battery_431.jpg,battery,trash_other,train,standardized_256
data/raw/garbage_v2/standardized_256/battery/battery_434.jpg,battery,trash_other,train,standardized_256
data/raw/garbage_v2/standardized_256/battery/battery_436.jpg,battery,trash_other,train,standardized_256
data/raw/garbage_v2/standardized_256/battery/battery_437.jpg,battery,trash_other,train,standardized_256
data/raw/garbage_v2/standardized_256/battery/battery_438.jpg,battery,trash_other,train,standardized_256
data/raw/garbage_v2/standardized_256/battery/battery_439.jpg,battery,trash_other,train,standardized_256
data/raw/garbage_v2/standardized_256/battery/battery_44.jpg,battery,trash_other,train,standardized_256
data/raw/garbage_v2/standardized_256/battery/battery_441.jpg,battery,trash_other,train,standardized_256
data/raw/garbage_v2/standardized_256/battery/battery_442.jpg,battery,trash_other,train,standardized_256
data/raw/garbage_v2/standardized_256/battery/battery_444.jpg,battery,trash_other,train,standardized_256
data/raw/garbage_v2/standardized_256/battery/battery_445.jpg,battery,trash_other,train,standardized_256
data/raw/garbage_v2/standardized_256/battery/battery_446.jpg,battery,trash_other,train,standardized_256
data/raw/garbage_v2/standardized_256/battery/battery_447.jpg,battery,trash_other,train,standardized_256
data/raw/garbage_v2/standardized_256/battery/battery_451.jpg,battery,trash_other,train,standardized_256
data/raw/garbage_v2/standardized_256/battery/battery_452.jpg,battery,trash_other,train,standardized_256
data/raw/garbage_v2/standardized_256/battery/battery_453.jpg,battery,trash_other,train,standardized_256
data/raw/garbage_v2/standardized_256/battery/battery_455.jpg,battery,trash_other,train,standardized_256
data/raw/garbage_v2/standardized_256/battery/battery_456.jpg,battery,trash_other,train,standardized_256
data/raw/garbage_v2/standardized_256/battery/battery_457.jpg,battery,trash_other,train,standardized_256
data/raw/garbage_v2/standardized_256/battery/battery_458.jpg,battery,trash_other,train,standardized_256
data/raw/garbage_v2/standardized_256/battery/battery_459.jpg,battery,trash_other,train,standardized_256
data/raw/garbage_v2/standardized_256/battery/battery_46.jpg,battery,trash_other,train,standardized_256
data/raw/garbage_v2/standardized_256/battery/battery_460.jpg,battery,trash_other,train,standardized_256
data/raw/garbage_v2/standardized_256/battery/battery_461.jpg,battery,trash_other,train,standardized_256
data/raw/garbage_v2/standardized_256/battery/battery_462.jpg,battery,trash_other,train,standardized_256
data/raw/garbage_v2/standardized_256/battery/battery_463.jpg,battery,trash_other,train,standardized_256
data/raw/garbage_v2/standardized_256/battery/battery_465.jpg,battery,trash_other,train,standardized_256
data/raw/garbage_v2/standardized_256/battery/battery_466.jpg,battery,trash_other,train,standardized_256
data/raw/garbage_v2/standardized_256/battery/battery_468.jpg,battery,trash_other,train,standardized_256
data/raw/garbage_v2/standardized_256/battery/battery_47.jpg,battery,trash_other,train,standardized_256
data/raw/garbage_v2/standardized_256/battery/battery_470.jpg,battery,trash_other,train,standardized_256
data/raw/garbage_v2/standardized_256/battery/battery_471.jpg,battery,trash_other,train,standardized_256
data/raw/garbage_v2/standardized_256/battery/battery_472.jpg,battery,trash_other,train,standardized_256
data/raw/garbage_v2/standardized_256/battery/battery_473.jpg,battery,trash_other,train,standardized_256
data/raw/garbage_v2/standardized_256/battery/battery_475.jpg,battery,trash_other,train,standardized_256
data/raw/garbage_v2/standardized_256/battery/battery_476.jpg,battery,trash_other,train,standardized_256
data/raw/garbage_v2/standardized_256/battery/battery_477.jpg,battery,trash_other,train,standardized_256
data/raw/garbage_v2/standardized_256/battery/battery_478.jpg,battery,trash_other,train,standardized_256
data/raw/garbage_v2/standardized_256/battery/battery_479.jpg,battery,trash_other,train,standardized_256
data/raw/garbage_v2/standardized_256/battery/battery_48.jpg,battery,trash_other,train,standardized_256
data/raw/garbage_v2/standardized_256/battery/battery_480.jpg,battery,trash_other,train,standardized_256
data/raw/garbage_v2/standardized_256/battery/battery_481.jpg,battery,trash_other,train,standardized_256
data/raw/garbage_v2/standardized_256/battery/battery_482.jpg,battery,trash_other,train,standardized_256
data/raw/garbage_v2/standardized_256/battery/battery_483.jpg,battery,trash_other,train,standardized_256
data/raw/garbage_v2/standardized_256/battery/battery_484.jpg,battery,trash_other,train,standardized_256
data/raw/garbage_v2/standardized_256/battery/battery_485.jpg,battery,trash_other,train,standardized_256
data/raw/garbage_v2/standardized_256/battery/battery_487.jpg,battery,trash_other,train,standardized_256
data/raw/garbage_v2/standardized_256/battery/battery_488.jpg,battery,trash_other,train,standardized_256
data/raw/garbage_v2/standardized_256/battery/battery_490.jpg,battery,trash_other,train,standardized_256
data/raw/garbage_v2/standardized_256/battery/battery_491.jpg,battery,trash_other,train,standardized_256
data/raw/garbage_v2/standardized_256/battery/battery_492.jpg,battery,trash_other,train,standardized_256
data/raw/garbage_v2/standardized_256/battery/battery_493.jpg,battery,trash_other,train,standardized_256
data/raw/garbage_v2/standardized_256/battery/battery_495.jpg,battery,trash_other,train,standardized_256
data/raw/garbage_v2/standardized_256/battery/battery_496.jpg,battery,trash_other,train,standardized_256
data/raw/garbage_v2/standardized_256/battery/battery_498.jpg,battery,trash_other,train,standardized_256
data/raw/garbage_v2/standardized_256/battery/battery_499.jpg,battery,trash_other,train,standardized_256
data/raw/garbage_v2/standardized_256/battery/battery_5.jpg,battery,trash_other,train,standardized_256
data/raw/garbage_v2/standardized_256/battery/battery_500.jpg,battery,trash_other,train,standardized_256
data/raw/garbage_v2/standardized_256/battery/battery_501.jpg,battery,trash_other,train,standardized_256
data/raw/garbage_v2/standardized_256/battery/battery_503.jpg,battery,trash_other,train,standardized_256
data/raw/garbage_v2/standardized_256/battery/battery_504.jpg,battery,trash_other,train,standardized_256
data/raw/garbage_v2/standardized_256/battery/battery_505.jpg,battery,trash_other,train,standardized_256
data/raw/garbage_v2/standardized_256/battery/battery_506.jpg,battery,trash_other,train,standardized_256
data/raw/garbage_v2/standardized_256/battery/battery_507.jpg,battery,trash_other,train,standardized_256
data/raw/garbage_v2/standardized_256/battery/battery_508.jpg,battery,trash_other,train,standardized_256
data/raw/garbage_v2/standardized_256/battery/battery_509.jpg,battery,trash_other,train,standardized_256
data/raw/garbage_v2/standardized_256/battery/battery_51.jpg,battery,trash_other,train,standardized_256
data/raw/garbage_v2/standardized_256/battery/battery_510.jpg,battery,trash_other,train,standardized_256
data/raw/garbage_v2/standardized_256/battery/battery_511.jpg,battery,trash_other,train,standardized_256
data/raw/garbage_v2/standardized_256/battery/battery_513.jpg,battery,trash_other,train,standardized_256
data/raw/garbage_v2/standardized_256/battery/battery_514.jpg,battery,trash_other,train,standardized_256
data/raw/garbage_v2/standardized_256/battery/battery_516.jpg,battery,trash_other,train,standardized_256
data/raw/garbage_v2/standardized_256/battery/battery_518.jpg,battery,trash_other,train,standardized_256
data/raw/garbage_v2/standardized_256/battery/battery_519.jpg,battery,trash_other,train,standardized_256
data/raw/garbage_v2/standardized_256/battery/battery_52.jpg,battery,trash_other,train,standardized_256
data/raw/garbage_v2/standardized_256/battery/battery_520.jpg,battery,trash_other,train,standardized_256
data/raw/garbage_v2/standardized_256/battery/battery_523.jpg,battery,trash_other,train,standardized_256
data/raw/garbage_v2/standardized_256/battery/battery_524.jpg,battery,trash_other,train,standardized_256
data/raw/garbage_v2/standardized_256/battery/battery_526.jpg,battery,trash_other,train,standardized_256
data/raw/garbage_v2/standardized_256/battery/battery_527.jpg,battery,trash_other,train,standardized_256
data/raw/garbage_v2/standardized_256/battery/battery_528.jpg,battery,trash_other,train,standardized_256
data/raw/garbage_v2/standardized_256/battery/battery_529.jpg,battery,trash_other,train,standardized_256
data/raw/garbage_v2/standardized_256/battery/battery_53.jpg,battery,trash_other,train,standardized_256
data/raw/garbage_v2/standardized_256/battery/battery_531.jpg,battery,trash_other,train,standardized_256
data/raw/garbage_v2/standardized_256/battery/battery_532.jpg,battery,trash_other,train,standardized_256
data/raw/garbage_v2/standardized_256/battery/battery_533.jpg,battery,trash_other,train,standardized_256
data/raw/garbage_v2/standardized_256/battery/battery_534.jpg,battery,trash_other,train,standardized_256
data/raw/garbage_v2/standardized_256/battery/battery_536.jpg,battery,trash_other,train,standardized_256
data/raw/garbage_v2/standardized_256/battery/battery_538.jpg,battery,trash_other,train,standardized_256
data/raw/garbage_v2/standardized_256/battery/battery_539.jpg,battery,trash_other,train,standardized_256
data/raw/garbage_v2/standardized_256/battery/battery_54.jpg,battery,trash_other,train,standardized_256
data/raw/garbage_v2/standardized_256/battery/battery_540.jpg,battery,trash_other,train,standardized_256
data/raw/garbage_v2/standardized_256/battery/battery_541.jpg,battery,trash_other,train,standardized_256
data/raw/garbage_v2/standardized_256/battery/battery_542.jpg,battery,trash_other,train,standardized_256
data/raw/garbage_v2/standardized_256/battery/battery_543.jpg,battery,trash_other,train,standardized_256
data/raw/garbage_v2/standardized_256/battery/battery_544.jpg,battery,trash_other,train,standardized_256
data/raw/garbage_v2/standardized_256/battery/battery_545.jpg,battery,trash_other,train,standardized_256
data/raw/garbage_v2/standardized_256/battery/battery_546.jpg,battery,trash_other,train,standardized_256
data/raw/garbage_v2/standardized_256/battery/battery_548.jpg,battery,trash_other,train,standardized_256
data/raw/garbage_v2/standardized_256/battery/battery_549.jpg,battery,trash_other,train,standardized_256
data/raw/garbage_v2/standardized_256/battery/battery_550.jpg,battery,trash_other,train,standardized_256
data/raw/garbage_v2/standardized_256/battery/battery_551.jpg,battery,trash_other,train,standardized_256
data/raw/garbage_v2/standardized_256/battery/battery_552.jpg,battery,trash_other,train,standardized_256
data/raw/garbage_v2/standardized_256/battery/battery_553.jpg,battery,trash_other,train,standardized_256
data/raw/garbage_v2/standardized_256/battery/battery_555.jpg,battery,trash_other,train,standardized_256
data/raw/garbage_v2/standardized_256/battery/battery_556.jpg,battery,trash_other,train,standardized_256
data/raw/garbage_v2/standardized_256/battery/battery_557.jpg,battery,trash_other,train,standardized_256
data/raw/garbage_v2/standardized_256/battery/battery_558.jpg,battery,trash_other,train,standardized_256
data/raw/garbage_v2/standardized_256/battery/battery_559.jpg,battery,trash_other,train,standardized_256
data/raw/garbage_v2/standardized_256/battery/battery_561.jpg,battery,trash_other,train,standardized_256
data/raw/garbage_v2/standardized_256/battery/battery_562.jpg,battery,trash_other,train,standardized_256
data/raw/garbage_v2/standardized_256/battery/battery_563.jpg,battery,trash_other,train,standardized_256
data/raw/garbage_v2/standardized_256/battery/battery_564.jpg,battery,trash_other,train,standardized_256
data/raw/garbage_v2/standardized_256/battery/battery_566.jpg,battery,trash_other,train,standardized_256
data/raw/garbage_v2/standardized_256/battery/battery_568.jpg,battery,trash_other,train,standardized_256
data/raw/garbage_v2/standardized_256/battery/battery_57.jpg,battery,trash_other,train,standardized_256
data/raw/garbage_v2/standardized_256/battery/battery_570.jpg,battery,trash_other,train,standardized_256
data/raw/garbage_v2/standardized_256/battery/battery_571.jpg,battery,trash_other,train,standardized_256
data/raw/garbage_v2/standardized_256/battery/battery_572.jpg,battery,trash_other,train,standardized_256
data/raw/garbage_v2/standardized_256/battery/battery_574.jpg,battery,trash_other,train,standardized_256
data/raw/garbage_v2/standardized_256/battery/battery_575.jpg,battery,trash_other,train,standardized_256
data/raw/garbage_v2/standardized_256/battery/battery_577.jpg,battery,trash_other,train,standardized_256
data/raw/garbage_v2/standardized_256/battery/battery_578.jpg,battery,trash_other,train,standardized_256
data/raw/garbage_v2/standardized_256/battery/battery_579.jpg,battery,trash_other,train,standardized_256
data/raw/garbage_v2/standardized_256/battery/battery_58.jpg,battery,trash_other,train,standardized_256
data/raw/garbage_v2/standardized_256/battery/battery_580.jpg,battery,trash_other,train,standardized_256
data/raw/garbage_v2/standardized_256/battery/battery_581.jpg,battery,trash_other,train,standardized_256
data/raw/garbage_v2/standardized_256/battery/battery_582.jpg,battery,trash_other,train,standardized_256
data/raw/garbage_v2/standardized_256/battery/battery_584.jpg,battery,trash_other,train,standardized_256
data/raw/garbage_v2/standardized_256/battery/battery_585.jpg,battery,trash_other,train,standardized_256
data/raw/garbage_v2/standardized_256/battery/battery_588.jpg,battery,trash_other,train,standardized_256
data/raw/garbage_v2/standardized_256/battery/battery_59.jpg,battery,trash_other,train,standardized_256
data/raw/garbage_v2/standardized_256/battery/battery_592.jpg,battery,trash_other,train,standardized_256
data/raw/garbage_v2/standardized_256/battery/battery_593.jpg,battery,trash_other,train,standardized_256
data/raw/garbage_v2/standardized_256/battery/battery_598.jpg,battery,trash_other,train,standardized_256
data/raw/garbage_v2/standardized_256/battery/battery_599.jpg,battery,trash_other,train,standardized_256
data/raw/garbage_v2/standardized_256/battery/battery_6.jpg,battery,trash_other,train,standardized_256
data/raw/garbage_v2/standardized_256/battery/battery_60.jpg,battery,trash_other,train,standardized_256
data/raw/garbage_v2/standardized_256/battery/battery_600.jpg,battery,trash_other,train,standardized_256
data/raw/garbage_v2/standardized_256/battery/battery_602.jpg,battery,trash_other,train,standardized_256
data/raw/garbage_v2/standardized_256/battery/battery_603.jpg,battery,trash_other,train,standardized_256
data/raw/garbage_v2/standardized_256/battery/battery_604.jpg,battery,trash_other,train,standardized_256
data/raw/garbage_v2/standardized_256/battery/battery_606.jpg,battery,trash_other,train,standardized_256
data/raw/garbage_v2/standardized_256/battery/battery_607.jpg,battery,trash_other,train,standardized_256
data/raw/garbage_v2/standardized_256/battery/battery_61.jpg,battery,trash_other,train,standardized_256
data/raw/garbage_v2/standardized_256/battery/battery_610.jpg,battery,trash_other,train,standardized_256
data/raw/garbage_v2/standardized_256/battery/battery_611.jpg,battery,trash_other,train,standardized_256
data/raw/garbage_v2/standardized_256/battery/battery_613.jpg,battery,trash_other,train,standardized_256
data/raw/garbage_v2/standardized_256/battery/battery_614.jpg,battery,trash_other,train,standardized_256
data/raw/garbage_v2/standardized_256/battery/battery_615.jpg,battery,trash_other,train,standardized_256
data/raw/garbage_v2/standardized_256/battery/battery_617.jpg,battery,trash_other,train,standardized_256
data/raw/garbage_v2/standardized_256/battery/battery_618.jpg,battery,trash_other,train,standardized_256
data/raw/garbage_v2/standardized_256/battery/battery_619.jpg,battery,trash_other,train,standardized_256
data/raw/garbage_v2/standardized_256/battery/battery_62.jpg,battery,trash_other,train,standardized_256
data/raw/garbage_v2/standardized_256/battery/battery_622.jpg,battery,trash_other,train,standardized_256
data/raw/garbage_v2/standardized_256/battery/battery_623.jpg,battery,trash_other,train,standardized_256
data/raw/garbage_v2/standardized_256/battery/battery_624.jpg,battery,trash_other,train,standardized_256
data/raw/garbage_v2/standardized_256/battery/battery_625.jpg,battery,trash_other,train,standardized_256
data/raw/garbage_v2/standardized_256/battery/battery_626.jpg,battery,trash_other,train,standardized_256
data/raw/garbage_v2/standardized_256/battery/battery_627.jpg,battery,trash_other,train,standardized_256
data/raw/garbage_v2/standardized_256/battery/battery_628.jpg,battery,trash_other,train,standardized_256
data/raw/garbage_v2/standardized_256/battery/battery_629.jpg,battery,trash_other,train,standardized_256
data/raw/garbage_v2/standardized_256/battery/battery_63.jpg,battery,trash_other,train,standardized_256
data/raw/garbage_v2/standardized_256/battery/battery_630.jpg,battery,trash_other,train,standardized_256
data/raw/garbage_v2/standardized_256/battery/battery_632.jpg,battery,trash_other,train,standardized_256
data/raw/garbage_v2/standardized_256/battery/battery_633.jpg,battery,trash_other,train,standardized_256
data/raw/garbage_v2/standardized_256/battery/battery_635.jpg,battery,trash_other,train,standardized_256
data/raw/garbage_v2/standardized_256/battery/battery_639.jpg,battery,trash_other,train,standardized_256
data/raw/garbage_v2/standardized_256/battery/battery_64.jpg,battery,trash_other,train,standardized_256
data/raw/garbage_v2/standardized_256/battery/battery_640.jpg,battery,trash_other,train,standardized_256
data/raw/garbage_v2/standardized_256/battery/battery_644.jpg,battery,trash_other,train,standardized_256
data/raw/garbage_v2/standardized_256/battery/battery_645.jpg,battery,trash_other,train,standardized_256
data/raw/garbage_v2/standardized_256/battery/battery_646.jpg,battery,trash_other,train,standardized_256
data/raw/garbage_v2/standardized_256/battery/battery_647.jpg,battery,trash_other,train,standardized_256
data/raw/garbage_v2/standardized_256/battery/battery_648.jpg,battery,trash_other,train,standardized_256
data/raw/garbage_v2/standardized_256/battery/battery_650.jpg,battery,trash_other,train,standardized_256
data/raw/garbage_v2/standardized_256/battery/battery_651.jpg,battery,trash_other,train,standardized_256
data/raw/garbage_v2/standardized_256/battery/battery_652.jpg,battery,trash_other,train,standardized_256
data/raw/garbage_v2/standardized_256/battery/battery_653.jpg,battery,trash_other,train,standardized_256
data/raw/garbage_v2/standardized_256/battery/battery_655.jpg,battery,trash_other,train,standardized_256
data/raw/garbage_v2/standardized_256/battery/battery_657.jpg,battery,trash_other,train,standardized_256
data/raw/garbage_v2/standardized_256/battery/battery_658.jpg,battery,trash_other,train,standardized_256
data/raw/garbage_v2/standardized_256/battery/battery_659.jpg,battery,trash_other,train,standardized_256
data/raw/garbage_v2/standardized_256/battery/battery_66.jpg,battery,trash_other,train,standardized_256
data/raw/garbage_v2/standardized_256/battery/battery_663.jpg,battery,trash_other,train,standardized_256
data/raw/garbage_v2/standardized_256/battery/battery_664.jpg,battery,trash_other,train,standardized_256
data/raw/garbage_v2/standardized_256/battery/battery_666.jpg,battery,trash_other,train,standardized_256
data/raw/garbage_v2/standardized_256/battery/battery_667.jpg,battery,trash_other,train,standardized_256
data/raw/garbage_v2/standardized_256/battery/battery_668.jpg,battery,trash_other,train,standardized_256
data/raw/garbage_v2/standardized_256/battery/battery_669.jpg,battery,trash_other,train,standardized_256
data/raw/garbage_v2/standardized_256/battery/battery_670.jpg,battery,trash_other,train,standardized_256
data/raw/garbage_v2/standardized_256/battery/battery_671.jpg,battery,trash_other,train,standardized_256
data/raw/garbage_v2/standardized_256/battery/battery_672.jpg,battery,trash_other,train,standardized_256
data/raw/garbage_v2/standardized_256/battery/battery_674.jpg,battery,trash_other,train,standardized_256
data/raw/garbage_v2/standardized_256/battery/battery_675.jpg,battery,trash_other,train,standardized_256
data/raw/garbage_v2/standardized_256/battery/battery_676.jpg,battery,trash_other,train,standardized_256
data/raw/garbage_v2/standardized_256/battery/battery_678.jpg,battery,trash_other,train,standardized_256
data/raw/garbage_v2/standardized_256/battery/battery_68.jpg,battery,trash_other,train,standardized_256
data/raw/garbage_v2/standardized_256/battery/battery_680.jpg,battery,trash_other,train,standardized_256
data/raw/garbage_v2/standardized_256/battery/battery_682.jpg,battery,trash_other,train,standardized_256
data/raw/garbage_v2/standardized_256/battery/battery_683.jpg,battery,trash_other,train,standardized_256
data/raw/garbage_v2/standardized_256/battery/battery_684.jpg,battery,trash_other,train,standardized_256
data/raw/garbage_v2/standardized_256/battery/battery_686.jpg,battery,trash_other,train,standardized_256
data/raw/garbage_v2/standardized_256/battery/battery_687.jpg,battery,trash_other,train,standardized_256
data/raw/garbage_v2/standardized_256/battery/battery_690.jpg,battery,trash_other,train,standardized_256
data/raw/garbage_v2/standardized_256/battery/battery_691.jpg,battery,trash_other,train,standardized_256
data/raw/garbage_v2/standardized_256/battery/battery_692.jpg,battery,trash_other,train,standardized_256
data/raw/garbage_v2/standardized_256/battery/battery_695.jpg,battery,trash_other,train,standardized_256
data/raw/garbage_v2/standardized_256/battery/battery_696.jpg,battery,trash_other,train,standardized_256
data/raw/garbage_v2/standardized_256/battery/battery_698.jpg,battery,trash_other,train,standardized_256
data/raw/garbage_v2/standardized_256/battery/battery_7.jpg,battery,trash_other,train,standardized_256
data/raw/garbage_v2/standardized_256/battery/battery_70.jpg,battery,trash_other,train,standardized_256
data/raw/garbage_v2/standardized_256/battery/battery_700.jpg,battery,trash_other,train,standardized_256
data/raw/garbage_v2/standardized_256/battery/battery_701.jpg,battery,trash_other,train,standardized_256
data/raw/garbage_v2/standardized_256/battery/battery_702.jpg,battery,trash_other,train,standardized_256
data/raw/garbage_v2/standardized_256/battery/battery_703.jpg,battery,trash_other,train,standardized_256
data/raw/garbage_v2/standardized_256/battery/battery_704.jpg,battery,trash_other,train,standardized_256
data/raw/garbage_v2/standardized_256/battery/battery_705.jpg,battery,trash_other,train,standardized_256
data/raw/garbage_v2/standardized_256/battery/battery_706.jpg,battery,trash_other,train,standardized_256
data/raw/garbage_v2/standardized_256/battery/battery_707.jpg,battery,trash_other,train,standardized_256
data/raw/garbage_v2/standardized_256/battery/battery_71.jpg,battery,trash_other,train,standardized_256
data/raw/garbage_v2/standardized_256/battery/battery_710.jpg,battery,trash_other,train,standardized_256
data/raw/garbage_v2/standardized_256/battery/battery_711.jpg,battery,trash_other,train,standardized_256
data/raw/garbage_v2/standardized_256/battery/battery_712.jpg,battery,trash_other,train,standardized_256
data/raw/garbage_v2/standardized_256/battery/battery_713.jpg,battery,trash_other,train,standardized_256
data/raw/garbage_v2/standardized_256/battery/battery_716.jpg,battery,trash_other,train,standardized_256
data/raw/garbage_v2/standardized_256/battery/battery_717.jpg,battery,trash_other,train,standardized_256
data/raw/garbage_v2/standardized_256/battery/battery_718.jpg,battery,trash_other,train,standardized_256
data/raw/garbage_v2/standardized_256/battery/battery_719.jpg,battery,trash_other,train,standardized_256
data/raw/garbage_v2/standardized_256/battery/battery_72.jpg,battery,trash_other,train,standardized_256
data/raw/garbage_v2/standardized_256/battery/battery_720.jpg,battery,trash_other,train,standardized_256
data/raw/garbage_v2/standardized_256/battery/battery_721.jpg,battery,trash_other,train,standardized_256
data/raw/garbage_v2/standardized_256/battery/battery_723.jpg,battery,trash_other,train,standardized_256
data/raw/garbage_v2/standardized_256/battery/battery_724.jpg,battery,trash_other,train,standardized_256
data/raw/garbage_v2/standardized_256/battery/battery_725.jpg,battery,trash_other,train,standardized_256
data/raw/garbage_v2/standardized_256/battery/battery_726.jpg,battery,trash_other,train,standardized_256
data/raw/garbage_v2/standardized_256/battery/battery_728.jpg,battery,trash_other,train,standardized_256
data/raw/garbage_v2/standardized_256/battery/battery_729.jpg,battery,trash_other,train,standardized_256
data/raw/garbage_v2/standardized_256/battery/battery_730.jpg,battery,trash_other,train,standardized_256
data/raw/garbage_v2/standardized_256/battery/battery_732.jpg,battery,trash_other,train,standardized_256
data/raw/garbage_v2/standardized_256/battery/battery_733.jpg,battery,trash_other,train,standardized_256
data/raw/garbage_v2/standardized_256/battery/battery_735.jpg,battery,trash_other,train,standardized_256
data/raw/garbage_v2/standardized_256/battery/battery_736.jpg,battery,trash_other,train,standardized_256
data/raw/garbage_v2/standardized_256/battery/battery_737.jpg,battery,trash_other,train,standardized_256
data/raw/garbage_v2/standardized_256/battery/battery_738.jpg,battery,trash_other,train,standardized_256
data/raw/garbage_v2/standardized_256/battery/battery_739.jpg,battery,trash_other,train,standardized_256
data/raw/garbage_v2/standardized_256/battery/battery_74.jpg,battery,trash_other,train,standardized_256
data/raw/garbage_v2/standardized_256/battery/battery_743.jpg,battery,trash_other,train,standardized_256
data/raw/garbage_v2/standardized_256/battery/battery_744.jpg,battery,trash_other,train,standardized_256
data/raw/garbage_v2/standardized_256/battery/battery_745.jpg,battery,trash_other,train,standardized_256
data/raw/garbage_v2/standardized_256/battery/battery_75.jpg,battery,trash_other,train,standardized_256
data/raw/garbage_v2/standardized_256/battery/battery_751.jpg,battery,trash_other,train,standardized_256
data/raw/garbage_v2/standardized_256/battery/battery_753.jpg,battery,trash_other,train,standardized_256
data/raw/garbage_v2/standardized_256/battery/battery_754.jpg,battery,trash_other,train,standardized_256
data/raw/garbage_v2/standardized_256/battery/battery_756.jpg,battery,trash_other,train,standardized_256
data/raw/garbage_v2/standardized_256/battery/battery_76.jpg,battery,trash_other,train,standardized_256
data/raw/garbage_v2/standardized_256/battery/battery_77.jpg,battery,trash_other,train,standardized_256
data/raw/garbage_v2/standardized_256/battery/battery_78.jpg,battery,trash_other,train,standardized_256
data/raw/garbage_v2/standardized_256/battery/battery_80.jpg,battery,trash_other,train,standardized_256
data/raw/garbage_v2/standardized_256/battery/battery_81.jpg,battery,trash_other,train,standardized_256
data/raw/garbage_v2/standardized_256/battery/battery_82.jpg,battery,trash_other,train,standardized_256
data/raw/garbage_v2/standardized_256/battery/battery_84.jpg,battery,trash_other,train,standardized_256
data/raw/garbage_v2/standardized_256/battery/battery_85.jpg,battery,trash_other,train,standardized_256
data/raw/garbage_v2/standardized_256/battery/battery_86.jpg,battery,trash_other,train,standardized_256
data/raw/garbage_v2/standardized_256/battery/battery_89.jpg,battery,trash_other,train,standardized_256
data/raw/garbage_v2/standardized_256/battery/battery_9.jpg,battery,trash_other,train,standardized_256
data/raw/garbage_v2/standardized_256/battery/battery_94.jpg,battery,trash_other,train,standardized_256
data/raw/garbage_v2/standardized_256/battery/battery_96.jpg,battery,trash_other,train,standardized_256
data/raw/garbage_v2/standardized_256/battery/battery_97.jpg,battery,trash_other,train,standardized_256
data/raw/garbage_v2/standardized_256/biological/biological_1.jpg,biological,trash_other,train,standardized_256
data/raw/garbage_v2/standardized_256/biological/biological_10.jpg,biological,trash_other,train,standardized_256
data/raw/garbage_v2/standardized_256/biological/biological_101.jpg,biological,trash_other,train,standardized_256
data/raw/garbage_v2/standardized_256/biological/biological_102.jpg,biological,trash_other,train,standardized_256
data/raw/garbage_v2/standardized_256/biological/biological_103.jpg,biological,trash_other,train,standardized_256
data/raw/garbage_v2/standardized_256/biological/biological_104.jpg,biological,trash_other,train,standardized_256
data/raw/garbage_v2/standardized_256/biological/biological_105.jpg,biological,trash_other,train,standardized_256
data/raw/garbage_v2/standardized_256/biological/biological_106.jpg,biological,trash_other,train,standardized_256
data/raw/garbage_v2/standardized_256/biological/biological_107.jpg,biological,trash_other,train,standardized_256
data/raw/garbage_v2/standardized_256/biological/biological_109.jpg,biological,trash_other,train,standardized_256
data/raw/garbage_v2/standardized_256/biological/biological_112.jpg,biological,trash_other,train,standardized_256
data/raw/garbage_v2/standardized_256/biological/biological_113.jpg,biological,trash_other,train,standardized_256
data/raw/garbage_v2/standardized_256/biological/biological_115.jpg,biological,trash_other,train,standardized_256
data/raw/garbage_v2/standardized_256/biological/biological_116.jpg,biological,trash_other,train,standardized_256
data/raw/garbage_v2/standardized_256/biological/biological_118.jpg,biological,trash_other,train,standardized_256
data/raw/garbage_v2/standardized_256/biological/biological_119.jpg,biological,trash_other,train,standardized_256
data/raw/garbage_v2/standardized_256/biological/biological_12.jpg,biological,trash_other,train,standardized_256
data/raw/garbage_v2/standardized_256/biological/biological_120.jpg,biological,trash_other,train,standardized_256
data/raw/garbage_v2/standardized_256/biological/biological_121.jpg,biological,trash_other,train,standardized_256
data/raw/garbage_v2/standardized_256/biological/biological_122.jpg,biological,trash_other,train,standardized_256
data/raw/garbage_v2/standardized_256/biological/biological_123.jpg,biological,trash_other,train,standardized_256
data/raw/garbage_v2/standardized_256/biological/biological_124.jpg,biological,trash_other,train,standardized_256
data/raw/garbage_v2/standardized_256/biological/biological_126.jpg,biological,trash_other,train,standardized_256
data/raw/garbage_v2/standardized_256/biological/biological_127.jpg,biological,trash_other,train,standardized_256
data/raw/garbage_v2/standardized_256/biological/biological_128.jpg,biological,trash_other,train,standardized_256
data/raw/garbage_v2/standardized_256/biological/biological_13.jpg,biological,trash_other,train,standardized_256
data/raw/garbage_v2/standardized_256/biological/biological_130.jpg,biological,trash_other,train,standardized_256
data/raw/garbage_v2/standardized_256/biological/biological_131.jpg,biological,trash_other,train,standardized_256
data/raw/garbage_v2/standardized_256/biological/biological_132.jpg,biological,trash_other,train,standardized_256
data/raw/garbage_v2/standardized_256/biological/biological_133.jpg,biological,trash_other,train,standardized_256
data/raw/garbage_v2/standardized_256/biological/biological_134.jpg,biological,trash_other,train,standardized_256
data/raw/garbage_v2/standardized_256/biological/biological_135.jpg,biological,trash_other,train,standardized_256
data/raw/garbage_v2/standardized_256/biological/biological_137.jpg,biological,trash_other,train,standardized_256
data/raw/garbage_v2/standardized_256/biological/biological_138.jpg,biological,trash_other,train,standardized_256
data/raw/garbage_v2/standardized_256/biological/biological_139.jpg,biological,trash_other,train,standardized_256
data/raw/garbage_v2/standardized_256/biological/biological_14.jpg,biological,trash_other,train,standardized_256
data/raw/garbage_v2/standardized_256/biological/biological_141.jpg,biological,trash_other,train,standardized_256
data/raw/garbage_v2/standardized_256/biological/biological_142.jpg,biological,trash_other,train,standardized_256
data/raw/garbage_v2/standardized_256/biological/biological_143.jpg,biological,trash_other,train,standardized_256
data/raw/garbage_v2/standardized_256/biological/biological_144.jpg,biological,trash_other,train,standardized_256
data/raw/garbage_v2/standardized_256/biological/biological_145.jpg,biological,trash_other,train,standardized_256
data/raw/garbage_v2/standardized_256/biological/biological_147.jpg,biological,trash_other,train,standardized_256
data/raw/garbage_v2/standardized_256/biological/biological_15.jpg,biological,trash_other,train,standardized_256
data/raw/garbage_v2/standardized_256/biological/biological_150.jpg,biological,trash_other,train,standardized_256
data/raw/garbage_v2/standardized_256/biological/biological_151.jpg,biological,trash_other,train,standardized_256
data/raw/garbage_v2/standardized_256/biological/biological_152.jpg,biological,trash_other,train,standardized_256
data/raw/garbage_v2/standardized_256/biological/biological_153.jpg,biological,trash_other,train,standardized_256
data/raw/garbage_v2/standardized_256/biological/biological_155.jpg,biological,trash_other,train,standardized_256
data/raw/garbage_v2/standardized_256/biological/biological_156.jpg,biological,trash_other,train,standardized_256
data/raw/garbage_v2/standardized_256/biological/biological_157.jpg,biological,trash_other,train,standardized_256
data/raw/garbage_v2/standardized_256/biological/biological_158.jpg,biological,trash_other,train,standardized_256
data/raw/garbage_v2/standardized_256/biological/biological_16.jpg,biological,trash_other,train,standardized_256
data/raw/garbage_v2/standardized_256/biological/biological_160.jpg,biological,trash_other,train,standardized_256
data/raw/garbage_v2/standardized_256/biological/biological_161.jpg,biological,trash_other,train,standardized_256
data/raw/garbage_v2/standardized_256/biological/biological_163.jpg,biological,trash_other,train,standardized_256
data/raw/garbage_v2/standardized_256/biological/biological_166.jpg,biological,trash_other,train,standardized_256
data/raw/garbage_v2/standardized_256/biological/biological_169.jpg,biological,trash_other,train,standardized_256
data/raw/garbage_v2/standardized_256/biological/biological_17.jpg,biological,trash_other,train,standardized_256
data/raw/garbage_v2/standardized_256/biological/biological_170.jpg,biological,trash_other,train,standardized_256
data/raw/garbage_v2/standardized_256/biological/biological_171.jpg,biological,trash_other,train,standardized_256
data/raw/garbage_v2/standardized_256/biological/biological_172.jpg,biological,trash_other,train,standardized_256
data/raw/garbage_v2/standardized_256/biological/biological_173.jpg,biological,trash_other,train,standardized_256
data/raw/garbage_v2/standardized_256/biological/biological_175.jpg,biological,trash_other,train,standardized_256
data/raw/garbage_v2/standardized_256/biological/biological_176.jpg,biological,trash_other,train,standardized_256
data/raw/garbage_v2/standardized_256/biological/biological_177.jpg,biological,trash_other,train,standardized_256
data/raw/garbage_v2/standardized_256/biological/biological_18.jpg,biological,trash_other,train,standardized_256
data/raw/garbage_v2/standardized_256/biological/biological_180.jpg,biological,trash_other,train,standardized_256
data/raw/garbage_v2/standardized_256/biological/biological_181.jpg,biological,trash_other,train,standardized_256
data/raw/garbage_v2/standardized_256/biological/biological_182.jpg,biological,trash_other,train,standardized_256
data/raw/garbage_v2/standardized_256/biological/biological_183.jpg,biological,trash_other,train,standardized_256
data/raw/garbage_v2/standardized_256/biological/biological_184.jpg,biological,trash_other,train,standardized_256
data/raw/garbage_v2/standardized_256/biological/biological_186.jpg,biological,trash_other,train,standardized_256
data/raw/garbage_v2/standardized_256/biological/biological_187.jpg,biological,trash_other,train,standardized_256
data/raw/garbage_v2/standardized_256/biological/biological_188.jpg,biological,trash_other,train,standardized_256
data/raw/garbage_v2/standardized_256/biological/biological_189.jpg,biological,trash_other,train,standardized_256
data/raw/garbage_v2/standardized_256/biological/biological_19.jpg,biological,trash_other,train,standardized_256
data/raw/garbage_v2/standardized_256/biological/biological_192.jpg,biological,trash_other,train,standardized_256
data/raw/garbage_v2/standardized_256/biological/biological_193.jpg,biological,trash_other,train,standardized_256
data/raw/garbage_v2/standardized_256/biological/biological_195.jpg,biological,trash_other,train,standardized_256
data/raw/garbage_v2/standardized_256/biological/biological_196.jpg,biological,trash_other,train,standardized_256
data/raw/garbage_v2/standardized_256/biological/biological_198.jpg,biological,trash_other,train,standardized_256
data/raw/garbage_v2/standardized_256/biological/biological_199.jpg,biological,trash_other,train,standardized_256
data/raw/garbage_v2/standardized_256/biological/biological_2.jpg,biological,trash_other,train,standardized_256
data/raw/garbage_v2/standardized_256/biological/biological_20.jpg,biological,trash_other,train,standardized_256
data/raw/garbage_v2/standardized_256/biological/biological_200.jpg,biological,trash_other,train,standardized_256
data/raw/garbage_v2/standardized_256/biological/biological_201.jpg,biological,trash_other,train,standardized_256
data/raw/garbage_v2/standardized_256/biological/biological_202.jpg,biological,trash_other,train,standardized_256
data/raw/garbage_v2/standardized_256/biological/biological_205.jpg,biological,trash_other,train,standardized_256
data/raw/garbage_v2/standardized_256/biological/biological_206.jpg,biological,trash_other,train,standardized_256
data/raw/garbage_v2/standardized_256/biological/biological_207.jpg,biological,trash_other,train,standardized_256
data/raw/garbage_v2/standardized_256/biological/biological_210.jpg,biological,trash_other,train,standardized_256
data/raw/garbage_v2/standardized_256/biological/biological_211.jpg,biological,trash_other,train,standardized_256
data/raw/garbage_v2/standardized_256/biological/biological_212.jpg,biological,trash_other,train,standardized_256
data/raw/garbage_v2/standardized_256/biological/biological_216.jpg,biological,trash_other,train,standardized_256
data/raw/garbage_v2/standardized_256/biological/biological_217.jpg,biological,trash_other,train,standardized_256
data/raw/garbage_v2/standardized_256/biological/biological_218.jpg,biological,trash_other,train,standardized_256
data/raw/garbage_v2/standardized_256/biological/biological_219.jpg,biological,trash_other,train,standardized_256
data/raw/garbage_v2/standardized_256/biological/biological_22.jpg,biological,trash_other,train,standardized_256
data/raw/garbage_v2/standardized_256/biological/biological_220.jpg,biological,trash_other,train,standardized_256
data/raw/garbage_v2/standardized_256/biological/biological_221.jpg,biological,trash_other,train,standardized_256
data/raw/garbage_v2/standardized_256/biological/biological_222.jpg,biological,trash_other,train,standardized_256
data/raw/garbage_v2/standardized_256/biological/biological_223.jpg,biological,trash_other,train,standardized_256
data/raw/garbage_v2/standardized_256/biological/biological_225.jpg,biological,trash_other,train,standardized_256
data/raw/garbage_v2/standardized_256/biological/biological_226.jpg,biological,trash_other,train,standardized_256
data/raw/garbage_v2/standardized_256/biological/biological_227.jpg,biological,trash_other,train,standardized_256
data/raw/garbage_v2/standardized_256/biological/biological_228.jpg,biological,trash_other,train,standardized_256
data/raw/garbage_v2/standardized_256/biological/biological_229.jpg,biological,trash_other,train,standardized_256
data/raw/garbage_v2/standardized_256/biological/biological_230.jpg,biological,trash_other,train,standardized_256
data/raw/garbage_v2/standardized_256/biological/biological_231.jpg,biological,trash_other,train,standardized_256
data/raw/garbage_v2/standardized_256/biological/biological_232.jpg,biological,trash_other,train,standardized_256
data/raw/garbage_v2/standardized_256/biological/biological_233.jpg,biological,trash_other,train,standardized_256
data/raw/garbage_v2/standardized_256/biological/biological_234.jpg,biological,trash_other,train,standardized_256
data/raw/garbage_v2/standardized_256/biological/biological_235.jpg,biological,trash_other,train,standardized_256
data/raw/garbage_v2/standardized_256/biological/biological_237.jpg,biological,trash_other,train,standardized_256
data/raw/garbage_v2/standardized_256/biological/biological_238.jpg,biological,trash_other,train,standardized_256
data/raw/garbage_v2/standardized_256/biological/biological_240.jpg,biological,trash_other,train,standardized_256
data/raw/garbage_v2/standardized_256/biological/biological_241.jpg,biological,trash_other,train,standardized_256
data/raw/garbage_v2/standardized_256/biological/biological_242.jpg,biological,trash_other,train,standardized_256
data/raw/garbage_v2/standardized_256/biological/biological_244.jpg,biological,trash_other,train,standardized_256
data/raw/garbage_v2/standardized_256/biological/biological_245.jpg,biological,trash_other,train,standardized_256
data/raw/garbage_v2/standardized_256/biological/biological_246.jpg,biological,trash_other,train,standardized_256
data/raw/garbage_v2/standardized_256/biological/biological_247.jpg,biological,trash_other,train,standardized_256
data/raw/garbage_v2/standardized_256/biological/biological_249.jpg,biological,trash_other,train,standardized_256
data/raw/garbage_v2/standardized_256/biological/biological_25.jpg,biological,trash_other,train,standardized_256
data/raw/garbage_v2/standardized_256/biological/biological_250.jpg,biological,trash_other,train,standardized_256
data/raw/garbage_v2/standardized_256/biological/biological_252.jpg,biological,trash_other,train,standardized_256
data/raw/garbage_v2/standardized_256/biological/biological_253.jpg,biological,trash_other,train,standardized_256
data/raw/garbage_v2/standardized_256/biological/biological_254.jpg,biological,trash_other,train,standardized_256
data/raw/garbage_v2/standardized_256/biological/biological_255.jpg,biological,trash_other,train,standardized_256
data/raw/garbage_v2/standardized_256/biological/biological_256.jpg,biological,trash_other,train,standardized_256
data/raw/garbage_v2/standardized_256/biological/biological_257.jpg,biological,trash_other,train,standardized_256
data/raw/garbage_v2/standardized_256/biological/biological_258.jpg,biological,trash_other,train,standardized_256
data/raw/garbage_v2/standardized_256/biological/biological_26.jpg,biological,trash_other,train,standardized_256
data/raw/garbage_v2/standardized_256/biological/biological_260.jpg,biological,trash_other,train,standardized_256
data/raw/garbage_v2/standardized_256/biological/biological_262.jpg,biological,trash_other,train,standardized_256
data/raw/garbage_v2/standardized_256/biological/biological_263.jpg,biological,trash_other,train,standardized_256
data/raw/garbage_v2/standardized_256/biological/biological_265.jpg,biological,trash_other,train,standardized_256
data/raw/garbage_v2/standardized_256/biological/biological_266.jpg,biological,trash_other,train,standardized_256
data/raw/garbage_v2/standardized_256/biological/biological_268.jpg,biological,trash_other,train,standardized_256
data/raw/garbage_v2/standardized_256/biological/biological_270.jpg,biological,trash_other,train,standardized_256
data/raw/garbage_v2/standardized_256/biological/biological_271.jpg,biological,trash_other,train,standardized_256
data/raw/garbage_v2/standardized_256/biological/biological_272.jpg,biological,trash_other,train,standardized_256
data/raw/garbage_v2/standardized_256/biological/biological_273.jpg,biological,trash_other,train,standardized_256
data/raw/garbage_v2/standardized_256/biological/biological_274.jpg,biological,trash_other,train,standardized_256
data/raw/garbage_v2/standardized_256/biological/biological_279.jpg,biological,trash_other,train,standardized_256
data/raw/garbage_v2/standardized_256/biological/biological_28.jpg,biological,trash_other,train,standardized_256
data/raw/garbage_v2/standardized_256/biological/biological_280.jpg,biological,trash_other,train,standardized_256
data/raw/garbage_v2/standardized_256/biological/biological_282.jpg,biological,trash_other,train,standardized_256
data/raw/garbage_v2/standardized_256/biological/biological_283.jpg,biological,trash_other,train,standardized_256
data/raw/garbage_v2/standardized_256/biological/biological_284.jpg,biological,trash_other,train,standardized_256
data/raw/garbage_v2/standardized_256/biological/biological_286.jpg,biological,trash_other,train,standardized_256
data/raw/garbage_v2/standardized_256/biological/biological_287.jpg,biological,trash_other,train,standardized_256
data/raw/garbage_v2/standardized_256/biological/biological_288.jpg,biological,trash_other,train,standardized_256
data/raw/garbage_v2/standardized_256/biological/biological_289.jpg,biological,trash_other,train,standardized_256
data/raw/garbage_v2/standardized_256/biological/biological_29.jpg,biological,trash_other,train,standardized_256
data/raw/garbage_v2/standardized_256/biological/biological_291.jpg,biological,trash_other,train,standardized_256
data/raw/garbage_v2/standardized_256/biological/biological_292.jpg,biological,trash_other,train,standardized_256
data/raw/garbage_v2/standardized_256/biological/biological_293.jpg,biological,trash_other,train,standardized_256
data/raw/garbage_v2/standardized_256/biological/biological_296.jpg,biological,trash_other,train,standardized_256
data/raw/garbage_v2/standardized_256/biological/biological_297.jpg,biological,trash_other,train,standardized_256
data/raw/garbage_v2/standardized_256/biological/biological_298.jpg,biological,trash_other,train,standardized_256
data/raw/garbage_v2/standardized_256/biological/biological_3.jpg,biological,trash_other,train,standardized_256
data/raw/garbage_v2/standardized_256/biological/biological_30.jpg,biological,trash_other,train,standardized_256
data/raw/garbage_v2/standardized_256/biological/biological_301.jpg,biological,trash_other,train,standardized_256
data/raw/garbage_v2/standardized_256/biological/biological_303.jpg,biological,trash_other,train,standardized_256
data/raw/garbage_v2/standardized_256/biological/biological_304.jpg,biological,trash_other,train,standardized_256
data/raw/garbage_v2/standardized_256/biological/biological_305.jpg,biological,trash_other,train,standardized_256
data/raw/garbage_v2/standardized_256/biological/biological_309.jpg,biological,trash_other,train,standardized_256
data/raw/garbage_v2/standardized_256/biological/biological_31.jpg,biological,trash_other,train,standardized_256
data/raw/garbage_v2/standardized_256/biological/biological_310.jpg,biological,trash_other,train,standardized_256
data/raw/garbage_v2/standardized_256/biological/biological_313.jpg,biological,trash_other,train,standardized_256
data/raw/garbage_v2/standardized_256/biological/biological_315.jpg,biological,trash_other,train,standardized_256
data/raw/garbage_v2/standardized_256/biological/biological_316.jpg,biological,trash_other,train,standardized_256
data/raw/garbage_v2/standardized_256/biological/biological_317.jpg,biological,trash_other,train,standardized_256
data/raw/garbage_v2/standardized_256/biological/biological_318.jpg,biological,trash_other,train,standardized_256
data/raw/garbage_v2/standardized_256/biological/biological_319.jpg,biological,trash_other,train,standardized_256
data/raw/garbage_v2/standardized_256/biological/biological_322.jpg,biological,trash_other,train,standardized_256
data/raw/garbage_v2/standardized_256/biological/biological_324.jpg,biological,trash_other,train,standardized_256
data/raw/garbage_v2/standardized_256/biological/biological_327.jpg,biological,trash_other,train,standardized_256
data/raw/garbage_v2/standardized_256/biological/biological_329.jpg,biological,trash_other,train,standardized_256
data/raw/garbage_v2/standardized_256/biological/biological_332.jpg,biological,trash_other,train,standardized_256
data/raw/garbage_v2/standardized_256/biological/biological_333.jpg,biological,trash_other,train,standardized_256
data/raw/garbage_v2/standardized_256/biological/biological_334.jpg,biological,trash_other,train,standardized_256
data/raw/garbage_v2/standardized_256/biological/biological_335.jpg,biological,trash_other,train,standardized_256
data/raw/garbage_v2/standardized_256/biological/biological_336.jpg,biological,trash_other,train,standardized_256
data/raw/garbage_v2/standardized_256/biological/biological_338.jpg,biological,trash_other,train,standardized_256
data/raw/garbage_v2/standardized_256/biological/biological_339.jpg,biological,trash_other,train,standardized_256
data/raw/garbage_v2/standardized_256/biological/biological_34.jpg,biological,trash_other,train,standardized_256
data/raw/garbage_v2/standardized_256/biological/biological_340.jpg,biological,trash_other,train,standardized_256
data/raw/garbage_v2/standardized_256/biological/biological_341.jpg,biological,trash_other,train,standardized_256
data/raw/garbage_v2/standardized_256/biological/biological_343.jpg,biological,trash_other,train,standardized_256
data/raw/garbage_v2/standardized_256/biological/biological_345.jpg,biological,trash_other,train,standardized_256
data/raw/garbage_v2/standardized_256/biological/biological_347.jpg,biological,trash_other,train,standardized_256
data/raw/garbage_v2/standardized_256/biological/biological_35.jpg,biological,trash_other,train,standardized_256
data/raw/garbage_v2/standardized_256/biological/biological_350.jpg,biological,trash_other,train,standardized_256
data/raw/garbage_v2/standardized_256/biological/biological_352.jpg,biological,trash_other,train,standardized_256
data/raw/garbage_v2/standardized_256/biological/biological_355.jpg,biological,trash_other,train,standardized_256
data/raw/garbage_v2/standardized_256/biological/biological_358.jpg,biological,trash_other,train,standardized_256
data/raw/garbage_v2/standardized_256/biological/biological_359.jpg,biological,trash_other,train,standardized_256
data/raw/garbage_v2/standardized_256/biological/biological_360.jpg,biological,trash_other,train,standardized_256
data/raw/garbage_v2/standardized_256/biological/biological_362.jpg,biological,trash_other,train,standardized_256
data/raw/garbage_v2/standardized_256/biological/biological_363.jpg,biological,trash_other,train,standardized_256
data/raw/garbage_v2/standardized_256/biological/biological_364.jpg,biological,trash_other,train,standardized_256
data/raw/garbage_v2/standardized_256/biological/biological_366.jpg,biological,trash_other,train,standardized_256
data/raw/garbage_v2/standardized_256/biological/biological_367.jpg,biological,trash_other,train,standardized_256
data/raw/garbage_v2/standardized_256/biological/biological_37.jpg,biological,trash_other,train,standardized_256
data/raw/garbage_v2/standardized_256/biological/biological_371.jpg,biological,trash_other,train,standardized_256
data/raw/garbage_v2/standardized_256/biological/biological_374.jpg,biological,trash_other,train,standardized_256
data/raw/garbage_v2/standardized_256/biological/biological_376.jpg,biological,trash_other,train,standardized_256
data/raw/garbage_v2/standardized_256/biological/biological_377.jpg,biological,trash_other,train,standardized_256
data/raw/garbage_v2/standardized_256/biological/biological_379.jpg,biological,trash_other,train,standardized_256
data/raw/garbage_v2/standardized_256/biological/biological_383.jpg,biological,trash_other,train,standardized_256
data/raw/garbage_v2/standardized_256/biological/biological_384.jpg,biological,trash_other,train,standardized_256
data/raw/garbage_v2/standardized_256/biological/biological_385.jpg,biological,trash_other,train,standardized_256
data/raw/garbage_v2/standardized_256/biological/biological_386.jpg,biological,trash_other,train,standardized_256
data/raw/garbage_v2/standardized_256/biological/biological_387.jpg,biological,trash_other,train,standardized_256
data/raw/garbage_v2/standardized_256/biological/biological_388.jpg,biological,trash_other,train,standardized_256
data/raw/garbage_v2/standardized_256/biological/biological_389.jpg,biological,trash_other,train,standardized_256
data/raw/garbage_v2/standardized_256/biological/biological_39.jpg,biological,trash_other,train,standardized_256
data/raw/garbage_v2/standardized_256/biological/biological_391.jpg,biological,trash_other,train,standardized_256
data/raw/garbage_v2/standardized_256/biological/biological_392.jpg,biological,trash_other,train,standardized_256
data/raw/garbage_v2/standardized_256/biological/biological_393.jpg,biological,trash_other,train,standardized_256
data/raw/garbage_v2/standardized_256/biological/biological_394.jpg,biological,trash_other,train,standardized_256
data/raw/garbage_v2/standardized_256/biological/biological_395.jpg,biological,trash_other,train,standardized_256
data/raw/garbage_v2/standardized_256/biological/biological_396.jpg,biological,trash_other,train,standardized_256
data/raw/garbage_v2/standardized_256/biological/biological_398.jpg,biological,trash_other,train,standardized_256
data/raw/garbage_v2/standardized_256/biological/biological_4.jpg,biological,trash_other,train,standardized_256
data/raw/garbage_v2/standardized_256/biological/biological_40.jpg,biological,trash_other,train,standardized_256
data/raw/garbage_v2/standardized_256/biological/biological_400.jpg,biological,trash_other,train,standardized_256
data/raw/garbage_v2/standardized_256/biological/biological_401.jpg,biological,trash_other,train,standardized_256
data/raw/garbage_v2/standardized_256/biological/biological_402.jpg,biological,trash_other,train,standardized_256
data/raw/garbage_v2/standardized_256/biological/biological_404.jpg,biological,trash_other,train,standardized_256
data/raw/garbage_v2/standardized_256/biological/biological_405.jpg,biological,trash_other,train,standardized_256
data/raw/garbage_v2/standardized_256/biological/biological_406.jpg,biological,trash_other,train,standardized_256
data/raw/garbage_v2/standardized_256/biological/biological_407.jpg,biological,trash_other,train,standardized_256
data/raw/garbage_v2/standardized_256/biological/biological_408.jpg,biological,trash_other,train,standardized_256
data/raw/garbage_v2/standardized_256/biological/biological_41.jpg,biological,trash_other,train,standardized_256
data/raw/garbage_v2/standardized_256/biological/biological_410.jpg,biological,trash_other,train,standardized_256
data/raw/garbage_v2/standardized_256/biological/biological_411.jpg,biological,trash_other,train,standardized_256
data/raw/garbage_v2/standardized_256/biological/biological_414.jpg,biological,trash_other,train,standardized_256
data/raw/garbage_v2/standardized_256/biological/biological_415.jpg,biological,trash_other,train,standardized_256
data/raw/garbage_v2/standardized_256/biological/biological_417.jpg,biological,trash_other,train,standardized_256
data/raw/garbage_v2/standardized_256/biological/biological_418.jpg,biological,trash_other,train,standardized_256
data/raw/garbage_v2/standardized_256/biological/biological_42.jpg,biological,trash_other,train,standardized_256
data/raw/garbage_v2/standardized_256/biological/biological_420.jpg,biological,trash_other,train,standardized_256
data/raw/garbage_v2/standardized_256/biological/biological_422.jpg,biological,trash_other,train,standardized_256
data/raw/garbage_v2/standardized_256/biological/biological_424.jpg,biological,trash_other,train,standardized_256
data/raw/garbage_v2/standardized_256/biological/biological_425.jpg,biological,trash_other,train,standardized_256
data/raw/garbage_v2/standardized_256/biological/biological_427.jpg,biological,trash_other,train,standardized_256
data/raw/garbage_v2/standardized_256/biological/biological_428.jpg,biological,trash_other,train,standardized_256
data/raw/garbage_v2/standardized_256/biological/biological_429.jpg,biological,trash_other,train,standardized_256
data/raw/garbage_v2/standardized_256/biological/biological_43.jpg,biological,trash_other,train,standardized_256
data/raw/garbage_v2/standardized_256/biological/biological_430.jpg,biological,trash_other,train,standardized_256
data/raw/garbage_v2/standardized_256/biological/biological_433.jpg,biological,trash_other,train,standardized_256
data/raw/garbage_v2/standardized_256/biological/biological_434.jpg,biological,trash_other,train,standardized_256
data/raw/garbage_v2/standardized_256/biological/biological_435.jpg,biological,trash_other,train,standardized_256
data/raw/garbage_v2/standardized_256/biological/biological_436.jpg,biological,trash_other,train,standardized_256
data/raw/garbage_v2/standardized_256/biological/biological_437.jpg,biological,trash_other,train,standardized_256
data/raw/garbage_v2/standardized_256/biological/biological_44.jpg,biological,trash_other,train,standardized_256
data/raw/garbage_v2/standardized_256/biological/biological_441.jpg,biological,trash_other,train,standardized_256
data/raw/garbage_v2/standardized_256/biological/biological_442.jpg,biological,trash_other,train,standardized_256
data/raw/garbage_v2/standardized_256/biological/biological_443.jpg,biological,trash_other,train,standardized_256
data/raw/garbage_v2/standardized_256/biological/biological_444.jpg,biological,trash_other,train,standardized_256
data/raw/garbage_v2/standardized_256/biological/biological_445.jpg,biological,trash_other,train,standardized_256
data/raw/garbage_v2/standardized_256/biological/biological_446.jpg,biological,trash_other,train,standardized_256
data/raw/garbage_v2/standardized_256/biological/biological_447.jpg,biological,trash_other,train,standardized_256
data/raw/garbage_v2/standardized_256/biological/biological_448.jpg,biological,trash_other,train,standardized_256
data/raw/garbage_v2/standardized_256/biological/biological_450.jpg,biological,trash_other,train,standardized_256
data/raw/garbage_v2/standardized_256/biological/biological_451.jpg,biological,trash_other,train,standardized_256
data/raw/garbage_v2/standardized_256/biological/biological_452.jpg,biological,trash_other,train,standardized_256
data/raw/garbage_v2/standardized_256/biological/biological_453.jpg,biological,trash_other,train,standardized_256
data/raw/garbage_v2/standardized_256/biological/biological_454.jpg,biological,trash_other,train,standardized_256
data/raw/garbage_v2/standardized_256/biological/biological_455.jpg,biological,trash_other,train,standardized_256
data/raw/garbage_v2/standardized_256/biological/biological_456.jpg,biological,trash_other,train,standardized_256
data/raw/garbage_v2/standardized_256/biological/biological_457.jpg,biological,trash_other,train,standardized_256
data/raw/garbage_v2/standardized_256/biological/biological_458.jpg,biological,trash_other,train,standardized_256
data/raw/garbage_v2/standardized_256/biological/biological_459.jpg,biological,trash_other,train,standardized_256
data/raw/garbage_v2/standardized_256/biological/biological_46.jpg,biological,trash_other,train,standardized_256
data/raw/garbage_v2/standardized_256/biological/biological_460.jpg,biological,trash_other,train,standardized_256
data/raw/garbage_v2/standardized_256/biological/biological_461.jpg,biological,trash_other,train,standardized_256
data/raw/garbage_v2/standardized_256/biological/biological_462.jpg,biological,trash_other,train,standardized_256
data/raw/garbage_v2/standardized_256/biological/biological_463.jpg,biological,trash_other,train,standardized_256
data/raw/garbage_v2/standardized_256/biological/biological_464.jpg,biological,trash_other,train,standardized_256
data/raw/garbage_v2/standardized_256/biological/biological_465.jpg,biological,trash_other,train,standardized_256
data/raw/garbage_v2/standardized_256/biological/biological_466.jpg,biological,trash_other,train,standardized_256
data/raw/garbage_v2/standardized_256/biological/biological_467.jpg,biological,trash_other,train,standardized_256
data/raw/garbage_v2/standardized_256/biological/biological_468.jpg,biological,trash_other,train,standardized_256
data/raw/garbage_v2/standardized_256/biological/biological_47.jpg,biological,trash_other,train,standardized_256
data/raw/garbage_v2/standardized_256/biological/biological_470.jpg,biological,trash_other,train,standardized_256
data/raw/garbage_v2/standardized_256/biological/biological_471.jpg,biological,trash_other,train,standardized_256
data/raw/garbage_v2/standardized_256/biological/biological_473.jpg,biological,trash_other,train,standardized_256
data/raw/garbage_v2/standardized_256/biological/biological_475.jpg,biological,trash_other,train,standardized_256
data/raw/garbage_v2/standardized_256/biological/biological_477.jpg,biological,trash_other,train,standardized_256
data/raw/garbage_v2/standardized_256/biological/biological_478.jpg,biological,trash_other,train,standardized_256
data/raw/garbage_v2/standardized_256/biological/biological_479.jpg,biological,trash_other,train,standardized_256
data/raw/garbage_v2/standardized_256/biological/biological_48.jpg,biological,trash_other,train,standardized_256
data/raw/garbage_v2/standardized_256/biological/biological_480.jpg,biological,trash_other,train,standardized_256
data/raw/garbage_v2/standardized_256/biological/biological_481.jpg,biological,trash_other,train,standardized_256
data/raw/garbage_v2/standardized_256/biological/biological_482.jpg,biological,trash_other,train,standardized_256
data/raw/garbage_v2/standardized_256/biological/biological_484.jpg,biological,trash_other,train,standardized_256
data/raw/garbage_v2/standardized_256/biological/biological_485.jpg,biological,trash_other,train,standardized_256
data/raw/garbage_v2/standardized_256/biological/biological_486.jpg,biological,trash_other,train,standardized_256
data/raw/garbage_v2/standardized_256/biological/biological_488.jpg,biological,trash_other,train,standardized_256
data/raw/garbage_v2/standardized_256/biological/biological_489.jpg,biological,trash_other,train,standardized_256
data/raw/garbage_v2/standardized_256/biological/biological_49.jpg,biological,trash_other,train,standardized_256
data/raw/garbage_v2/standardized_256/biological/biological_490.jpg,biological,trash_other,train,standardized_256
data/raw/garbage_v2/standardized_256/biological/biological_492.jpg,biological,trash_other,train,standardized_256
data/raw/garbage_v2/standardized_256/biological/biological_493.jpg,biological,trash_other,train,standardized_256
data/raw/garbage_v2/standardized_256/biological/biological_496.jpg,biological,trash_other,train,standardized_256
data/raw/garbage_v2/standardized_256/biological/biological_497.jpg,biological,trash_other,train,standardized_256
data/raw/garbage_v2/standardized_256/biological/biological_498.jpg,biological,trash_other,train,standardized_256
data/raw/garbage_v2/standardized_256/biological/biological_5.jpg,biological,trash_other,train,standardized_256
data/raw/garbage_v2/standardized_256/biological/biological_501.jpg,biological,trash_other,train,standardized_256
data/raw/garbage_v2/standardized_256/biological/biological_502.jpg,biological,trash_other,train,standardized_256
data/raw/garbage_v2/standardized_256/biological/biological_504.jpg,biological,trash_other,train,standardized_256
data/raw/garbage_v2/standardized_256/biological/biological_506.jpg,biological,trash_other,train,standardized_256
data/raw/garbage_v2/standardized_256/biological/biological_508.jpg,biological,trash_other,train,standardized_256
data/raw/garbage_v2/standardized_256/biological/biological_51.jpg,biological,trash_other,train,standardized_256
data/raw/garbage_v2/standardized_256/biological/biological_510.jpg,biological,trash_other,train,standardized_256
data/raw/garbage_v2/standardized_256/biological/biological_512.jpg,biological,trash_other,train,standardized_256
data/raw/garbage_v2/standardized_256/biological/biological_513.jpg,biological,trash_other,train,standardized_256
data/raw/garbage_v2/standardized_256/biological/biological_515.jpg,biological,trash_other,train,standardized_256
data/raw/garbage_v2/standardized_256/biological/biological_516.jpg,biological,trash_other,train,standardized_256
data/raw/garbage_v2/standardized_256/biological/biological_518.jpg,biological,trash_other,train,standardized_256
data/raw/garbage_v2/standardized_256/biological/biological_519.jpg,biological,trash_other,train,standardized_256
data/raw/garbage_v2/standardized_256/biological/biological_52.jpg,biological,trash_other,train,standardized_256
data/raw/garbage_v2/standardized_256/biological/biological_520.jpg,biological,trash_other,train,standardized_256
data/raw/garbage_v2/standardized_256/biological/biological_521.jpg,biological,trash_other,train,standardized_256
data/raw/garbage_v2/standardized_256/biological/biological_523.jpg,biological,trash_other,train,standardized_256
data/raw/garbage_v2/standardized_256/biological/biological_524.jpg,biological,trash_other,train,standardized_256
data/raw/garbage_v2/standardized_256/biological/biological_525.jpg,biological,trash_other,train,standardized_256
data/raw/garbage_v2/standardized_256/biological/biological_526.jpg,biological,trash_other,train,standardized_256
data/raw/garbage_v2/standardized_256/biological/biological_529.jpg,biological,trash_other,train,standardized_256
data/raw/garbage_v2/standardized_256/biological/biological_53.jpg,biological,trash_other,train,standardized_256
data/raw/garbage_v2/standardized_256/biological/biological_534.jpg,biological,trash_other,train,standardized_256
data/raw/garbage_v2/standardized_256/biological/biological_536.jpg,biological,trash_other,train,standardized_256
data/raw/garbage_v2/standardized_256/biological/biological_537.jpg,biological,trash_other,train,standardized_256
data/raw/garbage_v2/standardized_256/biological/biological_539.jpg,biological,trash_other,train,standardized_256
data/raw/garbage_v2/standardized_256/biological/biological_541.jpg,biological,trash_other,train,standardized_256
data/raw/garbage_v2/standardized_256/biological/biological_542.jpg,biological,trash_other,train,standardized_256
data/raw/garbage_v2/standardized_256/biological/biological_543.jpg,biological,trash_other,train,standardized_256
data/raw/garbage_v2/standardized_256/biological/biological_544.jpg,biological,trash_other,train,standardized_256
data/raw/garbage_v2/standardized_256/biological/biological_546.jpg,biological,trash_other,train,standardized_256
data/raw/garbage_v2/standardized_256/biological/biological_547.jpg,biological,trash_other,train,standardized_256
data/raw/garbage_v2/standardized_256/biological/biological_548.jpg,biological,trash_other,train,standardized_256
data/raw/garbage_v2/standardized_256/biological/biological_553.jpg,biological,trash_other,train,standardized_256
data/raw/garbage_v2/standardized_256/biological/biological_554.jpg,biological,trash_other,train,standardized_256
data/raw/garbage_v2/standardized_256/biological/biological_556.jpg,biological,trash_other,train,standardized_256
data/raw/garbage_v2/standardized_256/biological/biological_557.jpg,biological,trash_other,train,standardized_256
data/raw/garbage_v2/standardized_256/biological/biological_558.jpg,biological,trash_other,train,standardized_256
data/raw/garbage_v2/standardized_256/biological/biological_559.jpg,biological,trash_other,train,standardized_256
data/raw/garbage_v2/standardized_256/biological/biological_56.jpg,biological,trash_other,train,standardized_256
data/raw/garbage_v2/standardized_256/biological/biological_560.jpg,biological,trash_other,train,standardized_256
data/raw/garbage_v2/standardized_256/biological/biological_561.jpg,biological,trash_other,train,standardized_256
data/raw/garbage_v2/standardized_256/biological/biological_562.jpg,biological,trash_other,train,standardized_256
data/raw/garbage_v2/standardized_256/biological/biological_563.jpg,biological,trash_other,train,standardized_256
data/raw/garbage_v2/standardized_256/biological/biological_564.jpg,biological,trash_other,train,standardized_256
data/raw/garbage_v2/standardized_256/biological/biological_565.jpg,biological,trash_other,train,standardized_256
data/raw/garbage_v2/standardized_256/biological/biological_567.jpg,biological,trash_other,train,standardized_256
data/raw/garbage_v2/standardized_256/biological/biological_568.jpg,biological,trash_other,train,standardized_256
data/raw/garbage_v2/standardized_256/biological/biological_569.jpg,biological,trash_other,train,standardized_256
data/raw/garbage_v2/standardized_256/biological/biological_57.jpg,biological,trash_other,train,standardized_256
data/raw/garbage_v2/standardized_256/biological/biological_571.jpg,biological,trash_other,train,standardized_256
data/raw/garbage_v2/standardized_256/biological/biological_572.jpg,biological,trash_other,train,standardized_256
data/raw/garbage_v2/standardized_256/biological/biological_573.jpg,biological,trash_other,train,standardized_256
data/raw/garbage_v2/standardized_256/biological/biological_574.jpg,biological,trash_other,train,standardized_256
data/raw/garbage_v2/standardized_256/biological/biological_575.jpg,biological,trash_other,train,standardized_256
data/raw/garbage_v2/standardized_256/biological/biological_577.jpg,biological,trash_other,train,standardized_256
data/raw/garbage_v2/standardized_256/biological/biological_579.jpg,biological,trash_other,train,standardized_256
data/raw/garbage_v2/standardized_256/biological/biological_58.jpg,biological,trash_other,train,standardized_256
data/raw/garbage_v2/standardized_256/biological/biological_582.jpg,biological,trash_other,train,standardized_256
data/raw/garbage_v2/standardized_256/biological/biological_584.jpg,biological,trash_other,train,standardized_256
data/raw/garbage_v2/standardized_256/biological/biological_585.jpg,biological,trash_other,train,standardized_256
data/raw/garbage_v2/standardized_256/biological/biological_586.jpg,biological,trash_other,train,standardized_256
data/raw/garbage_v2/standardized_256/biological/biological_587.jpg,biological,trash_other,train,standardized_256
data/raw/garbage_v2/standardized_256/biological/biological_588.jpg,biological,trash_other,train,standardized_256
data/raw/garbage_v2/standardized_256/biological/biological_59.jpg,biological,trash_other,train,standardized_256
data/raw/garbage_v2/standardized_256/biological/biological_592.jpg,biological,trash_other,train,standardized_256
data/raw/garbage_v2/standardized_256/biological/biological_595.jpg,biological,trash_other,train,standardized_256
data/raw/garbage_v2/standardized_256/biological/biological_597.jpg,biological,trash_other,train,standardized_256
data/raw/garbage_v2/standardized_256/biological/biological_598.jpg,biological,trash_other,train,standardized_256
data/raw/garbage_v2/standardized_256/biological/biological_6.jpg,biological,trash_other,train,standardized_256
data/raw/garbage_v2/standardized_256/biological/biological_60.jpg,biological,trash_other,train,standardized_256
data/raw/garbage_v2/standardized_256/biological/biological_600.jpg,biological,trash_other,train,standardized_256
data/raw/garbage_v2/standardized_256/biological/biological_601.jpg,biological,trash_other,train,standardized_256
data/raw/garbage_v2/standardized_256/biological/biological_602.jpg,biological,trash_other,train,standardized_256
data/raw/garbage_v2/standardized_256/biological/biological_603.jpg,biological,trash_other,train,standardized_256
data/raw/garbage_v2/standardized_256/biological/biological_604.jpg,biological,trash_other,train,standardized_256
data/raw/garbage_v2/standardized_256/biological/biological_605.jpg,biological,trash_other,train,standardized_256
data/raw/garbage_v2/standardized_256/biological/biological_608.jpg,biological,trash_other,train,standardized_256
data/raw/garbage_v2/standardized_256/biological/biological_61.jpg,biological,trash_other,train,standardized_256
data/raw/garbage_v2/standardized_256/biological/biological_612.jpg,biological,trash_other,train,standardized_256
data/raw/garbage_v2/standardized_256/biological/biological_613.jpg,biological,trash_other,train,standardized_256
data/raw/garbage_v2/standardized_256/biological/biological_614.jpg,biological,trash_other,train,standardized_256
data/raw/garbage_v2/standardized_256/biological/biological_615.jpg,biological,trash_other,train,standardized_256
data/raw/garbage_v2/standardized_256/biological/biological_616.jpg,biological,trash_other,train,standardized_256
data/raw/garbage_v2/standardized_256/biological/biological_617.jpg,biological,trash_other,train,standardized_256
data/raw/garbage_v2/standardized_256/biological/biological_618.jpg,biological,trash_other,train,standardized_256
data/raw/garbage_v2/standardized_256/biological/biological_619.jpg,biological,trash_other,train,standardized_256
data/raw/garbage_v2/standardized_256/biological/biological_62.jpg,biological,trash_other,train,standardized_256
data/raw/garbage_v2/standardized_256/biological/biological_620.jpg,biological,trash_other,train,standardized_256
data/raw/garbage_v2/standardized_256/biological/biological_621.jpg,biological,trash_other,train,standardized_256
data/raw/garbage_v2/standardized_256/biological/biological_622.jpg,biological,trash_other,train,standardized_256
data/raw/garbage_v2/standardized_256/biological/biological_623.jpg,biological,trash_other,train,standardized_256
data/raw/garbage_v2/standardized_256/biological/biological_625.jpg,biological,trash_other,train,standardized_256
data/raw/garbage_v2/standardized_256/biological/biological_626.jpg,biological,trash_other,train,standardized_256
data/raw/garbage_v2/standardized_256/biological/biological_627.jpg,biological,trash_other,train,standardized_256
data/raw/garbage_v2/standardized_256/biological/biological_629.jpg,biological,trash_other,train,standardized_256
data/raw/garbage_v2/standardized_256/biological/biological_630.jpg,biological,trash_other,train,standardized_256
data/raw/garbage_v2/standardized_256/biological/biological_631.jpg,biological,trash_other,train,standardized_256
data/raw/garbage_v2/standardized_256/biological/biological_633.jpg,biological,trash_other,train,standardized_256
data/raw/garbage_v2/standardized_256/biological/biological_634.jpg,biological,trash_other,train,standardized_256
data/raw/garbage_v2/standardized_256/biological/biological_636.jpg,biological,trash_other,train,standardized_256
data/raw/garbage_v2/standardized_256/biological/biological_637.jpg,biological,trash_other,train,standardized_256
data/raw/garbage_v2/standardized_256/biological/biological_638.jpg,biological,trash_other,train,standardized_256
data/raw/garbage_v2/standardized_256/biological/biological_64.jpg,biological,trash_other,train,standardized_256
data/raw/garbage_v2/standardized_256/biological/biological_640.jpg,biological,trash_other,train,standardized_256
data/raw/garbage_v2/standardized_256/biological/biological_641.jpg,biological,trash_other,train,standardized_256
data/raw/garbage_v2/standardized_256/biological/biological_643.jpg,biological,trash_other,train,standardized_256
data/raw/garbage_v2/standardized_256/biological/biological_644.jpg,biological,trash_other,train,standardized_256
data/raw/garbage_v2/standardized_256/biological/biological_646.jpg,biological,trash_other,train,standardized_256
data/raw/garbage_v2/standardized_256/biological/biological_647.jpg,biological,trash_other,train,standardized_256
data/raw/garbage_v2/standardized_256/biological/biological_648.jpg,biological,trash_other,train,standardized_256
data/raw/garbage_v2/standardized_256/biological/biological_65.jpg,biological,trash_other,train,standardized_256
data/raw/garbage_v2/standardized_256/biological/biological_650.jpg,biological,trash_other,train,standardized_256
data/raw/garbage_v2/standardized_256/biological/biological_651.jpg,biological,trash_other,train,standardized_256
data/raw/garbage_v2/standardized_256/biological/biological_652.jpg,biological,trash_other,train,standardized_256
data/raw/garbage_v2/standardized_256/biological/biological_654.jpg,biological,trash_other,train,standardized_256
data/raw/garbage_v2/standardized_256/biological/biological_655.jpg,biological,trash_other,train,standardized_256
data/raw/garbage_v2/standardized_256/biological/biological_660.jpg,biological,trash_other,train,standardized_256
data/raw/garbage_v2/standardized_256/biological/biological_662.jpg,biological,trash_other,train,standardized_256
data/raw/garbage_v2/standardized_256/biological/biological_664.jpg,biological,trash_other,train,standardized_256
data/raw/garbage_v2/standardized_256/biological/biological_665.jpg,biological,trash_other,train,standardized_256
data/raw/garbage_v2/standardized_256/biological/biological_666.jpg,biological,trash_other,train,standardized_256
data/raw/garbage_v2/standardized_256/biological/biological_668.jpg,biological,trash_other,train,standardized_256
data/raw/garbage_v2/standardized_256/biological/biological_669.jpg,biological,trash_other,train,standardized_256
data/raw/garbage_v2/standardized_256/biological/biological_67.jpg,biological,trash_other,train,standardized_256
data/raw/garbage_v2/standardized_256/biological/biological_671.jpg,biological,trash_other,train,standardized_256
data/raw/garbage_v2/standardized_256/biological/biological_672.jpg,biological,trash_other,train,standardized_256
data/raw/garbage_v2/standardized_256/biological/biological_673.jpg,biological,trash_other,train,standardized_256
data/raw/garbage_v2/standardized_256/biological/biological_674.jpg,biological,trash_other,train,standardized_256
data/raw/garbage_v2/standardized_256/biological/biological_675.jpg,biological,trash_other,train,standardized_256
data/raw/garbage_v2/standardized_256/biological/biological_676.jpg,biological,trash_other,train,standardized_256
data/raw/garbage_v2/standardized_256/biological/biological_678.jpg,biological,trash_other,train,standardized_256
data/raw/garbage_v2/standardized_256/biological/biological_679.jpg,biological,trash_other,train,standardized_256
data/raw/garbage_v2/standardized_256/biological/biological_68.jpg,biological,trash_other,train,standardized_256
data/raw/garbage_v2/standardized_256/biological/biological_680.jpg,biological,trash_other,train,standardized_256
data/raw/garbage_v2/standardized_256/biological/biological_681.jpg,biological,trash_other,train,standardized_256
data/raw/garbage_v2/standardized_256/biological/biological_682.jpg,biological,trash_other,train,standardized_256
data/raw/garbage_v2/standardized_256/biological/biological_683.jpg,biological,trash_other,train,standardized_256
data/raw/garbage_v2/standardized_256/biological/biological_686.jpg,biological,trash_other,train,standardized_256
data/raw/garbage_v2/standardized_256/biological/biological_687.jpg,biological,trash_other,train,standardized_256
data/raw/garbage_v2/standardized_256/biological/biological_688.jpg,biological,trash_other,train,standardized_256
data/raw/garbage_v2/standardized_256/biological/biological_689.jpg,biological,trash_other,train,standardized_256
data/raw/garbage_v2/standardized_256/biological/biological_69.jpg,biological,trash_other,train,standardized_256
data/raw/garbage_v2/standardized_256/biological/biological_690.jpg,biological,trash_other,train,standardized_256
data/raw/garbage_v2/standardized_256/biological/biological_691.jpg,biological,trash_other,train,standardized_256
data/raw/garbage_v2/standardized_256/biological/biological_692.jpg,biological,trash_other,train,standardized_256
data/raw/garbage_v2/standardized_256/biological/biological_693.jpg,biological,trash_other,train,standardized_256
data/raw/garbage_v2/standardized_256/biological/biological_694.jpg,biological,trash_other,train,standardized_256
data/raw/garbage_v2/standardized_256/biological/biological_695.jpg,biological,trash_other,train,standardized_256
data/raw/garbage_v2/standardized_256/biological/biological_696.jpg,biological,trash_other,train,standardized_256
data/raw/garbage_v2/standardized_256/biological/biological_699.jpg,biological,trash_other,train,standardized_256
data/raw/garbage_v2/standardized_256/biological/biological_70.jpg,biological,trash_other,train,standardized_256
data/raw/garbage_v2/standardized_256/biological/biological_71.jpg,biological,trash_other,train,standardized_256
data/raw/garbage_v2/standardized_256/biological/biological_72.jpg,biological,trash_other,train,standardized_256
data/raw/garbage_v2/standardized_256/biological/biological_73.jpg,biological,trash_other,train,standardized_256
data/raw/garbage_v2/standardized_256/biological/biological_74.jpg,biological,trash_other,train,standardized_256
data/raw/garbage_v2/standardized_256/biological/biological_75.jpg,biological,trash_other,train,standardized_256
data/raw/garbage_v2/standardized_256/biological/biological_77.jpg,biological,trash_other,train,standardized_256
data/raw/garbage_v2/standardized_256/biological/biological_78.jpg,biological,trash_other,train,standardized_256
data/raw/garbage_v2/standardized_256/biological/biological_80.jpg,biological,trash_other,train,standardized_256
data/raw/garbage_v2/standardized_256/biological/biological_81.jpg,biological,trash_other,train,standardized_256
data/raw/garbage_v2/standardized_256/biological/biological_82.jpg,biological,trash_other,train,standardized_256
data/raw/garbage_v2/standardized_256/biological/biological_83.jpg,biological,trash_other,train,standardized_256
data/raw/garbage_v2/standardized_256/biological/biological_84.jpg,biological,trash_other,train,standardized_256
data/raw/garbage_v2/standardized_256/biological/biological_85.jpg,biological,trash_other,train,standardized_256
data/raw/garbage_v2/standardized_256/biological/biological_86.jpg,biological,trash_other,train,standardized_256
data/raw/garbage_v2/standardized_256/biological/biological_87.jpg,biological,trash_other,train,standardized_256
data/raw/garbage_v2/standardized_256/biological/biological_88.jpg,biological,trash_other,train,standardized_256
data/raw/garbage_v2/standardized_256/biological/biological_89.jpg,biological,trash_other,train,standardized_256
data/raw/garbage_v2/standardized_256/biological/biological_9.jpg,biological,trash_other,train,standardized_256
data/raw/garbage_v2/standardized_256/biological/biological_91.jpg,biological,trash_other,train,standardized_256
data/raw/garbage_v2/standardized_256/biological/biological_93.jpg,biological,trash_other,train,standardized_256
data/raw/garbage_v2/standardized_256/biological/biological_94.jpg,biological,trash_other,train,standardized_256
data/raw/garbage_v2/standardized_256/biological/biological_95.jpg,biological,trash_other,train,standardized_256
data/raw/garbage_v2/standardized_256/biological/biological_96.jpg,biological,trash_other,train,standardized_256
data/raw/garbage_v2/standardized_256/biological/biological_97.jpg,biological,trash_other,train,standardized_256
data/raw/garbage_v2/standardized_256/biological/biological_99.jpg,biological,trash_other,train,standardized_256
data/raw/garbage_v2/standardized_256/clothes/clothes_1.jpg,clothes,trash_other,train,standardized_256
data/raw/garbage_v2/standardized_256/clothes/clothes_10.jpg,clothes,trash_other,train,standardized_256
data/raw/garbage_v2/standardized_256/clothes/clothes_100.jpg,clothes,trash_other,train,standardized_256
data/raw/garbage_v2/standardized_256/clothes/clothes_1000.jpg,clothes,trash_other,train,standardized_256
data/raw/garbage_v2/standardized_256/clothes/clothes_1001.jpg,clothes,trash_other,train,standardized_256
data/raw/garbage_v2/standardized_256/clothes/clothes_1002.jpg,clothes,trash_other,train,standardized_256
data/raw/garbage_v2/standardized_256/clothes/clothes_1003.jpg,clothes,trash_other,train,standardized_256
data/raw/garbage_v2/standardized_256/clothes/clothes_1004.jpg,clothes,trash_other,train,standardized_256
data/raw/garbage_v2/standardized_256/clothes/clothes_1005.jpg,clothes,trash_other,train,standardized_256
data/raw/garbage_v2/standardized_256/clothes/clothes_1008.jpg,clothes,trash_other,train,standardized_256
data/raw/garbage_v2/standardized_256/clothes/clothes_1009.jpg,clothes,trash_other,train,standardized_256
data/raw/garbage_v2/standardized_256/clothes/clothes_1010.jpg,clothes,trash_other,train,standardized_256
data/raw/garbage_v2/standardized_256/clothes/clothes_1011.jpg,clothes,trash_other,train,standardized_256
data/raw/garbage_v2/standardized_256/clothes/clothes_1012.jpg,clothes,trash_other,train,standardized_256
data/raw/garbage_v2/standardized_256/clothes/clothes_1013.jpg,clothes,trash_other,train,standardized_256
data/raw/garbage_v2/standardized_256/clothes/clothes_1016.jpg,clothes,trash_other,train,standardized_256
data/raw/garbage_v2/standardized_256/clothes/clothes_1018.jpg,clothes,trash_other,train,standardized_256
data/raw/garbage_v2/standardized_256/clothes/clothes_1019.jpg,clothes,trash_other,train,standardized_256
data/raw/garbage_v2/standardized_256/clothes/clothes_1021.jpg,clothes,trash_other,train,standardized_256
data/raw/garbage_v2/standardized_256/clothes/clothes_1022.jpg,clothes,trash_other,train,standardized_256
data/raw/garbage_v2/standardized_256/clothes/clothes_1023.jpg,clothes,trash_other,train,standardized_256
data/raw/garbage_v2/standardized_256/clothes/clothes_1024.jpg,clothes,trash_other,train,standardized_256
data/raw/garbage_v2/standardized_256/clothes/clothes_1025.jpg,clothes,trash_other,train,standardized_256
data/raw/garbage_v2/standardized_256/clothes/clothes_1026.jpg,clothes,trash_other,train,standardized_256
data/raw/garbage_v2/standardized_256/clothes/clothes_1028.jpg,clothes,trash_other,train,standardized_256
data/raw/garbage_v2/standardized_256/clothes/clothes_1030.jpg,clothes,trash_other,train,standardized_256
data/raw/garbage_v2/standardized_256/clothes/clothes_1031.jpg,clothes,trash_other,train,standardized_256
data/raw/garbage_v2/standardized_256/clothes/clothes_1032.jpg,clothes,trash_other,train,standardized_256
data/raw/garbage_v2/standardized_256/clothes/clothes_1033.jpg,clothes,trash_other,train,standardized_256
data/raw/garbage_v2/standardized_256/clothes/clothes_1034.jpg,clothes,trash_other,train,standardized_256
data/raw/garbage_v2/standardized_256/clothes/clothes_1035.jpg,clothes,trash_other,train,standardized_256
data/raw/garbage_v2/standardized_256/clothes/clothes_1036.jpg,clothes,trash_other,train,standardized_256
data/raw/garbage_v2/standardized_256/clothes/clothes_1037.jpg,clothes,trash_other,train,standardized_256
data/raw/garbage_v2/standardized_256/clothes/clothes_1038.jpg,clothes,trash_other,train,standardized_256
data/raw/garbage_v2/standardized_256/clothes/clothes_1039.jpg,clothes,trash_other,train,standardized_256
data/raw/garbage_v2/standardized_256/clothes/clothes_1040.jpg,clothes,trash_other,train,standardized_256
data/raw/garbage_v2/standardized_256/clothes/clothes_1041.jpg,clothes,trash_other,train,standardized_256
data/raw/garbage_v2/standardized_256/clothes/clothes_1042.jpg,clothes,trash_other,train,standardized_256
data/raw/garbage_v2/standardized_256/clothes/clothes_1044.jpg,clothes,trash_other,train,standardized_256
data/raw/garbage_v2/standardized_256/clothes/clothes_1045.jpg,clothes,trash_other,train,standardized_256
data/raw/garbage_v2/standardized_256/clothes/clothes_1047.jpg,clothes,trash_other,train,standardized_256
data/raw/garbage_v2/standardized_256/clothes/clothes_1049.jpg,clothes,trash_other,train,standardized_256
data/raw/garbage_v2/standardized_256/clothes/clothes_105.jpg,clothes,trash_other,train,standardized_256
data/raw/garbage_v2/standardized_256/clothes/clothes_1050.jpg,clothes,trash_other,train,standardized_256
data/raw/garbage_v2/standardized_256/clothes/clothes_1053.jpg,clothes,trash_other,train,standardized_256
data/raw/garbage_v2/standardized_256/clothes/clothes_1054.jpg,clothes,trash_other,train,standardized_256
data/raw/garbage_v2/standardized_256/clothes/clothes_1057.jpg,clothes,trash_other,train,standardized_256
data/raw/garbage_v2/standardized_256/clothes/clothes_106.jpg,clothes,trash_other,train,standardized_256
data/raw/garbage_v2/standardized_256/clothes/clothes_1060.jpg,clothes,trash_other,train,standardized_256
data/raw/garbage_v2/standardized_256/clothes/clothes_1061.jpg,clothes,trash_other,train,standardized_256
data/raw/garbage_v2/standardized_256/clothes/clothes_1062.jpg,clothes,trash_other,train,standardized_256
data/raw/garbage_v2/standardized_256/clothes/clothes_1063.jpg,clothes,trash_other,train,standardized_256
data/raw/garbage_v2/standardized_256/clothes/clothes_1064.jpg,clothes,trash_other,train,standardized_256
data/raw/garbage_v2/standardized_256/clothes/clothes_1065.jpg,clothes,trash_other,train,standardized_256
data/raw/garbage_v2/standardized_256/clothes/clothes_1067.jpg,clothes,trash_other,train,standardized_256
data/raw/garbage_v2/standardized_256/clothes/clothes_1068.jpg,clothes,trash_other,train,standardized_256
data/raw/garbage_v2/standardized_256/clothes/clothes_1069.jpg,clothes,trash_other,train,standardized_256
data/raw/garbage_v2/standardized_256/clothes/clothes_107.jpg,clothes,trash_other,train,standardized_256
data/raw/garbage_v2/standardized_256/clothes/clothes_1070.jpg,clothes,trash_other,train,standardized_256
data/raw/garbage_v2/standardized_256/clothes/clothes_1071.jpg,clothes,trash_other,train,standardized_256
data/raw/garbage_v2/standardized_256/clothes/clothes_1072.jpg,clothes,trash_other,train,standardized_256
data/raw/garbage_v2/standardized_256/clothes/clothes_1073.jpg,clothes,trash_other,train,standardized_256
data/raw/garbage_v2/standardized_256/clothes/clothes_1074.jpg,clothes,trash_other,train,standardized_256
data/raw/garbage_v2/standardized_256/clothes/clothes_1076.jpg,clothes,trash_other,train,standardized_256
data/raw/garbage_v2/standardized_256/clothes/clothes_1078.jpg,clothes,trash_other,train,standardized_256
data/raw/garbage_v2/standardized_256/clothes/clothes_1079.jpg,clothes,trash_other,train,standardized_256
data/raw/garbage_v2/standardized_256/clothes/clothes_1081.jpg,clothes,trash_other,train,standardized_256
data/raw/garbage_v2/standardized_256/clothes/clothes_1082.jpg,clothes,trash_other,train,standardized_256
data/raw/garbage_v2/standardized_256/clothes/clothes_1083.jpg,clothes,trash_other,train,standardized_256
data/raw/garbage_v2/standardized_256/clothes/clothes_1085.jpg,clothes,trash_other,train,standardized_256
data/raw/garbage_v2/standardized_256/clothes/clothes_1086.jpg,clothes,trash_other,train,standardized_256
data/raw/garbage_v2/standardized_256/clothes/clothes_1087.jpg,clothes,trash_other,train,standardized_256
data/raw/garbage_v2/standardized_256/clothes/clothes_1088.jpg,clothes,trash_other,train,standardized_256
data/raw/garbage_v2/standardized_256/clothes/clothes_1089.jpg,clothes,trash_other,train,standardized_256
data/raw/garbage_v2/standardized_256/clothes/clothes_109.jpg,clothes,trash_other,train,standardized_256
data/raw/garbage_v2/standardized_256/clothes/clothes_1090.jpg,clothes,trash_other,train,standardized_256
data/raw/garbage_v2/standardized_256/clothes/clothes_1091.jpg,clothes,trash_other,train,standardized_256
data/raw/garbage_v2/standardized_256/clothes/clothes_1092.jpg,clothes,trash_other,train,standardized_256
data/raw/garbage_v2/standardized_256/clothes/clothes_1093.jpg,clothes,trash_other,train,standardized_256
data/raw/garbage_v2/standardized_256/clothes/clothes_1094.jpg,clothes,trash_other,train,standardized_256
data/raw/garbage_v2/standardized_256/clothes/clothes_1095.jpg,clothes,trash_other,train,standardized_256
data/raw/garbage_v2/standardized_256/clothes/clothes_1096.jpg,clothes,trash_other,train,standardized_256
data/raw/garbage_v2/standardized_256/clothes/clothes_1098.jpg,clothes,trash_other,train,standardized_256
data/raw/garbage_v2/standardized_256/clothes/clothes_1099.jpg,clothes,trash_other,train,standardized_256
data/raw/garbage_v2/standardized_256/clothes/clothes_11.jpg,clothes,trash_other,train,standardized_256
data/raw/garbage_v2/standardized_256/clothes/clothes_110.jpg,clothes,trash_other,train,standardized_256
data/raw/garbage_v2/standardized_256/clothes/clothes_1101.jpg,clothes,trash_other,train,standardized_256
data/raw/garbage_v2/standardized_256/clothes/clothes_1102.jpg,clothes,trash_other,train,standardized_256
data/raw/garbage_v2/standardized_256/clothes/clothes_1103.jpg,clothes,trash_other,train,standardized_256
data/raw/garbage_v2/standardized_256/clothes/clothes_1104.jpg,clothes,trash_other,train,standardized_256
data/raw/garbage_v2/standardized_256/clothes/clothes_1105.jpg,clothes,trash_other,train,standardized_256
data/raw/garbage_v2/standardized_256/clothes/clothes_1106.jpg,clothes,trash_other,train,standardized_256
data/raw/garbage_v2/standardized_256/clothes/clothes_1107.jpg,clothes,trash_other,train,standardized_256
data/raw/garbage_v2/standardized_256/clothes/clothes_1108.jpg,clothes,trash_other,train,standardized_256
data/raw/garbage_v2/standardized_256/clothes/clothes_111.jpg,clothes,trash_other,train,standardized_256
data/raw/garbage_v2/standardized_256/clothes/clothes_1110.jpg,clothes,trash_other,train,standardized_256
data/raw/garbage_v2/standardized_256/clothes/clothes_1111.jpg,clothes,trash_other,train,standardized_256
data/raw/garbage_v2/standardized_256/clothes/clothes_1112.jpg,clothes,trash_other,train,standardized_256
data/raw/garbage_v2/standardized_256/clothes/clothes_1115.jpg,clothes,trash_other,train,standardized_256
data/raw/garbage_v2/standardized_256/clothes/clothes_1116.jpg,clothes,trash_other,train,standardized_256
data/raw/garbage_v2/standardized_256/clothes/clothes_1117.jpg,clothes,trash_other,train,standardized_256
data/raw/garbage_v2/standardized_256/clothes/clothes_1118.jpg,clothes,trash_other,train,standardized_256
data/raw/garbage_v2/standardized_256/clothes/clothes_1119.jpg,clothes,trash_other,train,standardized_256
data/raw/garbage_v2/standardized_256/clothes/clothes_112.jpg,clothes,trash_other,train,standardized_256
data/raw/garbage_v2/standardized_256/clothes/clothes_1120.jpg,clothes,trash_other,train,standardized_256
data/raw/garbage_v2/standardized_256/clothes/clothes_1122.jpg,clothes,trash_other,train,standardized_256
data/raw/garbage_v2/standardized_256/clothes/clothes_1124.jpg,clothes,trash_other,train,standardized_256
data/raw/garbage_v2/standardized_256/clothes/clothes_1126.jpg,clothes,trash_other,train,standardized_256
data/raw/garbage_v2/standardized_256/clothes/clothes_1127.jpg,clothes,trash_other,train,standardized_256
data/raw/garbage_v2/standardized_256/clothes/clothes_1128.jpg,clothes,trash_other,train,standardized_256
data/raw/garbage_v2/standardized_256/clothes/clothes_1129.jpg,clothes,trash_other,train,standardized_256
data/raw/garbage_v2/standardized_256/clothes/clothes_113.jpg,clothes,trash_other,train,standardized_256
data/raw/garbage_v2/standardized_256/clothes/clothes_1130.jpg,clothes,trash_other,train,standardized_256
data/raw/garbage_v2/standardized_256/clothes/clothes_1131.jpg,clothes,trash_other,train,standardized_256
data/raw/garbage_v2/standardized_256/clothes/clothes_1132.jpg,clothes,trash_other,train,standardized_256
data/raw/garbage_v2/standardized_256/clothes/clothes_1136.jpg,clothes,trash_other,train,standardized_256
data/raw/garbage_v2/standardized_256/clothes/clothes_1137.jpg,clothes,trash_other,train,standardized_256
data/raw/garbage_v2/standardized_256/clothes/clothes_1139.jpg,clothes,trash_other,train,standardized_256
data/raw/garbage_v2/standardized_256/clothes/clothes_1140.jpg,clothes,trash_other,train,standardized_256
data/raw/garbage_v2/standardized_256/clothes/clothes_1141.jpg,clothes,trash_other,train,standardized_256
data/raw/garbage_v2/standardized_256/clothes/clothes_1144.jpg,clothes,trash_other,train,standardized_256
data/raw/garbage_v2/standardized_256/clothes/clothes_1145.jpg,clothes,trash_other,train,standardized_256
data/raw/garbage_v2/standardized_256/clothes/clothes_1146.jpg,clothes,trash_other,train,standardized_256
data/raw/garbage_v2/standardized_256/clothes/clothes_1148.jpg,clothes,trash_other,train,standardized_256
data/raw/garbage_v2/standardized_256/clothes/clothes_1149.jpg,clothes,trash_other,train,standardized_256
data/raw/garbage_v2/standardized_256/clothes/clothes_1151.jpg,clothes,trash_other,train,standardized_256
data/raw/garbage_v2/standardized_256/clothes/clothes_1152.jpg,clothes,trash_other,train,standardized_256
data/raw/garbage_v2/standardized_256/clothes/clothes_1153.jpg,clothes,trash_other,train,standardized_256
data/raw/garbage_v2/standardized_256/clothes/clothes_1157.jpg,clothes,trash_other,train,standardized_256
data/raw/garbage_v2/standardized_256/clothes/clothes_1158.jpg,clothes,trash_other,train,standardized_256
data/raw/garbage_v2/standardized_256/clothes/clothes_116.jpg,clothes,trash_other,train,standardized_256
data/raw/garbage_v2/standardized_256/clothes/clothes_1160.jpg,clothes,trash_other,train,standardized_256
data/raw/garbage_v2/standardized_256/clothes/clothes_1161.jpg,clothes,trash_other,train,standardized_256
data/raw/garbage_v2/standardized_256/clothes/clothes_1162.jpg,clothes,trash_other,train,standardized_256
data/raw/garbage_v2/standardized_256/clothes/clothes_1164.jpg,clothes,trash_other,train,standardized_256
data/raw/garbage_v2/standardized_256/clothes/clothes_1165.jpg,clothes,trash_other,train,standardized_256
data/raw/garbage_v2/standardized_256/clothes/clothes_1166.jpg,clothes,trash_other,train,standardized_256
data/raw/garbage_v2/standardized_256/clothes/clothes_1168.jpg,clothes,trash_other,train,standardized_256
data/raw/garbage_v2/standardized_256/clothes/clothes_1169.jpg,clothes,trash_other,train,standardized_256
data/raw/garbage_v2/standardized_256/clothes/clothes_1171.jpg,clothes,trash_other,train,standardized_256
data/raw/garbage_v2/standardized_256/clothes/clothes_1172.jpg,clothes,trash_other,train,standardized_256
data/raw/garbage_v2/standardized_256/clothes/clothes_1173.jpg,clothes,trash_other,train,standardized_256
data/raw/garbage_v2/standardized_256/clothes/clothes_1175.jpg,clothes,trash_other,train,standardized_256
data/raw/garbage_v2/standardized_256/clothes/clothes_1177.jpg,clothes,trash_other,train,standardized_256
data/raw/garbage_v2/standardized_256/clothes/clothes_1180.jpg,clothes,trash_other,train,standardized_256
data/raw/garbage_v2/standardized_256/clothes/clothes_1181.jpg,clothes,trash_other,train,standardized_256
data/raw/garbage_v2/standardized_256/clothes/clothes_1182.jpg,clothes,trash_other,train,standardized_256
data/raw/garbage_v2/standardized_256/clothes/clothes_1183.jpg,clothes,trash_other,train,standardized_256
data/raw/garbage_v2/standardized_256/clothes/clothes_1184.jpg,clothes,trash_other,train,standardized_256
data/raw/garbage_v2/standardized_256/clothes/clothes_1185.jpg,clothes,trash_other,train,standardized_256
data/raw/garbage_v2/standardized_256/clothes/clothes_1188.jpg,clothes,trash_other,train,standardized_256
data/raw/garbage_v2/standardized_256/clothes/clothes_119.jpg,clothes,trash_other,train,standardized_256
data/raw/garbage_v2/standardized_256/clothes/clothes_1190.jpg,clothes,trash_other,train,standardized_256
data/raw/garbage_v2/standardized_256/clothes/clothes_1192.jpg,clothes,trash_other,train,standardized_256
data/raw/garbage_v2/standardized_256/clothes/clothes_1194.jpg,clothes,trash_other,train,standardized_256
data/raw/garbage_v2/standardized_256/clothes/clothes_1197.jpg,clothes,trash_other,train,standardized_256
data/raw/garbage_v2/standardized_256/clothes/clothes_1198.jpg,clothes,trash_other,train,standardized_256
data/raw/garbage_v2/standardized_256/clothes/clothes_1199.jpg,clothes,trash_other,train,standardized_256
data/raw/garbage_v2/standardized_256/clothes/clothes_120.jpg,clothes,trash_other,train,standardized_256
data/raw/garbage_v2/standardized_256/clothes/clothes_1200.jpg,clothes,trash_other,train,standardized_256
data/raw/garbage_v2/standardized_256/clothes/clothes_1201.jpg,clothes,trash_other,train,standardized_256
data/raw/garbage_v2/standardized_256/clothes/clothes_1202.jpg,clothes,trash_other,train,standardized_256
data/raw/garbage_v2/standardized_256/clothes/clothes_1203.jpg,clothes,trash_other,train,standardized_256
data/raw/garbage_v2/standardized_256/clothes/clothes_1204.jpg,clothes,trash_other,train,standardized_256
data/raw/garbage_v2/standardized_256/clothes/clothes_1205.jpg,clothes,trash_other,train,standardized_256
data/raw/garbage_v2/standardized_256/clothes/clothes_1207.jpg,clothes,trash_other,train,standardized_256
data/raw/garbage_v2/standardized_256/clothes/clothes_1209.jpg,clothes,trash_other,train,standardized_256
data/raw/garbage_v2/standardized_256/clothes/clothes_1210.jpg,clothes,trash_other,train,standardized_256
data/raw/garbage_v2/standardized_256/clothes/clothes_1212.jpg,clothes,trash_other,train,standardized_256
data/raw/garbage_v2/standardized_256/clothes/clothes_1214.jpg,clothes,trash_other,train,standardized_256
data/raw/garbage_v2/standardized_256/clothes/clothes_1216.jpg,clothes,trash_other,train,standardized_256
data/raw/garbage_v2/standardized_256/clothes/clothes_1217.jpg,clothes,trash_other,train,standardized_256
data/raw/garbage_v2/standardized_256/clothes/clothes_1218.jpg,clothes,trash_other,train,standardized_256
data/raw/garbage_v2/standardized_256/clothes/clothes_1219.jpg,clothes,trash_other,train,standardized_256
data/raw/garbage_v2/standardized_256/clothes/clothes_122.jpg,clothes,trash_other,train,standardized_256
data/raw/garbage_v2/standardized_256/clothes/clothes_1220.jpg,clothes,trash_other,train,standardized_256
data/raw/garbage_v2/standardized_256/clothes/clothes_1221.jpg,clothes,trash_other,train,standardized_256
data/raw/garbage_v2/standardized_256/clothes/clothes_1222.jpg,clothes,trash_other,train,standardized_256
data/raw/garbage_v2/standardized_256/clothes/clothes_1223.jpg,clothes,trash_other,train,standardized_256
data/raw/garbage_v2/standardized_256/clothes/clothes_1224.jpg,clothes,trash_other,train,standardized_256
data/raw/garbage_v2/standardized_256/clothes/clothes_1225.jpg,clothes,trash_other,train,standardized_256
data/raw/garbage_v2/standardized_256/clothes/clothes_1226.jpg,clothes,trash_other,train,standardized_256
data/raw/garbage_v2/standardized_256/clothes/clothes_1227.jpg,clothes,trash_other,train,standardized_256
data/raw/garbage_v2/standardized_256/clothes/clothes_1228.jpg,clothes,trash_other,train,standardized_256
data/raw/garbage_v2/standardized_256/clothes/clothes_1229.jpg,clothes,trash_other,train,standardized_256
data/raw/garbage_v2/standardized_256/clothes/clothes_123.jpg,clothes,trash_other,train,standardized_256
data/raw/garbage_v2/standardized_256/clothes/clothes_1230.jpg,clothes,trash_other,train,standardized_256
data/raw/garbage_v2/standardized_256/clothes/clothes_1231.jpg,clothes,trash_other,train,standardized_256
data/raw/garbage_v2/standardized_256/clothes/clothes_1232.jpg,clothes,trash_other,train,standardized_256
data/raw/garbage_v2/standardized_256/clothes/clothes_1233.jpg,clothes,trash_other,train,standardized_256
data/raw/garbage_v2/standardized_256/clothes/clothes_1234.jpg,clothes,trash_other,train,standardized_256
data/raw/garbage_v2/standardized_256/clothes/clothes_1235.jpg,clothes,trash_other,train,standardized_256
data/raw/garbage_v2/standardized_256/clothes/clothes_1236.jpg,clothes,trash_other,train,standardized_256
data/raw/garbage_v2/standardized_256/clothes/clothes_1237.jpg,clothes,trash_other,train,standardized_256
data/raw/garbage_v2/standardized_256/clothes/clothes_1238.jpg,clothes,trash_other,train,standardized_256
data/raw/garbage_v2/standardized_256/clothes/clothes_1239.jpg,clothes,trash_other,train,standardized_256
data/raw/garbage_v2/standardized_256/clothes/clothes_124.jpg,clothes,trash_other,train,standardized_256
data/raw/garbage_v2/standardized_256/clothes/clothes_1240.jpg,clothes,trash_other,train,standardized_256
data/raw/garbage_v2/standardized_256/clothes/clothes_1241.jpg,clothes,trash_other,train,standardized_256
data/raw/garbage_v2/standardized_256/clothes/clothes_1243.jpg,clothes,trash_other,train,standardized_256
data/raw/garbage_v2/standardized_256/clothes/clothes_1244.jpg,clothes,trash_other,train,standardized_256
data/raw/garbage_v2/standardized_256/clothes/clothes_1246.jpg,clothes,trash_other,train,standardized_256
data/raw/garbage_v2/standardized_256/clothes/clothes_1247.jpg,clothes,trash_other,train,standardized_256
data/raw/garbage_v2/standardized_256/clothes/clothes_1250.jpg,clothes,trash_other,train,standardized_256
data/raw/garbage_v2/standardized_256/clothes/clothes_1251.jpg,clothes,trash_other,train,standardized_256
data/raw/garbage_v2/standardized_256/clothes/clothes_1253.jpg,clothes,trash_other,train,standardized_256
data/raw/garbage_v2/standardized_256/clothes/clothes_1258.jpg,clothes,trash_other,train,standardized_256
data/raw/garbage_v2/standardized_256/clothes/clothes_1260.jpg,clothes,trash_other,train,standardized_256
data/raw/garbage_v2/standardized_256/clothes/clothes_1261.jpg,clothes,trash_other,train,standardized_256
data/raw/garbage_v2/standardized_256/clothes/clothes_1262.jpg,clothes,trash_other,train,standardized_256
data/raw/garbage_v2/standardized_256/clothes/clothes_1263.jpg,clothes,trash_other,train,standardized_256
data/raw/garbage_v2/standardized_256/clothes/clothes_1265.jpg,clothes,trash_other,train,standardized_256
data/raw/garbage_v2/standardized_256/clothes/clothes_1266.jpg,clothes,trash_other,train,standardized_256
data/raw/garbage_v2/standardized_256/clothes/clothes_1268.jpg,clothes,trash_other,train,standardized_256
data/raw/garbage_v2/standardized_256/clothes/clothes_1269.jpg,clothes,trash_other,train,standardized_256
data/raw/garbage_v2/standardized_256/clothes/clothes_127.jpg,clothes,trash_other,train,standardized_256
data/raw/garbage_v2/standardized_256/clothes/clothes_1270.jpg,clothes,trash_other,train,standardized_256
data/raw/garbage_v2/standardized_256/clothes/clothes_1271.jpg,clothes,trash_other,train,standardized_256
data/raw/garbage_v2/standardized_256/clothes/clothes_1273.jpg,clothes,trash_other,train,standardized_256
data/raw/garbage_v2/standardized_256/clothes/clothes_1274.jpg,clothes,trash_other,train,standardized_256
data/raw/garbage_v2/standardized_256/clothes/clothes_1275.jpg,clothes,trash_other,train,standardized_256
data/raw/garbage_v2/standardized_256/clothes/clothes_1278.jpg,clothes,trash_other,train,standardized_256
data/raw/garbage_v2/standardized_256/clothes/clothes_1279.jpg,clothes,trash_other,train,standardized_256
data/raw/garbage_v2/standardized_256/clothes/clothes_128.jpg,clothes,trash_other,train,standardized_256
data/raw/garbage_v2/standardized_256/clothes/clothes_1280.jpg,clothes,trash_other,train,standardized_256
data/raw/garbage_v2/standardized_256/clothes/clothes_1281.jpg,clothes,trash_other,train,standardized_256
data/raw/garbage_v2/standardized_256/clothes/clothes_1283.jpg,clothes,trash_other,train,standardized_256
data/raw/garbage_v2/standardized_256/clothes/clothes_1284.jpg,clothes,trash_other,train,standardized_256
data/raw/garbage_v2/standardized_256/clothes/clothes_1285.jpg,clothes,trash_other,train,standardized_256
data/raw/garbage_v2/standardized_256/clothes/clothes_1286.jpg,clothes,trash_other,train,standardized_256
data/raw/garbage_v2/standardized_256/clothes/clothes_1287.jpg,clothes,trash_other,train,standardized_256
data/raw/garbage_v2/standardized_256/clothes/clothes_1288.jpg,clothes,trash_other,train,standardized_256
data/raw/garbage_v2/standardized_256/clothes/clothes_1289.jpg,clothes,trash_other,train,standardized_256
data/raw/garbage_v2/standardized_256/clothes/clothes_129.jpg,clothes,trash_other,train,standardized_256
data/raw/garbage_v2/standardized_256/clothes/clothes_1290.jpg,clothes,trash_other,train,standardized_256
data/raw/garbage_v2/standardized_256/clothes/clothes_1291.jpg,clothes,trash_other,train,standardized_256
data/raw/garbage_v2/standardized_256/clothes/clothes_1292.jpg,clothes,trash_other,train,standardized_256
data/raw/garbage_v2/standardized_256/clothes/clothes_1294.jpg,clothes,trash_other,train,standardized_256
data/raw/garbage_v2/standardized_256/clothes/clothes_1295.jpg,clothes,trash_other,train,standardized_256
data/raw/garbage_v2/standardized_256/clothes/clothes_1296.jpg,clothes,trash_other,train,standardized_256
data/raw/garbage_v2/standardized_256/clothes/clothes_1297.jpg,clothes,trash_other,train,standardized_256
data/raw/garbage_v2/standardized_256/clothes/clothes_1299.jpg,clothes,trash_other,train,standardized_256
data/raw/garbage_v2/standardized_256/clothes/clothes_13.jpg,clothes,trash_other,train,standardized_256
data/raw/garbage_v2/standardized_256/clothes/clothes_130.jpg,clothes,trash_other,train,standardized_256
data/raw/garbage_v2/standardized_256/clothes/clothes_1301.jpg,clothes,trash_other,train,standardized_256
data/raw/garbage_v2/standardized_256/clothes/clothes_1302.jpg,clothes,trash_other,train,standardized_256
data/raw/garbage_v2/standardized_256/clothes/clothes_1303.jpg,clothes,trash_other,train,standardized_256
data/raw/garbage_v2/standardized_256/clothes/clothes_1307.jpg,clothes,trash_other,train,standardized_256
data/raw/garbage_v2/standardized_256/clothes/clothes_1309.jpg,clothes,trash_other,train,standardized_256
data/raw/garbage_v2/standardized_256/clothes/clothes_131.jpg,clothes,trash_other,train,standardized_256
data/raw/garbage_v2/standardized_256/clothes/clothes_1311.jpg,clothes,trash_other,train,standardized_256
data/raw/garbage_v2/standardized_256/clothes/clothes_1312.jpg,clothes,trash_other,train,standardized_256
data/raw/garbage_v2/standardized_256/clothes/clothes_1314.jpg,clothes,trash_other,train,standardized_256
data/raw/garbage_v2/standardized_256/clothes/clothes_1315.jpg,clothes,trash_other,train,standardized_256
data/raw/garbage_v2/standardized_256/clothes/clothes_1318.jpg,clothes,trash_other,train,standardized_256
data/raw/garbage_v2/standardized_256/clothes/clothes_1319.jpg,clothes,trash_other,train,standardized_256
data/raw/garbage_v2/standardized_256/clothes/clothes_1320.jpg,clothes,trash_other,train,standardized_256
data/raw/garbage_v2/standardized_256/clothes/clothes_1321.jpg,clothes,trash_other,train,standardized_256
data/raw/garbage_v2/standardized_256/clothes/clothes_1322.jpg,clothes,trash_other,train,standardized_256
data/raw/garbage_v2/standardized_256/clothes/clothes_1323.jpg,clothes,trash_other,train,standardized_256
data/raw/garbage_v2/standardized_256/clothes/clothes_1324.jpg,clothes,trash_other,train,standardized_256
data/raw/garbage_v2/standardized_256/clothes/clothes_1326.jpg,clothes,trash_other,train,standardized_256
data/raw/garbage_v2/standardized_256/clothes/clothes_1327.jpg,clothes,trash_other,train,standardized_256
data/raw/garbage_v2/standardized_256/clothes/clothes_1328.jpg,clothes,trash_other,train,standardized_256
data/raw/garbage_v2/standardized_256/clothes/clothes_1330.jpg,clothes,trash_other,train,standardized_256
data/raw/garbage_v2/standardized_256/clothes/clothes_1331.jpg,clothes,trash_other,train,standardized_256
data/raw/garbage_v2/standardized_256/clothes/clothes_1332.jpg,clothes,trash_other,train,standardized_256
data/raw/garbage_v2/standardized_256/clothes/clothes_1333.jpg,clothes,trash_other,train,standardized_256
data/raw/garbage_v2/standardized_256/clothes/clothes_1334.jpg,clothes,trash_other,train,standardized_256
data/raw/garbage_v2/standardized_256/clothes/clothes_1336.jpg,clothes,trash_other,train,standardized_256
data/raw/garbage_v2/standardized_256/clothes/clothes_1337.jpg,clothes,trash_other,train,standardized_256
data/raw/garbage_v2/standardized_256/clothes/clothes_1339.jpg,clothes,trash_other,train,standardized_256
data/raw/garbage_v2/standardized_256/clothes/clothes_134.jpg,clothes,trash_other,train,standardized_256
data/raw/garbage_v2/standardized_256/clothes/clothes_1344.jpg,clothes,trash_other,train,standardized_256
data/raw/garbage_v2/standardized_256/clothes/clothes_1345.jpg,clothes,trash_other,train,standardized_256
data/raw/garbage_v2/standardized_256/clothes/clothes_1346.jpg,clothes,trash_other,train,standardized_256
data/raw/garbage_v2/standardized_256/clothes/clothes_1347.jpg,clothes,trash_other,train,standardized_256
data/raw/garbage_v2/standardized_256/clothes/clothes_1348.jpg,clothes,trash_other,train,standardized_256
data/raw/garbage_v2/standardized_256/clothes/clothes_1349.jpg,clothes,trash_other,train,standardized_256
data/raw/garbage_v2/standardized_256/clothes/clothes_135.jpg,clothes,trash_other,train,standardized_256
data/raw/garbage_v2/standardized_256/clothes/clothes_1350.jpg,clothes,trash_other,train,standardized_256
data/raw/garbage_v2/standardized_256/clothes/clothes_1351.jpg,clothes,trash_other,train,standardized_256
data/raw/garbage_v2/standardized_256/clothes/clothes_1353.jpg,clothes,trash_other,train,standardized_256
data/raw/garbage_v2/standardized_256/clothes/clothes_1354.jpg,clothes,trash_other,train,standardized_256
data/raw/garbage_v2/standardized_256/clothes/clothes_1355.jpg,clothes,trash_other,train,standardized_256
data/raw/garbage_v2/standardized_256/clothes/clothes_1356.jpg,clothes,trash_other,train,standardized_256
data/raw/garbage_v2/standardized_256/clothes/clothes_1357.jpg,clothes,trash_other,train,standardized_256
data/raw/garbage_v2/standardized_256/clothes/clothes_136.jpg,clothes,trash_other,train,standardized_256
data/raw/garbage_v2/standardized_256/clothes/clothes_1360.jpg,clothes,trash_other,train,standardized_256
data/raw/garbage_v2/standardized_256/clothes/clothes_1363.jpg,clothes,trash_other,train,standardized_256
data/raw/garbage_v2/standardized_256/clothes/clothes_1364.jpg,clothes,trash_other,train,standardized_256
data/raw/garbage_v2/standardized_256/clothes/clothes_1365.jpg,clothes,trash_other,train,standardized_256
data/raw/garbage_v2/standardized_256/clothes/clothes_1366.jpg,clothes,trash_other,train,standardized_256
data/raw/garbage_v2/standardized_256/clothes/clothes_1368.jpg,clothes,trash_other,train,standardized_256
data/raw/garbage_v2/standardized_256/clothes/clothes_137.jpg,clothes,trash_other,train,standardized_256
data/raw/garbage_v2/standardized_256/clothes/clothes_1370.jpg,clothes,trash_other,train,standardized_256
data/raw/garbage_v2/standardized_256/clothes/clothes_1371.jpg,clothes,trash_other,train,standardized_256
data/raw/garbage_v2/standardized_256/clothes/clothes_1372.jpg,clothes,trash_other,train,standardized_256
data/raw/garbage_v2/standardized_256/clothes/clothes_1373.jpg,clothes,trash_other,train,standardized_256
data/raw/garbage_v2/standardized_256/clothes/clothes_1374.jpg,clothes,trash_other,train,standardized_256
data/raw/garbage_v2/standardized_256/clothes/clothes_1375.jpg,clothes,trash_other,train,standardized_256
data/raw/garbage_v2/standardized_256/clothes/clothes_1376.jpg,clothes,trash_other,train,standardized_256
data/raw/garbage_v2/standardized_256/clothes/clothes_1377.jpg,clothes,trash_other,train,standardized_256
data/raw/garbage_v2/standardized_256/clothes/clothes_1379.jpg,clothes,trash_other,train,standardized_256
data/raw/garbage_v2/standardized_256/clothes/clothes_1381.jpg,clothes,trash_other,train,standardized_256
data/raw/garbage_v2/standardized_256/clothes/clothes_1382.jpg,clothes,trash_other,train,standardized_256
data/raw/garbage_v2/standardized_256/clothes/clothes_1383.jpg,clothes,trash_other,train,standardized_256
data/raw/garbage_v2/standardized_256/clothes/clothes_1384.jpg,clothes,trash_other,train,standardized_256
data/raw/garbage_v2/standardized_256/clothes/clothes_1386.jpg,clothes,trash_other,train,standardized_256
data/raw/garbage_v2/standardized_256/clothes/clothes_1387.jpg,clothes,trash_other,train,standardized_256
data/raw/garbage_v2/standardized_256/clothes/clothes_1389.jpg,clothes,trash_other,train,standardized_256
data/raw/garbage_v2/standardized_256/clothes/clothes_139.jpg,clothes,trash_other,train,standardized_256
data/raw/garbage_v2/standardized_256/clothes/clothes_1390.jpg,clothes,trash_other,train,standardized_256
data/raw/garbage_v2/standardized_256/clothes/clothes_1391.jpg,clothes,trash_other,train,standardized_256
data/raw/garbage_v2/standardized_256/clothes/clothes_1392.jpg,clothes,trash_other,train,standardized_256
data/raw/garbage_v2/standardized_256/clothes/clothes_1393.jpg,clothes,trash_other,train,standardized_256
data/raw/garbage_v2/standardized_256/clothes/clothes_1395.jpg,clothes,trash_other,train,standardized_256
data/raw/garbage_v2/standardized_256/clothes/clothes_1396.jpg,clothes,trash_other,train,standardized_256
data/raw/garbage_v2/standardized_256/clothes/clothes_1397.jpg,clothes,trash_other,train,standardized_256
data/raw/garbage_v2/standardized_256/clothes/clothes_1398.jpg,clothes,trash_other,train,standardized_256
data/raw/garbage_v2/standardized_256/clothes/clothes_1399.jpg,clothes,trash_other,train,standardized_256
data/raw/garbage_v2/standardized_256/clothes/clothes_14.jpg,clothes,trash_other,train,standardized_256
data/raw/garbage_v2/standardized_256/clothes/clothes_140.jpg,clothes,trash_other,train,standardized_256
data/raw/garbage_v2/standardized_256/clothes/clothes_1401.jpg,clothes,trash_other,train,standardized_256
data/raw/garbage_v2/standardized_256/clothes/clothes_1402.jpg,clothes,trash_other,train,standardized_256
data/raw/garbage_v2/standardized_256/clothes/clothes_1403.jpg,clothes,trash_other,train,standardized_256
data/raw/garbage_v2/standardized_256/clothes/clothes_1406.jpg,clothes,trash_other,train,standardized_256
data/raw/garbage_v2/standardized_256/clothes/clothes_1408.jpg,clothes,trash_other,train,standardized_256
data/raw/garbage_v2/standardized_256/clothes/clothes_1409.jpg,clothes,trash_other,train,standardized_256
data/raw/garbage_v2/standardized_256/clothes/clothes_141.jpg,clothes,trash_other,train,standardized_256
data/raw/garbage_v2/standardized_256/clothes/clothes_1410.jpg,clothes,trash_other,train,standardized_256
data/raw/garbage_v2/standardized_256/clothes/clothes_1411.jpg,clothes,trash_other,train,standardized_256
data/raw/garbage_v2/standardized_256/clothes/clothes_1413.jpg,clothes,trash_other,train,standardized_256
data/raw/garbage_v2/standardized_256/clothes/clothes_1415.jpg,clothes,trash_other,train,standardized_256
data/raw/garbage_v2/standardized_256/clothes/clothes_1416.jpg,clothes,trash_other,train,standardized_256
data/raw/garbage_v2/standardized_256/clothes/clothes_1417.jpg,clothes,trash_other,train,standardized_256
data/raw/garbage_v2/standardized_256/clothes/clothes_1418.jpg,clothes,trash_other,train,standardized_256
data/raw/garbage_v2/standardized_256/clothes/clothes_142.jpg,clothes,trash_other,train,standardized_256
data/raw/garbage_v2/standardized_256/clothes/clothes_1420.jpg,clothes,trash_other,train,standardized_256
data/raw/garbage_v2/standardized_256/clothes/clothes_1422.jpg,clothes,trash_other,train,standardized_256
data/raw/garbage_v2/standardized_256/clothes/clothes_1423.jpg,clothes,trash_other,train,standardized_256
data/raw/garbage_v2/standardized_256/clothes/clothes_1424.jpg,clothes,trash_other,train,standardized_256
data/raw/garbage_v2/standardized_256/clothes/clothes_1427.jpg,clothes,trash_other,train,standardized_256
data/raw/garbage_v2/standardized_256/clothes/clothes_1428.jpg,clothes,trash_other,train,standardized_256
data/raw/garbage_v2/standardized_256/clothes/clothes_1429.jpg,clothes,trash_other,train,standardized_256
data/raw/garbage_v2/standardized_256/clothes/clothes_143.jpg,clothes,trash_other,train,standardized_256
data/raw/garbage_v2/standardized_256/clothes/clothes_1430.jpg,clothes,trash_other,train,standardized_256
data/raw/garbage_v2/standardized_256/clothes/clothes_1431.jpg,clothes,trash_other,train,standardized_256
data/raw/garbage_v2/standardized_256/clothes/clothes_1432.jpg,clothes,trash_other,train,standardized_256
data/raw/garbage_v2/standardized_256/clothes/clothes_1433.jpg,clothes,trash_other,train,standardized_256
data/raw/garbage_v2/standardized_256/clothes/clothes_1434.jpg,clothes,trash_other,train,standardized_256
data/raw/garbage_v2/standardized_256/clothes/clothes_1435.jpg,clothes,trash_other,train,standardized_256
data/raw/garbage_v2/standardized_256/clothes/clothes_1436.jpg,clothes,trash_other,train,standardized_256
data/raw/garbage_v2/standardized_256/clothes/clothes_1437.jpg,clothes,trash_other,train,standardized_256
data/raw/garbage_v2/standardized_256/clothes/clothes_1439.jpg,clothes,trash_other,train,standardized_256
data/raw/garbage_v2/standardized_256/clothes/clothes_144.jpg,clothes,trash_other,train,standardized_256
data/raw/garbage_v2/standardized_256/clothes/clothes_1440.jpg,clothes,trash_other,train,standardized_256
data/raw/garbage_v2/standardized_256/clothes/clothes_1443.jpg,clothes,trash_other,train,standardized_256
data/raw/garbage_v2/standardized_256/clothes/clothes_1449.jpg,clothes,trash_other,train,standardized_256
data/raw/garbage_v2/standardized_256/clothes/clothes_145.jpg,clothes,trash_other,train,standardized_256
data/raw/garbage_v2/standardized_256/clothes/clothes_1450.jpg,clothes,trash_other,train,standardized_256
data/raw/garbage_v2/standardized_256/clothes/clothes_1451.jpg,clothes,trash_other,train,standardized_256
data/raw/garbage_v2/standardized_256/clothes/clothes_1455.jpg,clothes,trash_other,train,standardized_256
data/raw/garbage_v2/standardized_256/clothes/clothes_1457.jpg,clothes,trash_other,train,standardized_256
data/raw/garbage_v2/standardized_256/clothes/clothes_1458.jpg,clothes,trash_other,train,standardized_256
data/raw/garbage_v2/standardized_256/clothes/clothes_1459.jpg,clothes,trash_other,train,standardized_256
data/raw/garbage_v2/standardized_256/clothes/clothes_146.jpg,clothes,trash_other,train,standardized_256
data/raw/garbage_v2/standardized_256/clothes/clothes_1460.jpg,clothes,trash_other,train,standardized_256
data/raw/garbage_v2/standardized_256/clothes/clothes_1461.jpg,clothes,trash_other,train,standardized_256
data/raw/garbage_v2/standardized_256/clothes/clothes_1465.jpg,clothes,trash_other,train,standardized_256
data/raw/garbage_v2/standardized_256/clothes/clothes_1466.jpg,clothes,trash_other,train,standardized_256
data/raw/garbage_v2/standardized_256/clothes/clothes_1467.jpg,clothes,trash_other,train,standardized_256
data/raw/garbage_v2/standardized_256/clothes/clothes_1468.jpg,clothes,trash_other,train,standardized_256
data/raw/garbage_v2/standardized_256/clothes/clothes_1469.jpg,clothes,trash_other,train,standardized_256
data/raw/garbage_v2/standardized_256/clothes/clothes_147.jpg,clothes,trash_other,train,standardized_256
data/raw/garbage_v2/standardized_256/clothes/clothes_1470.jpg,clothes,trash_other,train,standardized_256
data/raw/garbage_v2/standardized_256/clothes/clothes_1471.jpg,clothes,trash_other,train,standardized_256
data/raw/garbage_v2/standardized_256/clothes/clothes_1472.jpg,clothes,trash_other,train,standardized_256
data/raw/garbage_v2/standardized_256/clothes/clothes_1473.jpg,clothes,trash_other,train,standardized_256
data/raw/garbage_v2/standardized_256/clothes/clothes_1474.jpg,clothes,trash_other,train,standardized_256
data/raw/garbage_v2/standardized_256/clothes/clothes_1476.jpg,clothes,trash_other,train,standardized_256
data/raw/garbage_v2/standardized_256/clothes/clothes_1477.jpg,clothes,trash_other,train,standardized_256
data/raw/garbage_v2/standardized_256/clothes/clothes_1478.jpg,clothes,trash_other,train,standardized_256
data/raw/garbage_v2/standardized_256/clothes/clothes_1479.jpg,clothes,trash_other,train,standardized_256
data/raw/garbage_v2/standardized_256/clothes/clothes_148.jpg,clothes,trash_other,train,standardized_256
data/raw/garbage_v2/standardized_256/clothes/clothes_1480.jpg,clothes,trash_other,train,standardized_256
data/raw/garbage_v2/standardized_256/clothes/clothes_1481.jpg,clothes,trash_other,train,standardized_256
data/raw/garbage_v2/standardized_256/clothes/clothes_1484.jpg,clothes,trash_other,train,standardized_256
data/raw/garbage_v2/standardized_256/clothes/clothes_1485.jpg,clothes,trash_other,train,standardized_256
data/raw/garbage_v2/standardized_256/clothes/clothes_1486.jpg,clothes,trash_other,train,standardized_256
data/raw/garbage_v2/standardized_256/clothes/clothes_1487.jpg,clothes,trash_other,train,standardized_256
data/raw/garbage_v2/standardized_256/clothes/clothes_1488.jpg,clothes,trash_other,train,standardized_256
data/raw/garbage_v2/standardized_256/clothes/clothes_1489.jpg,clothes,trash_other,train,standardized_256
data/raw/garbage_v2/standardized_256/clothes/clothes_149.jpg,clothes,trash_other,train,standardized_256
data/raw/garbage_v2/standardized_256/clothes/clothes_1490.jpg,clothes,trash_other,train,standardized_256
data/raw/garbage_v2/standardized_256/clothes/clothes_1495.jpg,clothes,trash_other,train,standardized_256
data/raw/garbage_v2/standardized_256/clothes/clothes_1497.jpg,clothes,trash_other,train,standardized_256
data/raw/garbage_v2/standardized_256/clothes/clothes_1498.jpg,clothes,trash_other,train,standardized_256
data/raw/garbage_v2/standardized_256/clothes/clothes_15.jpg,clothes,trash_other,train,standardized_256
data/raw/garbage_v2/standardized_256/clothes/clothes_150.jpg,clothes,trash_other,train,standardized_256
data/raw/garbage_v2/standardized_256/clothes/clothes_1500.jpg,clothes,trash_other,train,standardized_256
data/raw/garbage_v2/standardized_256/clothes/clothes_1502.jpg,clothes,trash_other,train,standardized_256
data/raw/garbage_v2/standardized_256/clothes/clothes_1503.jpg,clothes,trash_other,train,standardized_256
data/raw/garbage_v2/standardized_256/clothes/clothes_1505.jpg,clothes,trash_other,train,standardized_256
data/raw/garbage_v2/standardized_256/clothes/clothes_1506.jpg,clothes,trash_other,train,standardized_256
data/raw/garbage_v2/standardized_256/clothes/clothes_1508.jpg,clothes,trash_other,train,standardized_256
data/raw/garbage_v2/standardized_256/clothes/clothes_1509.jpg,clothes,trash_other,train,standardized_256
data/raw/garbage_v2/standardized_256/clothes/clothes_151.jpg,clothes,trash_other,train,standardized_256
data/raw/garbage_v2/standardized_256/clothes/clothes_1510.jpg,clothes,trash_other,train,standardized_256
data/raw/garbage_v2/standardized_256/clothes/clothes_1512.jpg,clothes,trash_other,train,standardized_256
data/raw/garbage_v2/standardized_256/clothes/clothes_1513.jpg,clothes,trash_other,train,standardized_256
data/raw/garbage_v2/standardized_256/clothes/clothes_1514.jpg,clothes,trash_other,train,standardized_256
data/raw/garbage_v2/standardized_256/clothes/clothes_1516.jpg,clothes,trash_other,train,standardized_256
data/raw/garbage_v2/standardized_256/clothes/clothes_1517.jpg,clothes,trash_other,train,standardized_256
data/raw/garbage_v2/standardized_256/clothes/clothes_1518.jpg,clothes,trash_other,train,standardized_256
data/raw/garbage_v2/standardized_256/clothes/clothes_1519.jpg,clothes,trash_other,train,standardized_256
data/raw/garbage_v2/standardized_256/clothes/clothes_152.jpg,clothes,trash_other,train,standardized_256
data/raw/garbage_v2/standardized_256/clothes/clothes_1520.jpg,clothes,trash_other,train,standardized_256
data/raw/garbage_v2/standardized_256/clothes/clothes_1521.jpg,clothes,trash_other,train,standardized_256
data/raw/garbage_v2/standardized_256/clothes/clothes_1522.jpg,clothes,trash_other,train,standardized_256
data/raw/garbage_v2/standardized_256/clothes/clothes_1523.jpg,clothes,trash_other,train,standardized_256
data/raw/garbage_v2/standardized_256/clothes/clothes_1524.jpg,clothes,trash_other,train,standardized_256
data/raw/garbage_v2/standardized_256/clothes/clothes_1525.jpg,clothes,trash_other,train,standardized_256
data/raw/garbage_v2/standardized_256/clothes/clothes_1526.jpg,clothes,trash_other,train,standardized_256
data/raw/garbage_v2/standardized_256/clothes/clothes_1528.jpg,clothes,trash_other,train,standardized_256
data/raw/garbage_v2/standardized_256/clothes/clothes_1529.jpg,clothes,trash_other,train,standardized_256
data/raw/garbage_v2/standardized_256/clothes/clothes_153.jpg,clothes,trash_other,train,standardized_256
data/raw/garbage_v2/standardized_256/clothes/clothes_1531.jpg,clothes,trash_other,train,standardized_256
data/raw/garbage_v2/standardized_256/clothes/clothes_1532.jpg,clothes,trash_other,train,standardized_256
data/raw/garbage_v2/standardized_256/clothes/clothes_1533.jpg,clothes,trash_other,train,standardized_256
data/raw/garbage_v2/standardized_256/clothes/clothes_1534.jpg,clothes,trash_other,train,standardized_256
data/raw/garbage_v2/standardized_256/clothes/clothes_1538.jpg,clothes,trash_other,train,standardized_256
data/raw/garbage_v2/standardized_256/clothes/clothes_1539.jpg,clothes,trash_other,train,standardized_256
data/raw/garbage_v2/standardized_256/clothes/clothes_154.jpg,clothes,trash_other,train,standardized_256
data/raw/garbage_v2/standardized_256/clothes/clothes_1540.jpg,clothes,trash_other,train,standardized_256
data/raw/garbage_v2/standardized_256/clothes/clothes_1541.jpg,clothes,trash_other,train,standardized_256
data/raw/garbage_v2/standardized_256/clothes/clothes_1544.jpg,clothes,trash_other,train,standardized_256
data/raw/garbage_v2/standardized_256/clothes/clothes_1545.jpg,clothes,trash_other,train,standardized_256
data/raw/garbage_v2/standardized_256/clothes/clothes_1546.jpg,clothes,trash_other,train,standardized_256
data/raw/garbage_v2/standardized_256/clothes/clothes_1548.jpg,clothes,trash_other,train,standardized_256
data/raw/garbage_v2/standardized_256/clothes/clothes_1549.jpg,clothes,trash_other,train,standardized_256
data/raw/garbage_v2/standardized_256/clothes/clothes_1554.jpg,clothes,trash_other,train,standardized_256
data/raw/garbage_v2/standardized_256/clothes/clothes_1555.jpg,clothes,trash_other,train,standardized_256
data/raw/garbage_v2/standardized_256/clothes/clothes_1556.jpg,clothes,trash_other,train,standardized_256
data/raw/garbage_v2/standardized_256/clothes/clothes_1558.jpg,clothes,trash_other,train,standardized_256
data/raw/garbage_v2/standardized_256/clothes/clothes_1559.jpg,clothes,trash_other,train,standardized_256
data/raw/garbage_v2/standardized_256/clothes/clothes_1560.jpg,clothes,trash_other,train,standardized_256
data/raw/garbage_v2/standardized_256/clothes/clothes_1562.jpg,clothes,trash_other,train,standardized_256
data/raw/garbage_v2/standardized_256/clothes/clothes_1563.jpg,clothes,trash_other,train,standardized_256
data/raw/garbage_v2/standardized_256/clothes/clothes_1564.jpg,clothes,trash_other,train,standardized_256
data/raw/garbage_v2/standardized_256/clothes/clothes_1565.jpg,clothes,trash_other,train,standardized_256
data/raw/garbage_v2/standardized_256/clothes/clothes_1566.jpg,clothes,trash_other,train,standardized_256
data/raw/garbage_v2/standardized_256/clothes/clothes_1568.jpg,clothes,trash_other,train,standardized_256
data/raw/garbage_v2/standardized_256/clothes/clothes_1569.jpg,clothes,trash_other,train,standardized_256
data/raw/garbage_v2/standardized_256/clothes/clothes_157.jpg,clothes,trash_other,train,standardized_256
data/raw/garbage_v2/standardized_256/clothes/clothes_1570.jpg,clothes,trash_other,train,standardized_256
data/raw/garbage_v2/standardized_256/clothes/clothes_1571.jpg,clothes,trash_other,train,standardized_256
data/raw/garbage_v2/standardized_256/clothes/clothes_1572.jpg,clothes,trash_other,train,standardized_256
data/raw/garbage_v2/standardized_256/clothes/clothes_1574.jpg,clothes,trash_other,train,standardized_256
data/raw/garbage_v2/standardized_256/clothes/clothes_1575.jpg,clothes,trash_other,train,standardized_256
data/raw/garbage_v2/standardized_256/clothes/clothes_1577.jpg,clothes,trash_other,train,standardized_256
data/raw/garbage_v2/standardized_256/clothes/clothes_158.jpg,clothes,trash_other,train,standardized_256
data/raw/garbage_v2/standardized_256/clothes/clothes_1580.jpg,clothes,trash_other,train,standardized_256
data/raw/garbage_v2/standardized_256/clothes/clothes_1581.jpg,clothes,trash_other,train,standardized_256
data/raw/garbage_v2/standardized_256/clothes/clothes_1583.jpg,clothes,trash_other,train,standardized_256
data/raw/garbage_v2/standardized_256/clothes/clothes_1584.jpg,clothes,trash_other,train,standardized_256
data/raw/garbage_v2/standardized_256/clothes/clothes_1585.jpg,clothes,trash_other,train,standardized_256
data/raw/garbage_v2/standardized_256/clothes/clothes_1586.jpg,clothes,trash_other,train,standardized_256
data/raw/garbage_v2/standardized_256/clothes/clothes_1588.jpg,clothes,trash_other,train,standardized_256
data/raw/garbage_v2/standardized_256/clothes/clothes_1589.jpg,clothes,trash_other,train,standardized_256
data/raw/garbage_v2/standardized_256/clothes/clothes_1590.jpg,clothes,trash_other,train,standardized_256
data/raw/garbage_v2/standardized_256/clothes/clothes_1591.jpg,clothes,trash_other,train,standardized_256
data/raw/garbage_v2/standardized_256/clothes/clothes_1592.jpg,clothes,trash_other,train,standardized_256
data/raw/garbage_v2/standardized_256/clothes/clothes_1593.jpg,clothes,trash_other,train,standardized_256
data/raw/garbage_v2/standardized_256/clothes/clothes_1594.jpg,clothes,trash_other,train,standardized_256
data/raw/garbage_v2/standardized_256/clothes/clothes_1595.jpg,clothes,trash_other,train,standardized_256
data/raw/garbage_v2/standardized_256/clothes/clothes_1596.jpg,clothes,trash_other,train,standardized_256
data/raw/garbage_v2/standardized_256/clothes/clothes_1598.jpg,clothes,trash_other,train,standardized_256
data/raw/garbage_v2/standardized_256/clothes/clothes_1599.jpg,clothes,trash_other,train,standardized_256
data/raw/garbage_v2/standardized_256/clothes/clothes_1600.jpg,clothes,trash_other,train,standardized_256
data/raw/garbage_v2/standardized_256/clothes/clothes_1601.jpg,clothes,trash_other,train,standardized_256
data/raw/garbage_v2/standardized_256/clothes/clothes_1602.jpg,clothes,trash_other,train,standardized_256
data/raw/garbage_v2/standardized_256/clothes/clothes_1603.jpg,clothes,trash_other,train,standardized_256
data/raw/garbage_v2/standardized_256/clothes/clothes_1604.jpg,clothes,trash_other,train,standardized_256
data/raw/garbage_v2/standardized_256/clothes/clothes_1606.jpg,clothes,trash_other,train,standardized_256
data/raw/garbage_v2/standardized_256/clothes/clothes_1607.jpg,clothes,trash_other,train,standardized_256
data/raw/garbage_v2/standardized_256/clothes/clothes_1611.jpg,clothes,trash_other,train,standardized_256
data/raw/garbage_v2/standardized_256/clothes/clothes_1612.jpg,clothes,trash_other,train,standardized_256
data/raw/garbage_v2/standardized_256/clothes/clothes_1613.jpg,clothes,trash_other,train,standardized_256
data/raw/garbage_v2/standardized_256/clothes/clothes_1614.jpg,clothes,trash_other,train,standardized_256
data/raw/garbage_v2/standardized_256/clothes/clothes_1616.jpg,clothes,trash_other,train,standardized_256
data/raw/garbage_v2/standardized_256/clothes/clothes_1617.jpg,clothes,trash_other,train,standardized_256
data/raw/garbage_v2/standardized_256/clothes/clothes_1618.jpg,clothes,trash_other,train,standardized_256
data/raw/garbage_v2/standardized_256/clothes/clothes_1619.jpg,clothes,trash_other,train,standardized_256
data/raw/garbage_v2/standardized_256/clothes/clothes_162.jpg,clothes,trash_other,train,standardized_256
data/raw/garbage_v2/standardized_256/clothes/clothes_1620.jpg,clothes,trash_other,train,standardized_256
data/raw/garbage_v2/standardized_256/clothes/clothes_1621.jpg,clothes,trash_other,train,standardized_256
data/raw/garbage_v2/standardized_256/clothes/clothes_1622.jpg,clothes,trash_other,train,standardized_256
data/raw/garbage_v2/standardized_256/clothes/clothes_1623.jpg,clothes,trash_other,train,standardized_256
data/raw/garbage_v2/standardized_256/clothes/clothes_1624.jpg,clothes,trash_other,train,standardized_256
data/raw/garbage_v2/standardized_256/clothes/clothes_1625.jpg,clothes,trash_other,train,standardized_256
data/raw/garbage_v2/standardized_256/clothes/clothes_1627.jpg,clothes,trash_other,train,standardized_256
data/raw/garbage_v2/standardized_256/clothes/clothes_1628.jpg,clothes,trash_other,train,standardized_256
data/raw/garbage_v2/standardized_256/clothes/clothes_1629.jpg,clothes,trash_other,train,standardized_256
data/raw/garbage_v2/standardized_256/clothes/clothes_163.jpg,clothes,trash_other,train,standardized_256
data/raw/garbage_v2/standardized_256/clothes/clothes_1631.jpg,clothes,trash_other,train,standardized_256
data/raw/garbage_v2/standardized_256/clothes/clothes_1632.jpg,clothes,trash_other,train,standardized_256
data/raw/garbage_v2/standardized_256/clothes/clothes_1633.jpg,clothes,trash_other,train,standardized_256
data/raw/garbage_v2/standardized_256/clothes/clothes_1635.jpg,clothes,trash_other,train,standardized_256
data/raw/garbage_v2/standardized_256/clothes/clothes_1637.jpg,clothes,trash_other,train,standardized_256
data/raw/garbage_v2/standardized_256/clothes/clothes_1638.jpg,clothes,trash_other,train,standardized_256
data/raw/garbage_v2/standardized_256/clothes/clothes_1639.jpg,clothes,trash_other,train,standardized_256
data/raw/garbage_v2/standardized_256/clothes/clothes_1641.jpg,clothes,trash_other,train,standardized_256
data/raw/garbage_v2/standardized_256/clothes/clothes_1642.jpg,clothes,trash_other,train,standardized_256
data/raw/garbage_v2/standardized_256/clothes/clothes_1643.jpg,clothes,trash_other,train,standardized_256
data/raw/garbage_v2/standardized_256/clothes/clothes_1644.jpg,clothes,trash_other,train,standardized_256
data/raw/garbage_v2/standardized_256/clothes/clothes_1645.jpg,clothes,trash_other,train,standardized_256
data/raw/garbage_v2/standardized_256/clothes/clothes_1646.jpg,clothes,trash_other,train,standardized_256
data/raw/garbage_v2/standardized_256/clothes/clothes_1648.jpg,clothes,trash_other,train,standardized_256
data/raw/garbage_v2/standardized_256/clothes/clothes_1649.jpg,clothes,trash_other,train,standardized_256
data/raw/garbage_v2/standardized_256/clothes/clothes_165.jpg,clothes,trash_other,train,standardized_256
data/raw/garbage_v2/standardized_256/clothes/clothes_1652.jpg,clothes,trash_other,train,standardized_256
data/raw/garbage_v2/standardized_256/clothes/clothes_1655.jpg,clothes,trash_other,train,standardized_256
data/raw/garbage_v2/standardized_256/clothes/clothes_1656.jpg,clothes,trash_other,train,standardized_256
data/raw/garbage_v2/standardized_256/clothes/clothes_1657.jpg,clothes,trash_other,train,standardized_256
data/raw/garbage_v2/standardized_256/clothes/clothes_1658.jpg,clothes,trash_other,train,standardized_256
data/raw/garbage_v2/standardized_256/clothes/clothes_1659.jpg,clothes,trash_other,train,standardized_256
data/raw/garbage_v2/standardized_256/clothes/clothes_166.jpg,clothes,trash_other,train,standardized_256
data/raw/garbage_v2/standardized_256/clothes/clothes_1665.jpg,clothes,trash_other,train,standardized_256
data/raw/garbage_v2/standardized_256/clothes/clothes_1666.jpg,clothes,trash_other,train,standardized_256
data/raw/garbage_v2/standardized_256/clothes/clothes_1667.jpg,clothes,trash_other,train,standardized_256
data/raw/garbage_v2/standardized_256/clothes/clothes_1668.jpg,clothes,trash_other,train,standardized_256
data/raw/garbage_v2/standardized_256/clothes/clothes_1669.jpg,clothes,trash_other,train,standardized_256
data/raw/garbage_v2/standardized_256/clothes/clothes_167.jpg,clothes,trash_other,train,standardized_256
data/raw/garbage_v2/standardized_256/clothes/clothes_1670.jpg,clothes,trash_other,train,standardized_256
data/raw/garbage_v2/standardized_256/clothes/clothes_1672.jpg,clothes,trash_other,train,standardized_256
data/raw/garbage_v2/standardized_256/clothes/clothes_1674.jpg,clothes,trash_other,train,standardized_256
data/raw/garbage_v2/standardized_256/clothes/clothes_1676.jpg,clothes,trash_other,train,standardized_256
data/raw/garbage_v2/standardized_256/clothes/clothes_1677.jpg,clothes,trash_other,train,standardized_256
data/raw/garbage_v2/standardized_256/clothes/clothes_1678.jpg,clothes,trash_other,train,standardized_256
data/raw/garbage_v2/standardized_256/clothes/clothes_1679.jpg,clothes,trash_other,train,standardized_256
data/raw/garbage_v2/standardized_256/clothes/clothes_168.jpg,clothes,trash_other,train,standardized_256
data/raw/garbage_v2/standardized_256/clothes/clothes_1680.jpg,clothes,trash_other,train,standardized_256
data/raw/garbage_v2/standardized_256/clothes/clothes_1681.jpg,clothes,trash_other,train,standardized_256
data/raw/garbage_v2/standardized_256/clothes/clothes_1682.jpg,clothes,trash_other,train,standardized_256
data/raw/garbage_v2/standardized_256/clothes/clothes_1683.jpg,clothes,trash_other,train,standardized_256
data/raw/garbage_v2/standardized_256/clothes/clothes_1684.jpg,clothes,trash_other,train,standardized_256
data/raw/garbage_v2/standardized_256/clothes/clothes_1685.jpg,clothes,trash_other,train,standardized_256
data/raw/garbage_v2/standardized_256/clothes/clothes_1686.jpg,clothes,trash_other,train,standardized_256
data/raw/garbage_v2/standardized_256/clothes/clothes_1688.jpg,clothes,trash_other,train,standardized_256
data/raw/garbage_v2/standardized_256/clothes/clothes_169.jpg,clothes,trash_other,train,standardized_256
data/raw/garbage_v2/standardized_256/clothes/clothes_1691.jpg,clothes,trash_other,train,standardized_256
data/raw/garbage_v2/standardized_256/clothes/clothes_1693.jpg,clothes,trash_other,train,standardized_256
data/raw/garbage_v2/standardized_256/clothes/clothes_1695.jpg,clothes,trash_other,train,standardized_256
data/raw/garbage_v2/standardized_256/clothes/clothes_1696.jpg,clothes,trash_other,train,standardized_256
data/raw/garbage_v2/standardized_256/clothes/clothes_1697.jpg,clothes,trash_other,train,standardized_256
data/raw/garbage_v2/standardized_256/clothes/clothes_1699.jpg,clothes,trash_other,train,standardized_256
data/raw/garbage_v2/standardized_256/clothes/clothes_1700.jpg,clothes,trash_other,train,standardized_256
data/raw/garbage_v2/standardized_256/clothes/clothes_1701.jpg,clothes,trash_other,train,standardized_256
data/raw/garbage_v2/standardized_256/clothes/clothes_1702.jpg,clothes,trash_other,train,standardized_256
data/raw/garbage_v2/standardized_256/clothes/clothes_1703.jpg,clothes,trash_other,train,standardized_256
data/raw/garbage_v2/standardized_256/clothes/clothes_1704.jpg,clothes,trash_other,train,standardized_256
data/raw/garbage_v2/standardized_256/clothes/clothes_1707.jpg,clothes,trash_other,train,standardized_256
data/raw/garbage_v2/standardized_256/clothes/clothes_1709.jpg,clothes,trash_other,train,standardized_256
data/raw/garbage_v2/standardized_256/clothes/clothes_171.jpg,clothes,trash_other,train,standardized_256
data/raw/garbage_v2/standardized_256/clothes/clothes_1710.jpg,clothes,trash_other,train,standardized_256
data/raw/garbage_v2/standardized_256/clothes/clothes_1711.jpg,clothes,trash_other,train,standardized_256
data/raw/garbage_v2/standardized_256/clothes/clothes_1712.jpg,clothes,trash_other,train,standardized_256
data/raw/garbage_v2/standardized_256/clothes/clothes_1717.jpg,clothes,trash_other,train,standardized_256
data/raw/garbage_v2/standardized_256/clothes/clothes_1718.jpg,clothes,trash_other,train,standardized_256
data/raw/garbage_v2/standardized_256/clothes/clothes_1719.jpg,clothes,trash_other,train,standardized_256
data/raw/garbage_v2/standardized_256/clothes/clothes_1720.jpg,clothes,trash_other,train,standardized_256
data/raw/garbage_v2/standardized_256/clothes/clothes_1723.jpg,clothes,trash_other,train,standardized_256
data/raw/garbage_v2/standardized_256/clothes/clothes_1724.jpg,clothes,trash_other,train,standardized_256
data/raw/garbage_v2/standardized_256/clothes/clothes_1725.jpg,clothes,trash_other,train,standardized_256
data/raw/garbage_v2/standardized_256/clothes/clothes_1726.jpg,clothes,trash_other,train,standardized_256
data/raw/garbage_v2/standardized_256/clothes/clothes_1727.jpg,clothes,trash_other,train,standardized_256
data/raw/garbage_v2/standardized_256/clothes/clothes_1729.jpg,clothes,trash_other,train,standardized_256
data/raw/garbage_v2/standardized_256/clothes/clothes_1730.jpg,clothes,trash_other,train,standardized_256
data/raw/garbage_v2/standardized_256/clothes/clothes_1731.jpg,clothes,trash_other,train,standardized_256
data/raw/garbage_v2/standardized_256/clothes/clothes_1733.jpg,clothes,trash_other,train,standardized_256
data/raw/garbage_v2/standardized_256/clothes/clothes_1734.jpg,clothes,trash_other,train,standardized_256
data/raw/garbage_v2/standardized_256/clothes/clothes_1736.jpg,clothes,trash_other,train,standardized_256
data/raw/garbage_v2/standardized_256/clothes/clothes_1738.jpg,clothes,trash_other,train,standardized_256
data/raw/garbage_v2/standardized_256/clothes/clothes_1739.jpg,clothes,trash_other,train,standardized_256
data/raw/garbage_v2/standardized_256/clothes/clothes_174.jpg,clothes,trash_other,train,standardized_256
data/raw/garbage_v2/standardized_256/clothes/clothes_1740.jpg,clothes,trash_other,train,standardized_256
data/raw/garbage_v2/standardized_256/clothes/clothes_1741.jpg,clothes,trash_other,train,standardized_256
data/raw/garbage_v2/standardized_256/clothes/clothes_1742.jpg,clothes,trash_other,train,standardized_256
data/raw/garbage_v2/standardized_256/clothes/clothes_1743.jpg,clothes,trash_other,train,standardized_256
data/raw/garbage_v2/standardized_256/clothes/clothes_1744.jpg,clothes,trash_other,train,standardized_256
data/raw/garbage_v2/standardized_256/clothes/clothes_1748.jpg,clothes,trash_other,train,standardized_256
data/raw/garbage_v2/standardized_256/clothes/clothes_1749.jpg,clothes,trash_other,train,standardized_256
data/raw/garbage_v2/standardized_256/clothes/clothes_175.jpg,clothes,trash_other,train,standardized_256
data/raw/garbage_v2/standardized_256/clothes/clothes_1751.jpg,clothes,trash_other,train,standardized_256
data/raw/garbage_v2/standardized_256/clothes/clothes_1753.jpg,clothes,trash_other,train,standardized_256
data/raw/garbage_v2/standardized_256/clothes/clothes_1754.jpg,clothes,trash_other,train,standardized_256
data/raw/garbage_v2/standardized_256/clothes/clothes_1755.jpg,clothes,trash_other,train,standardized_256
data/raw/garbage_v2/standardized_256/clothes/clothes_1756.jpg,clothes,trash_other,train,standardized_256
data/raw/garbage_v2/standardized_256/clothes/clothes_1758.jpg,clothes,trash_other,train,standardized_256
data/raw/garbage_v2/standardized_256/clothes/clothes_1759.jpg,clothes,trash_other,train,standardized_256
data/raw/garbage_v2/standardized_256/clothes/clothes_176.jpg,clothes,trash_other,train,standardized_256
data/raw/garbage_v2/standardized_256/clothes/clothes_1760.jpg,clothes,trash_other,train,standardized_256
data/raw/garbage_v2/standardized_256/clothes/clothes_1762.jpg,clothes,trash_other,train,standardized_256
data/raw/garbage_v2/standardized_256/clothes/clothes_1763.jpg,clothes,trash_other,train,standardized_256
data/raw/garbage_v2/standardized_256/clothes/clothes_1764.jpg,clothes,trash_other,train,standardized_256
data/raw/garbage_v2/standardized_256/clothes/clothes_1766.jpg,clothes,trash_other,train,standardized_256
data/raw/garbage_v2/standardized_256/clothes/clothes_1767.jpg,clothes,trash_other,train,standardized_256
data/raw/garbage_v2/standardized_256/clothes/clothes_1768.jpg,clothes,trash_other,train,standardized_256
data/raw/garbage_v2/standardized_256/clothes/clothes_1769.jpg,clothes,trash_other,train,standardized_256
data/raw/garbage_v2/standardized_256/clothes/clothes_1770.jpg,clothes,trash_other,train,standardized_256
data/raw/garbage_v2/standardized_256/clothes/clothes_1771.jpg,clothes,trash_other,train,standardized_256
data/raw/garbage_v2/standardized_256/clothes/clothes_1772.jpg,clothes,trash_other,train,standardized_256
data/raw/garbage_v2/standardized_256/clothes/clothes_1773.jpg,clothes,trash_other,train,standardized_256
data/raw/garbage_v2/standardized_256/clothes/clothes_1774.jpg,clothes,trash_other,train,standardized_256
data/raw/garbage_v2/standardized_256/clothes/clothes_1776.jpg,clothes,trash_other,train,standardized_256
data/raw/garbage_v2/standardized_256/clothes/clothes_1777.jpg,clothes,trash_other,train,standardized_256
data/raw/garbage_v2/standardized_256/clothes/clothes_1778.jpg,clothes,trash_other,train,standardized_256
data/raw/garbage_v2/standardized_256/clothes/clothes_178.jpg,clothes,trash_other,train,standardized_256
data/raw/garbage_v2/standardized_256/clothes/clothes_1780.jpg,clothes,trash_other,train,standardized_256
data/raw/garbage_v2/standardized_256/clothes/clothes_1781.jpg,clothes,trash_other,train,standardized_256
data/raw/garbage_v2/standardized_256/clothes/clothes_1783.jpg,clothes,trash_other,train,standardized_256
data/raw/garbage_v2/standardized_256/clothes/clothes_1784.jpg,clothes,trash_other,train,standardized_256
data/raw/garbage_v2/standardized_256/clothes/clothes_1786.jpg,clothes,trash_other,train,standardized_256
data/raw/garbage_v2/standardized_256/clothes/clothes_1787.jpg,clothes,trash_other,train,standardized_256
data/raw/garbage_v2/standardized_256/clothes/clothes_1788.jpg,clothes,trash_other,train,standardized_256
data/raw/garbage_v2/standardized_256/clothes/clothes_1789.jpg,clothes,trash_other,train,standardized_256
data/raw/garbage_v2/standardized_256/clothes/clothes_179.jpg,clothes,trash_other,train,standardized_256
data/raw/garbage_v2/standardized_256/clothes/clothes_1791.jpg,clothes,trash_other,train,standardized_256
data/raw/garbage_v2/standardized_256/clothes/clothes_1794.jpg,clothes,trash_other,train,standardized_256
data/raw/garbage_v2/standardized_256/clothes/clothes_1797.jpg,clothes,trash_other,train,standardized_256
data/raw/garbage_v2/standardized_256/clothes/clothes_1798.jpg,clothes,trash_other,train,standardized_256
data/raw/garbage_v2/standardized_256/clothes/clothes_18.jpg,clothes,trash_other,train,standardized_256
data/raw/garbage_v2/standardized_256/clothes/clothes_1800.jpg,clothes,trash_other,train,standardized_256
data/raw/garbage_v2/standardized_256/clothes/clothes_1801.jpg,clothes,trash_other,train,standardized_256
data/raw/garbage_v2/standardized_256/clothes/clothes_1802.jpg,clothes,trash_other,train,standardized_256
data/raw/garbage_v2/standardized_256/clothes/clothes_1803.jpg,clothes,trash_other,train,standardized_256
data/raw/garbage_v2/standardized_256/clothes/clothes_1805.jpg,clothes,trash_other,train,standardized_256
data/raw/garbage_v2/standardized_256/clothes/clothes_1807.jpg,clothes,trash_other,train,standardized_256
data/raw/garbage_v2/standardized_256/clothes/clothes_1808.jpg,clothes,trash_other,train,standardized_256
data/raw/garbage_v2/standardized_256/clothes/clothes_1809.jpg,clothes,trash_other,train,standardized_256
data/raw/garbage_v2/standardized_256/clothes/clothes_1810.jpg,clothes,trash_other,train,standardized_256
data/raw/garbage_v2/standardized_256/clothes/clothes_1812.jpg,clothes,trash_other,train,standardized_256
data/raw/garbage_v2/standardized_256/clothes/clothes_1813.jpg,clothes,trash_other,train,standardized_256
data/raw/garbage_v2/standardized_256/clothes/clothes_1814.jpg,clothes,trash_other,train,standardized_256
data/raw/garbage_v2/standardized_256/clothes/clothes_1815.jpg,clothes,trash_other,train,standardized_256
data/raw/garbage_v2/standardized_256/clothes/clothes_1816.jpg,clothes,trash_other,train,standardized_256
data/raw/garbage_v2/standardized_256/clothes/clothes_1819.jpg,clothes,trash_other,train,standardized_256
data/raw/garbage_v2/standardized_256/clothes/clothes_1820.jpg,clothes,trash_other,train,standardized_256
data/raw/garbage_v2/standardized_256/clothes/clothes_1821.jpg,clothes,trash_other,train,standardized_256
data/raw/garbage_v2/standardized_256/clothes/clothes_1822.jpg,clothes,trash_other,train,standardized_256
data/raw/garbage_v2/standardized_256/clothes/clothes_1823.jpg,clothes,trash_other,train,standardized_256
data/raw/garbage_v2/standardized_256/clothes/clothes_1824.jpg,clothes,trash_other,train,standardized_256
data/raw/garbage_v2/standardized_256/clothes/clothes_1825.jpg,clothes,trash_other,train,standardized_256
data/raw/garbage_v2/standardized_256/clothes/clothes_1830.jpg,clothes,trash_other,train,standardized_256
data/raw/garbage_v2/standardized_256/clothes/clothes_1831.jpg,clothes,trash_other,train,standardized_256
data/raw/garbage_v2/standardized_256/clothes/clothes_1833.jpg,clothes,trash_other,train,standardized_256
data/raw/garbage_v2/standardized_256/clothes/clothes_1834.jpg,clothes,trash_other,train,standardized_256
data/raw/garbage_v2/standardized_256/clothes/clothes_1835.jpg,clothes,trash_other,train,standardized_256
data/raw/garbage_v2/standardized_256/clothes/clothes_1836.jpg,clothes,trash_other,train,standardized_256
data/raw/garbage_v2/standardized_256/clothes/clothes_1837.jpg,clothes,trash_other,train,standardized_256
data/raw/garbage_v2/standardized_256/clothes/clothes_184.jpg,clothes,trash_other,train,standardized_256
data/raw/garbage_v2/standardized_256/clothes/clothes_1840.jpg,clothes,trash_other,train,standardized_256
data/raw/garbage_v2/standardized_256/clothes/clothes_1843.jpg,clothes,trash_other,train,standardized_256
data/raw/garbage_v2/standardized_256/clothes/clothes_1844.jpg,clothes,trash_other,train,standardized_256
data/raw/garbage_v2/standardized_256/clothes/clothes_1846.jpg,clothes,trash_other,train,standardized_256
data/raw/garbage_v2/standardized_256/clothes/clothes_1847.jpg,clothes,trash_other,train,standardized_256
data/raw/garbage_v2/standardized_256/clothes/clothes_1848.jpg,clothes,trash_other,train,standardized_256
data/raw/garbage_v2/standardized_256/clothes/clothes_1849.jpg,clothes,trash_other,train,standardized_256
data/raw/garbage_v2/standardized_256/clothes/clothes_1851.jpg,clothes,trash_other,train,standardized_256
data/raw/garbage_v2/standardized_256/clothes/clothes_1853.jpg,clothes,trash_other,train,standardized_256
data/raw/garbage_v2/standardized_256/clothes/clothes_1854.jpg,clothes,trash_other,train,standardized_256
data/raw/garbage_v2/standardized_256/clothes/clothes_1855.jpg,clothes,trash_other,train,standardized_256
data/raw/garbage_v2/standardized_256/clothes/clothes_1856.jpg,clothes,trash_other,train,standardized_256
data/raw/garbage_v2/standardized_256/clothes/clothes_1857.jpg,clothes,trash_other,train,standardized_256
data/raw/garbage_v2/standardized_256/clothes/clothes_1858.jpg,clothes,trash_other,train,standardized_256
data/raw/garbage_v2/standardized_256/clothes/clothes_1859.jpg,clothes,trash_other,train,standardized_256
data/raw/garbage_v2/standardized_256/clothes/clothes_186.jpg,clothes,trash_other,train,standardized_256
data/raw/garbage_v2/standardized_256/clothes/clothes_1860.jpg,clothes,trash_other,train,standardized_256
data/raw/garbage_v2/standardized_256/clothes/clothes_1861.jpg,clothes,trash_other,train,standardized_256
data/raw/garbage_v2/standardized_256/clothes/clothes_1862.jpg,clothes,trash_other,train,standardized_256
data/raw/garbage_v2/standardized_256/clothes/clothes_1863.jpg,clothes,trash_other,train,standardized_256
data/raw/garbage_v2/standardized_256/clothes/clothes_1864.jpg,clothes,trash_other,train,standardized_256
data/raw/garbage_v2/standardized_256/clothes/clothes_1865.jpg,clothes,trash_other,train,standardized_256
data/raw/garbage_v2/standardized_256/clothes/clothes_1866.jpg,clothes,trash_other,train,standardized_256
data/raw/garbage_v2/standardized_256/clothes/clothes_1867.jpg,clothes,trash_other,train,standardized_256
data/raw/garbage_v2/standardized_256/clothes/clothes_1868.jpg,clothes,trash_other,train,standardized_256
data/raw/garbage_v2/standardized_256/clothes/clothes_1869.jpg,clothes,trash_other,train,standardized_256
data/raw/garbage_v2/standardized_256/clothes/clothes_187.jpg,clothes,trash_other,train,standardized_256
data/raw/garbage_v2/standardized_256/clothes/clothes_1870.jpg,clothes,trash_other,train,standardized_256
data/raw/garbage_v2/standardized_256/clothes/clothes_1871.jpg,clothes,trash_other,train,standardized_256
data/raw/garbage_v2/standardized_256/clothes/clothes_1872.jpg,clothes,trash_other,train,standardized_256
data/raw/garbage_v2/standardized_256/clothes/clothes_1873.jpg,clothes,trash_other,train,standardized_256
data/raw/garbage_v2/standardized_256/clothes/clothes_1874.jpg,clothes,trash_other,train,standardized_256
data/raw/garbage_v2/standardized_256/clothes/clothes_1878.jpg,clothes,trash_other,train,standardized_256
data/raw/garbage_v2/standardized_256/clothes/clothes_1879.jpg,clothes,trash_other,train,standardized_256
data/raw/garbage_v2/standardized_256/clothes/clothes_188.jpg,clothes,trash_other,train,standardized_256
data/raw/garbage_v2/standardized_256/clothes/clothes_1880.jpg,clothes,trash_other,train,standardized_256
data/raw/garbage_v2/standardized_256/clothes/clothes_1881.jpg,clothes,trash_other,train,standardized_256
data/raw/garbage_v2/standardized_256/clothes/clothes_1883.jpg,clothes,trash_other,train,standardized_256
data/raw/garbage_v2/standardized_256/clothes/clothes_1884.jpg,clothes,trash_other,train,standardized_256
data/raw/garbage_v2/standardized_256/clothes/clothes_1885.jpg,clothes,trash_other,train,standardized_256
data/raw/garbage_v2/standardized_256/clothes/clothes_1886.jpg,clothes,trash_other,train,standardized_256
data/raw/garbage_v2/standardized_256/clothes/clothes_1887.jpg,clothes,trash_other,train,standardized_256
data/raw/garbage_v2/standardized_256/clothes/clothes_1888.jpg,clothes,trash_other,train,standardized_256
data/raw/garbage_v2/standardized_256/clothes/clothes_1890.jpg,clothes,trash_other,train,standardized_256
data/raw/garbage_v2/standardized_256/clothes/clothes_19.jpg,clothes,trash_other,train,standardized_256
data/raw/garbage_v2/standardized_256/clothes/clothes_190.jpg,clothes,trash_other,train,standardized_256
data/raw/garbage_v2/standardized_256/clothes/clothes_191.jpg,clothes,trash_other,train,standardized_256
data/raw/garbage_v2/standardized_256/clothes/clothes_193.jpg,clothes,trash_other,train,standardized_256
data/raw/garbage_v2/standardized_256/clothes/clothes_194.jpg,clothes,trash_other,train,standardized_256
data/raw/garbage_v2/standardized_256/clothes/clothes_197.jpg,clothes,trash_other,train,standardized_256
data/raw/garbage_v2/standardized_256/clothes/clothes_199.jpg,clothes,trash_other,train,standardized_256
data/raw/garbage_v2/standardized_256/clothes/clothes_200.jpg,clothes,trash_other,train,standardized_256
data/raw/garbage_v2/standardized_256/clothes/clothes_202.jpg,clothes,trash_other,train,standardized_256
data/raw/garbage_v2/standardized_256/clothes/clothes_204.jpg,clothes,trash_other,train,standardized_256
data/raw/garbage_v2/standardized_256/clothes/clothes_205.jpg,clothes,trash_other,train,standardized_256
data/raw/garbage_v2/standardized_256/clothes/clothes_206.jpg,clothes,trash_other,train,standardized_256
data/raw/garbage_v2/standardized_256/clothes/clothes_21.jpg,clothes,trash_other,train,standardized_256
data/raw/garbage_v2/standardized_256/clothes/clothes_210.jpg,clothes,trash_other,train,standardized_256
data/raw/garbage_v2/standardized_256/clothes/clothes_211.jpg,clothes,trash_other,train,standardized_256
data/raw/garbage_v2/standardized_256/clothes/clothes_212.jpg,clothes,trash_other,train,standardized_256
data/raw/garbage_v2/standardized_256/clothes/clothes_213.jpg,clothes,trash_other,train,standardized_256
data/raw/garbage_v2/standardized_256/clothes/clothes_214.jpg,clothes,trash_other,train,standardized_256
data/raw/garbage_v2/standardized_256/clothes/clothes_219.jpg,clothes,trash_other,train,standardized_256
data/raw/garbage_v2/standardized_256/clothes/clothes_22.jpg,clothes,trash_other,train,standardized_256
data/raw/garbage_v2/standardized_256/clothes/clothes_221.jpg,clothes,trash_other,train,standardized_256
data/raw/garbage_v2/standardized_256/clothes/clothes_222.jpg,clothes,trash_other,train,standardized_256
data/raw/garbage_v2/standardized_256/clothes/clothes_223.jpg,clothes,trash_other,train,standardized_256
data/raw/garbage_v2/standardized_256/clothes/clothes_224.jpg,clothes,trash_other,train,standardized_256
data/raw/garbage_v2/standardized_256/clothes/clothes_225.jpg,clothes,trash_other,train,standardized_256
data/raw/garbage_v2/standardized_256/clothes/clothes_226.jpg,clothes,trash_other,train,standardized_256
data/raw/garbage_v2/standardized_256/clothes/clothes_228.jpg,clothes,trash_other,train,standardized_256
data/raw/garbage_v2/standardized_256/clothes/clothes_23.jpg,clothes,trash_other,train,standardized_256
data/raw/garbage_v2/standardized_256/clothes/clothes_230.jpg,clothes,trash_other,train,standardized_256
data/raw/garbage_v2/standardized_256/clothes/clothes_231.jpg,clothes,trash_other,train,standardized_256
data/raw/garbage_v2/standardized_256/clothes/clothes_232.jpg,clothes,trash_other,train,standardized_256
data/raw/garbage_v2/standardized_256/clothes/clothes_233.jpg,clothes,trash_other,train,standardized_256
data/raw/garbage_v2/standardized_256/clothes/clothes_234.jpg,clothes,trash_other,train,standardized_256
data/raw/garbage_v2/standardized_256/clothes/clothes_235.jpg,clothes,trash_other,train,standardized_256
data/raw/garbage_v2/standardized_256/clothes/clothes_238.jpg,clothes,trash_other,train,standardized_256
data/raw/garbage_v2/standardized_256/clothes/clothes_239.jpg,clothes,trash_other,train,standardized_256
data/raw/garbage_v2/standardized_256/clothes/clothes_240.jpg,clothes,trash_other,train,standardized_256
data/raw/garbage_v2/standardized_256/clothes/clothes_241.jpg,clothes,trash_other,train,standardized_256
data/raw/garbage_v2/standardized_256/clothes/clothes_242.jpg,clothes,trash_other,train,standardized_256
data/raw/garbage_v2/standardized_256/clothes/clothes_243.jpg,clothes,trash_other,train,standardized_256
data/raw/garbage_v2/standardized_256/clothes/clothes_244.jpg,clothes,trash_other,train,standardized_256
data/raw/garbage_v2/standardized_256/clothes/clothes_245.jpg,clothes,trash_other,train,standardized_256
data/raw/garbage_v2/standardized_256/clothes/clothes_247.jpg,clothes,trash_other,train,standardized_256
data/raw/garbage_v2/standardized_256/clothes/clothes_248.jpg,clothes,trash_other,train,standardized_256
data/raw/garbage_v2/standardized_256/clothes/clothes_249.jpg,clothes,trash_other,train,standardized_256
data/raw/garbage_v2/standardized_256/clothes/clothes_25.jpg,clothes,trash_other,train,standardized_256
data/raw/garbage_v2/standardized_256/clothes/clothes_250.jpg,clothes,trash_other,train,standardized_256
data/raw/garbage_v2/standardized_256/clothes/clothes_252.jpg,clothes,trash_other,train,standardized_256
data/raw/garbage_v2/standardized_256/clothes/clothes_253.jpg,clothes,trash_other,train,standardized_256
data/raw/garbage_v2/standardized_256/clothes/clothes_254.jpg,clothes,trash_other,train,standardized_256
data/raw/garbage_v2/standardized_256/clothes/clothes_255.jpg,clothes,trash_other,train,standardized_256
data/raw/garbage_v2/standardized_256/clothes/clothes_257.jpg,clothes,trash_other,train,standardized_256
data/raw/garbage_v2/standardized_256/clothes/clothes_258.jpg,clothes,trash_other,train,standardized_256
data/raw/garbage_v2/standardized_256/clothes/clothes_259.jpg,clothes,trash_other,train,standardized_256
data/raw/garbage_v2/standardized_256/clothes/clothes_26.jpg,clothes,trash_other,train,standardized_256
data/raw/garbage_v2/standardized_256/clothes/clothes_260.jpg,clothes,trash_other,train,standardized_256
data/raw/garbage_v2/standardized_256/clothes/clothes_262.jpg,clothes,trash_other,train,standardized_256
data/raw/garbage_v2/standardized_256/clothes/clothes_263.jpg,clothes,trash_other,train,standardized_256
data/raw/garbage_v2/standardized_256/clothes/clothes_264.jpg,clothes,trash_other,train,standardized_256
data/raw/garbage_v2/standardized_256/clothes/clothes_265.jpg,clothes,trash_other,train,standardized_256
data/raw/garbage_v2/standardized_256/clothes/clothes_267.jpg,clothes,trash_other,train,standardized_256
data/raw/garbage_v2/standardized_256/clothes/clothes_27.jpg,clothes,trash_other,train,standardized_256
data/raw/garbage_v2/standardized_256/clothes/clothes_270.jpg,clothes,trash_other,train,standardized_256
data/raw/garbage_v2/standardized_256/clothes/clothes_272.jpg,clothes,trash_other,train,standardized_256
data/raw/garbage_v2/standardized_256/clothes/clothes_273.jpg,clothes,trash_other,train,standardized_256
data/raw/garbage_v2/standardized_256/clothes/clothes_274.jpg,clothes,trash_other,train,standardized_256
data/raw/garbage_v2/standardized_256/clothes/clothes_275.jpg,clothes,trash_other,train,standardized_256
data/raw/garbage_v2/standardized_256/clothes/clothes_277.jpg,clothes,trash_other,train,standardized_256
data/raw/garbage_v2/standardized_256/clothes/clothes_278.jpg,clothes,trash_other,train,standardized_256
data/raw/garbage_v2/standardized_256/clothes/clothes_279.jpg,clothes,trash_other,train,standardized_256
data/raw/garbage_v2/standardized_256/clothes/clothes_28.jpg,clothes,trash_other,train,standardized_256
data/raw/garbage_v2/standardized_256/clothes/clothes_281.jpg,clothes,trash_other,train,standardized_256
data/raw/garbage_v2/standardized_256/clothes/clothes_282.jpg,clothes,trash_other,train,standardized_256
data/raw/garbage_v2/standardized_256/clothes/clothes_284.jpg,clothes,trash_other,train,standardized_256
data/raw/garbage_v2/standardized_256/clothes/clothes_288.jpg,clothes,trash_other,train,standardized_256
data/raw/garbage_v2/standardized_256/clothes/clothes_289.jpg,clothes,trash_other,train,standardized_256
data/raw/garbage_v2/standardized_256/clothes/clothes_29.jpg,clothes,trash_other,train,standardized_256
data/raw/garbage_v2/standardized_256/clothes/clothes_290.jpg,clothes,trash_other,train,standardized_256
data/raw/garbage_v2/standardized_256/clothes/clothes_291.jpg,clothes,trash_other,train,standardized_256
data/raw/garbage_v2/standardized_256/clothes/clothes_293.jpg,clothes,trash_other,train,standardized_256
data/raw/garbage_v2/standardized_256/clothes/clothes_294.jpg,clothes,trash_other,train,standardized_256
data/raw/garbage_v2/standardized_256/clothes/clothes_296.jpg,clothes,trash_other,train,standardized_256
data/raw/garbage_v2/standardized_256/clothes/clothes_299.jpg,clothes,trash_other,train,standardized_256
data/raw/garbage_v2/standardized_256/clothes/clothes_3.jpg,clothes,trash_other,train,standardized_256
data/raw/garbage_v2/standardized_256/clothes/clothes_30.jpg,clothes,trash_other,train,standardized_256
data/raw/garbage_v2/standardized_256/clothes/clothes_302.jpg,clothes,trash_other,train,standardized_256
data/raw/garbage_v2/standardized_256/clothes/clothes_303.jpg,clothes,trash_other,train,standardized_256
data/raw/garbage_v2/standardized_256/clothes/clothes_304.jpg,clothes,trash_other,train,standardized_256
data/raw/garbage_v2/standardized_256/clothes/clothes_305.jpg,clothes,trash_other,train,standardized_256
data/raw/garbage_v2/standardized_256/clothes/clothes_306.jpg,clothes,trash_other,train,standardized_256
data/raw/garbage_v2/standardized_256/clothes/clothes_307.jpg,clothes,trash_other,train,standardized_256
data/raw/garbage_v2/standardized_256/clothes/clothes_31.jpg,clothes,trash_other,train,standardized_256
data/raw/garbage_v2/standardized_256/clothes/clothes_310.jpg,clothes,trash_other,train,standardized_256
data/raw/garbage_v2/standardized_256/clothes/clothes_315.jpg,clothes,trash_other,train,standardized_256
data/raw/garbage_v2/standardized_256/clothes/clothes_316.jpg,clothes,trash_other,train,standardized_256
data/raw/garbage_v2/standardized_256/clothes/clothes_319.jpg,clothes,trash_other,train,standardized_256
data/raw/garbage_v2/standardized_256/clothes/clothes_32.jpg,clothes,trash_other,train,standardized_256
data/raw/garbage_v2/standardized_256/clothes/clothes_320.jpg,clothes,trash_other,train,standardized_256
data/raw/garbage_v2/standardized_256/clothes/clothes_322.jpg,clothes,trash_other,train,standardized_256
data/raw/garbage_v2/standardized_256/clothes/clothes_324.jpg,clothes,trash_other,train,standardized_256
data/raw/garbage_v2/standardized_256/clothes/clothes_325.jpg,clothes,trash_other,train,standardized_256
data/raw/garbage_v2/standardized_256/clothes/clothes_328.jpg,clothes,trash_other,train,standardized_256
data/raw/garbage_v2/standardized_256/clothes/clothes_329.jpg,clothes,trash_other,train,standardized_256
data/raw/garbage_v2/standardized_256/clothes/clothes_33.jpg,clothes,trash_other,train,standardized_256
data/raw/garbage_v2/standardized_256/clothes/clothes_331.jpg,clothes,trash_other,train,standardized_256
data/raw/garbage_v2/standardized_256/clothes/clothes_332.jpg,clothes,trash_other,train,standardized_256
data/raw/garbage_v2/standardized_256/clothes/clothes_335.jpg,clothes,trash_other,train,standardized_256
data/raw/garbage_v2/standardized_256/clothes/clothes_336.jpg,clothes,trash_other,train,standardized_256
data/raw/garbage_v2/standardized_256/clothes/clothes_339.jpg,clothes,trash_other,train,standardized_256
data/raw/garbage_v2/standardized_256/clothes/clothes_340.jpg,clothes,trash_other,train,standardized_256
data/raw/garbage_v2/standardized_256/clothes/clothes_341.jpg,clothes,trash_other,train,standardized_256
data/raw/garbage_v2/standardized_256/clothes/clothes_342.jpg,clothes,trash_other,train,standardized_256
data/raw/garbage_v2/standardized_256/clothes/clothes_343.jpg,clothes,trash_other,train,standardized_256
data/raw/garbage_v2/standardized_256/clothes/clothes_344.jpg,clothes,trash_other,train,standardized_256
data/raw/garbage_v2/standardized_256/clothes/clothes_345.jpg,clothes,trash_other,train,standardized_256
data/raw/garbage_v2/standardized_256/clothes/clothes_346.jpg,clothes,trash_other,train,standardized_256
data/raw/garbage_v2/standardized_256/clothes/clothes_347.jpg,clothes,trash_other,train,standardized_256
data/raw/garbage_v2/standardized_256/clothes/clothes_348.jpg,clothes,trash_other,train,standardized_256
data/raw/garbage_v2/standardized_256/clothes/clothes_349.jpg,clothes,trash_other,train,standardized_256
data/raw/garbage_v2/standardized_256/clothes/clothes_351.jpg,clothes,trash_other,train,standardized_256
data/raw/garbage_v2/standardized_256/clothes/clothes_352.jpg,clothes,trash_other,train,standardized_256
data/raw/garbage_v2/standardized_256/clothes/clothes_353.jpg,clothes,trash_other,train,standardized_256
data/raw/garbage_v2/standardized_256/clothes/clothes_354.jpg,clothes,trash_other,train,standardized_256
data/raw/garbage_v2/standardized_256/clothes/clothes_358.jpg,clothes,trash_other,train,standardized_256
data/raw/garbage_v2/standardized_256/clothes/clothes_359.jpg,clothes,trash_other,train,standardized_256
data/raw/garbage_v2/standardized_256/clothes/clothes_360.jpg,clothes,trash_other,train,standardized_256
data/raw/garbage_v2/standardized_256/clothes/clothes_361.jpg,clothes,trash_other,train,standardized_256
data/raw/garbage_v2/standardized_256/clothes/clothes_362.jpg,clothes,trash_other,train,standardized_256
data/raw/garbage_v2/standardized_256/clothes/clothes_363.jpg,clothes,trash_other,train,standardized_256
data/raw/garbage_v2/standardized_256/clothes/clothes_364.jpg,clothes,trash_other,train,standardized_256
data/raw/garbage_v2/standardized_256/clothes/clothes_366.jpg,clothes,trash_other,train,standardized_256
data/raw/garbage_v2/standardized_256/clothes/clothes_367.jpg,clothes,trash_other,train,standardized_256
data/raw/garbage_v2/standardized_256/clothes/clothes_368.jpg,clothes,trash_other,train,standardized_256
data/raw/garbage_v2/standardized_256/clothes/clothes_37.jpg,clothes,trash_other,train,standardized_256
data/raw/garbage_v2/standardized_256/clothes/clothes_370.jpg,clothes,trash_other,train,standardized_256
data/raw/garbage_v2/standardized_256/clothes/clothes_371.jpg,clothes,trash_other,train,standardized_256
data/raw/garbage_v2/standardized_256/clothes/clothes_372.jpg,clothes,trash_other,train,standardized_256
data/raw/garbage_v2/standardized_256/clothes/clothes_373.jpg,clothes,trash_other,train,standardized_256
data/raw/garbage_v2/standardized_256/clothes/clothes_374.jpg,clothes,trash_other,train,standardized_256
data/raw/garbage_v2/standardized_256/clothes/clothes_376.jpg,clothes,trash_other,train,standardized_256
data/raw/garbage_v2/standardized_256/clothes/clothes_377.jpg,clothes,trash_other,train,standardized_256
data/raw/garbage_v2/standardized_256/clothes/clothes_379.jpg,clothes,trash_other,train,standardized_256
data/raw/garbage_v2/standardized_256/clothes/clothes_38.jpg,clothes,trash_other,train,standardized_256
data/raw/garbage_v2/standardized_256/clothes/clothes_381.jpg,clothes,trash_other,train,standardized_256
data/raw/garbage_v2/standardized_256/clothes/clothes_382.jpg,clothes,trash_other,train,standardized_256
data/raw/garbage_v2/standardized_256/clothes/clothes_384.jpg,clothes,trash_other,train,standardized_256
data/raw/garbage_v2/standardized_256/clothes/clothes_385.jpg,clothes,trash_other,train,standardized_256
data/raw/garbage_v2/standardized_256/clothes/clothes_386.jpg,clothes,trash_other,train,standardized_256
data/raw/garbage_v2/standardized_256/clothes/clothes_388.jpg,clothes,trash_other,train,standardized_256
data/raw/garbage_v2/standardized_256/clothes/clothes_389.jpg,clothes,trash_other,train,standardized_256
data/raw/garbage_v2/standardized_256/clothes/clothes_39.jpg,clothes,trash_other,train,standardized_256
data/raw/garbage_v2/standardized_256/clothes/clothes_392.jpg,clothes,trash_other,train,standardized_256
data/raw/garbage_v2/standardized_256/clothes/clothes_394.jpg,clothes,trash_other,train,standardized_256
data/raw/garbage_v2/standardized_256/clothes/clothes_397.jpg,clothes,trash_other,train,standardized_256
data/raw/garbage_v2/standardized_256/clothes/clothes_399.jpg,clothes,trash_other,train,standardized_256
data/raw/garbage_v2/standardized_256/clothes/clothes_4.jpg,clothes,trash_other,train,standardized_256
data/raw/garbage_v2/standardized_256/clothes/clothes_40.jpg,clothes,trash_other,train,standardized_256
data/raw/garbage_v2/standardized_256/clothes/clothes_400.jpg,clothes,trash_other,train,standardized_256
data/raw/garbage_v2/standardized_256/clothes/clothes_401.jpg,clothes,trash_other,train,standardized_256
data/raw/garbage_v2/standardized_256/clothes/clothes_402.jpg,clothes,trash_other,train,standardized_256
data/raw/garbage_v2/standardized_256/clothes/clothes_403.jpg,clothes,trash_other,train,standardized_256
data/raw/garbage_v2/standardized_256/clothes/clothes_404.jpg,clothes,trash_other,train,standardized_256
data/raw/garbage_v2/standardized_256/clothes/clothes_405.jpg,clothes,trash_other,train,standardized_256
data/raw/garbage_v2/standardized_256/clothes/clothes_406.jpg,clothes,trash_other,train,standardized_256
data/raw/garbage_v2/standardized_256/clothes/clothes_408.jpg,clothes,trash_other,train,standardized_256
data/raw/garbage_v2/standardized_256/clothes/clothes_409.jpg,clothes,trash_other,train,standardized_256
data/raw/garbage_v2/standardized_256/clothes/clothes_41.jpg,clothes,trash_other,train,standardized_256
data/raw/garbage_v2/standardized_256/clothes/clothes_411.jpg,clothes,trash_other,train,standardized_256
data/raw/garbage_v2/standardized_256/clothes/clothes_412.jpg,clothes,trash_other,train,standardized_256
data/raw/garbage_v2/standardized_256/clothes/clothes_413.jpg,clothes,trash_other,train,standardized_256
data/raw/garbage_v2/standardized_256/clothes/clothes_414.jpg,clothes,trash_other,train,standardized_256
data/raw/garbage_v2/standardized_256/clothes/clothes_415.jpg,clothes,trash_other,train,standardized_256
data/raw/garbage_v2/standardized_256/clothes/clothes_416.jpg,clothes,trash_other,train,standardized_256
data/raw/garbage_v2/standardized_256/clothes/clothes_417.jpg,clothes,trash_other,train,standardized_256
data/raw/garbage_v2/standardized_256/clothes/clothes_418.jpg,clothes,trash_other,train,standardized_256
data/raw/garbage_v2/standardized_256/clothes/clothes_419.jpg,clothes,trash_other,train,standardized_256
data/raw/garbage_v2/standardized_256/clothes/clothes_42.jpg,clothes,trash_other,train,standardized_256
data/raw/garbage_v2/standardized_256/clothes/clothes_420.jpg,clothes,trash_other,train,standardized_256
data/raw/garbage_v2/standardized_256/clothes/clothes_422.jpg,clothes,trash_other,train,standardized_256
data/raw/garbage_v2/standardized_256/clothes/clothes_423.jpg,clothes,trash_other,train,standardized_256
data/raw/garbage_v2/standardized_256/clothes/clothes_425.jpg,clothes,trash_other,train,standardized_256
data/raw/garbage_v2/standardized_256/clothes/clothes_426.jpg,clothes,trash_other,train,standardized_256
data/raw/garbage_v2/standardized_256/clothes/clothes_429.jpg,clothes,trash_other,train,standardized_256
data/raw/garbage_v2/standardized_256/clothes/clothes_43.jpg,clothes,trash_other,train,standardized_256
data/raw/garbage_v2/standardized_256/clothes/clothes_430.jpg,clothes,trash_other,train,standardized_256
data/raw/garbage_v2/standardized_256/clothes/clothes_432.jpg,clothes,trash_other,train,standardized_256
data/raw/garbage_v2/standardized_256/clothes/clothes_436.jpg,clothes,trash_other,train,standardized_256
data/raw/garbage_v2/standardized_256/clothes/clothes_44.jpg,clothes,trash_other,train,standardized_256
data/raw/garbage_v2/standardized_256/clothes/clothes_440.jpg,clothes,trash_other,train,standardized_256
data/raw/garbage_v2/standardized_256/clothes/clothes_441.jpg,clothes,trash_other,train,standardized_256
data/raw/garbage_v2/standardized_256/clothes/clothes_442.jpg,clothes,trash_other,train,standardized_256
data/raw/garbage_v2/standardized_256/clothes/clothes_443.jpg,clothes,trash_other,train,standardized_256
data/raw/garbage_v2/standardized_256/clothes/clothes_444.jpg,clothes,trash_other,train,standardized_256
data/raw/garbage_v2/standardized_256/clothes/clothes_445.jpg,clothes,trash_other,train,standardized_256
data/raw/garbage_v2/standardized_256/clothes/clothes_446.jpg,clothes,trash_other,train,standardized_256
data/raw/garbage_v2/standardized_256/clothes/clothes_447.jpg,clothes,trash_other,train,standardized_256
data/raw/garbage_v2/standardized_256/clothes/clothes_449.jpg,clothes,trash_other,train,standardized_256
data/raw/garbage_v2/standardized_256/clothes/clothes_45.jpg,clothes,trash_other,train,standardized_256
data/raw/garbage_v2/standardized_256/clothes/clothes_450.jpg,clothes,trash_other,train,standardized_256
data/raw/garbage_v2/standardized_256/clothes/clothes_451.jpg,clothes,trash_other,train,standardized_256
data/raw/garbage_v2/standardized_256/clothes/clothes_452.jpg,clothes,trash_other,train,standardized_256
data/raw/garbage_v2/standardized_256/clothes/clothes_453.jpg,clothes,trash_other,train,standardized_256
data/raw/garbage_v2/standardized_256/clothes/clothes_454.jpg,clothes,trash_other,train,standardized_256
data/raw/garbage_v2/standardized_256/clothes/clothes_455.jpg,clothes,trash_other,train,standardized_256
data/raw/garbage_v2/standardized_256/clothes/clothes_457.jpg,clothes,trash_other,train,standardized_256
data/raw/garbage_v2/standardized_256/clothes/clothes_458.jpg,clothes,trash_other,train,standardized_256
data/raw/garbage_v2/standardized_256/clothes/clothes_459.jpg,clothes,trash_other,train,standardized_256
data/raw/garbage_v2/standardized_256/clothes/clothes_46.jpg,clothes,trash_other,train,standardized_256
data/raw/garbage_v2/standardized_256/clothes/clothes_460.jpg,clothes,trash_other,train,standardized_256
data/raw/garbage_v2/standardized_256/clothes/clothes_461.jpg,clothes,trash_other,train,standardized_256
data/raw/garbage_v2/standardized_256/clothes/clothes_465.jpg,clothes,trash_other,train,standardized_256
data/raw/garbage_v2/standardized_256/clothes/clothes_466.jpg,clothes,trash_other,train,standardized_256
data/raw/garbage_v2/standardized_256/clothes/clothes_468.jpg,clothes,trash_other,train,standardized_256
data/raw/garbage_v2/standardized_256/clothes/clothes_469.jpg,clothes,trash_other,train,standardized_256
data/raw/garbage_v2/standardized_256/clothes/clothes_470.jpg,clothes,trash_other,train,standardized_256
data/raw/garbage_v2/standardized_256/clothes/clothes_472.jpg,clothes,trash_other,train,standardized_256
data/raw/garbage_v2/standardized_256/clothes/clothes_474.jpg,clothes,trash_other,train,standardized_256
data/raw/garbage_v2/standardized_256/clothes/clothes_475.jpg,clothes,trash_other,train,standardized_256
data/raw/garbage_v2/standardized_256/clothes/clothes_477.jpg,clothes,trash_other,train,standardized_256
data/raw/garbage_v2/standardized_256/clothes/clothes_478.jpg,clothes,trash_other,train,standardized_256
data/raw/garbage_v2/standardized_256/clothes/clothes_479.jpg,clothes,trash_other,train,standardized_256
data/raw/garbage_v2/standardized_256/clothes/clothes_48.jpg,clothes,trash_other,train,standardized_256
data/raw/garbage_v2/standardized_256/clothes/clothes_480.jpg,clothes,trash_other,train,standardized_256
data/raw/garbage_v2/standardized_256/clothes/clothes_481.jpg,clothes,trash_other,train,standardized_256
data/raw/garbage_v2/standardized_256/clothes/clothes_482.jpg,clothes,trash_other,train,standardized_256
data/raw/garbage_v2/standardized_256/clothes/clothes_483.jpg,clothes,trash_other,train,standardized_256
data/raw/garbage_v2/standardized_256/clothes/clothes_486.jpg,clothes,trash_other,train,standardized_256
data/raw/garbage_v2/standardized_256/clothes/clothes_487.jpg,clothes,trash_other,train,standardized_256
data/raw/garbage_v2/standardized_256/clothes/clothes_49.jpg,clothes,trash_other,train,standardized_256
data/raw/garbage_v2/standardized_256/clothes/clothes_491.jpg,clothes,trash_other,train,standardized_256
data/raw/garbage_v2/standardized_256/clothes/clothes_492.jpg,clothes,trash_other,train,standardized_256
data/raw/garbage_v2/standardized_256/clothes/clothes_494.jpg,clothes,trash_other,train,standardized_256
data/raw/garbage_v2/standardized_256/clothes/clothes_495.jpg,clothes,trash_other,train,standardized_256
data/raw/garbage_v2/standardized_256/clothes/clothes_497.jpg,clothes,trash_other,train,standardized_256
data/raw/garbage_v2/standardized_256/clothes/clothes_498.jpg,clothes,trash_other,train,standardized_256
data/raw/garbage_v2/standardized_256/clothes/clothes_499.jpg,clothes,trash_other,train,standardized_256
data/raw/garbage_v2/standardized_256/clothes/clothes_500.jpg,clothes,trash_other,train,standardized_256
data/raw/garbage_v2/standardized_256/clothes/clothes_501.jpg,clothes,trash_other,train,standardized_256
data/raw/garbage_v2/standardized_256/clothes/clothes_502.jpg,clothes,trash_other,train,standardized_256
data/raw/garbage_v2/standardized_256/clothes/clothes_503.jpg,clothes,trash_other,train,standardized_256
data/raw/garbage_v2/standardized_256/clothes/clothes_504.jpg,clothes,trash_other,train,standardized_256
data/raw/garbage_v2/standardized_256/clothes/clothes_505.jpg,clothes,trash_other,train,standardized_256
data/raw/garbage_v2/standardized_256/clothes/clothes_506.jpg,clothes,trash_other,train,standardized_256
data/raw/garbage_v2/standardized_256/clothes/clothes_51.jpg,clothes,trash_other,train,standardized_256
data/raw/garbage_v2/standardized_256/clothes/clothes_511.jpg,clothes,trash_other,train,standardized_256
data/raw/garbage_v2/standardized_256/clothes/clothes_512.jpg,clothes,trash_other,train,standardized_256
data/raw/garbage_v2/standardized_256/clothes/clothes_514.jpg,clothes,trash_other,train,standardized_256
data/raw/garbage_v2/standardized_256/clothes/clothes_515.jpg,clothes,trash_other,train,standardized_256
data/raw/garbage_v2/standardized_256/clothes/clothes_516.jpg,clothes,trash_other,train,standardized_256
data/raw/garbage_v2/standardized_256/clothes/clothes_517.jpg,clothes,trash_other,train,standardized_256
data/raw/garbage_v2/standardized_256/clothes/clothes_518.jpg,clothes,trash_other,train,standardized_256
data/raw/garbage_v2/standardized_256/clothes/clothes_519.jpg,clothes,trash_other,train,standardized_256
data/raw/garbage_v2/standardized_256/clothes/clothes_52.jpg,clothes,trash_other,train,standardized_256
data/raw/garbage_v2/standardized_256/clothes/clothes_521.jpg,clothes,trash_other,train,standardized_256
data/raw/garbage_v2/standardized_256/clothes/clothes_522.jpg,clothes,trash_other,train,standardized_256
data/raw/garbage_v2/standardized_256/clothes/clothes_523.jpg,clothes,trash_other,train,standardized_256
data/raw/garbage_v2/standardized_256/clothes/clothes_525.jpg,clothes,trash_other,train,standardized_256
data/raw/garbage_v2/standardized_256/clothes/clothes_526.jpg,clothes,trash_other,train,standardized_256
data/raw/garbage_v2/standardized_256/clothes/clothes_527.jpg,clothes,trash_other,train,standardized_256
data/raw/garbage_v2/standardized_256/clothes/clothes_528.jpg,clothes,trash_other,train,standardized_256
data/raw/garbage_v2/standardized_256/clothes/clothes_529.jpg,clothes,trash_other,train,standardized_256
data/raw/garbage_v2/standardized_256/clothes/clothes_53.jpg,clothes,trash_other,train,standardized_256
data/raw/garbage_v2/standardized_256/clothes/clothes_530.jpg,clothes,trash_other,train,standardized_256
data/raw/garbage_v2/standardized_256/clothes/clothes_532.jpg,clothes,trash_other,train,standardized_256
data/raw/garbage_v2/standardized_256/clothes/clothes_533.jpg,clothes,trash_other,train,standardized_256
data/raw/garbage_v2/standardized_256/clothes/clothes_535.jpg,clothes,trash_other,train,standardized_256
data/raw/garbage_v2/standardized_256/clothes/clothes_54.jpg,clothes,trash_other,train,standardized_256
data/raw/garbage_v2/standardized_256/clothes/clothes_540.jpg,clothes,trash_other,train,standardized_256
data/raw/garbage_v2/standardized_256/clothes/clothes_541.jpg,clothes,trash_other,train,standardized_256
data/raw/garbage_v2/standardized_256/clothes/clothes_542.jpg,clothes,trash_other,train,standardized_256
data/raw/garbage_v2/standardized_256/clothes/clothes_545.jpg,clothes,trash_other,train,standardized_256
data/raw/garbage_v2/standardized_256/clothes/clothes_546.jpg,clothes,trash_other,train,standardized_256
data/raw/garbage_v2/standardized_256/clothes/clothes_547.jpg,clothes,trash_other,train,standardized_256
data/raw/garbage_v2/standardized_256/clothes/clothes_55.jpg,clothes,trash_other,train,standardized_256
data/raw/garbage_v2/standardized_256/clothes/clothes_550.jpg,clothes,trash_other,train,standardized_256
data/raw/garbage_v2/standardized_256/clothes/clothes_551.jpg,clothes,trash_other,train,standardized_256
data/raw/garbage_v2/standardized_256/clothes/clothes_553.jpg,clothes,trash_other,train,standardized_256
data/raw/garbage_v2/standardized_256/clothes/clothes_555.jpg,clothes,trash_other,train,standardized_256
data/raw/garbage_v2/standardized_256/clothes/clothes_558.jpg,clothes,trash_other,train,standardized_256
data/raw/garbage_v2/standardized_256/clothes/clothes_56.jpg,clothes,trash_other,train,standardized_256
data/raw/garbage_v2/standardized_256/clothes/clothes_560.jpg,clothes,trash_other,train,standardized_256
data/raw/garbage_v2/standardized_256/clothes/clothes_561.jpg,clothes,trash_other,train,standardized_256
data/raw/garbage_v2/standardized_256/clothes/clothes_562.jpg,clothes,trash_other,train,standardized_256
data/raw/garbage_v2/standardized_256/clothes/clothes_564.jpg,clothes,trash_other,train,standardized_256
data/raw/garbage_v2/standardized_256/clothes/clothes_565.jpg,clothes,trash_other,train,standardized_256
data/raw/garbage_v2/standardized_256/clothes/clothes_568.jpg,clothes,trash_other,train,standardized_256
data/raw/garbage_v2/standardized_256/clothes/clothes_57.jpg,clothes,trash_other,train,standardized_256
data/raw/garbage_v2/standardized_256/clothes/clothes_574.jpg,clothes,trash_other,train,standardized_256
data/raw/garbage_v2/standardized_256/clothes/clothes_575.jpg,clothes,trash_other,train,standardized_256
data/raw/garbage_v2/standardized_256/clothes/clothes_576.jpg,clothes,trash_other,train,standardized_256
data/raw/garbage_v2/standardized_256/clothes/clothes_578.jpg,clothes,trash_other,train,standardized_256
data/raw/garbage_v2/standardized_256/clothes/clothes_583.jpg,clothes,trash_other,train,standardized_256
data/raw/garbage_v2/standardized_256/clothes/clothes_586.jpg,clothes,trash_other,train,standardized_256
data/raw/garbage_v2/standardized_256/clothes/clothes_587.jpg,clothes,trash_other,train,standardized_256
data/raw/garbage_v2/standardized_256/clothes/clothes_588.jpg,clothes,trash_other,train,standardized_256
data/raw/garbage_v2/standardized_256/clothes/clothes_59.jpg,clothes,trash_other,train,standardized_256
data/raw/garbage_v2/standardized_256/clothes/clothes_590.jpg,clothes,trash_other,train,standardized_256
data/raw/garbage_v2/standardized_256/clothes/clothes_592.jpg,clothes,trash_other,train,standardized_256
data/raw/garbage_v2/standardized_256/clothes/clothes_594.jpg,clothes,trash_other,train,standardized_256
data/raw/garbage_v2/standardized_256/clothes/clothes_596.jpg,clothes,trash_other,train,standardized_256
data/raw/garbage_v2/standardized_256/clothes/clothes_597.jpg,clothes,trash_other,train,standardized_256
data/raw/garbage_v2/standardized_256/clothes/clothes_598.jpg,clothes,trash_other,train,standardized_256
data/raw/garbage_v2/standardized_256/clothes/clothes_599.jpg,clothes,trash_other,train,standardized_256
data/raw/garbage_v2/standardized_256/clothes/clothes_60.jpg,clothes,trash_other,train,standardized_256
data/raw/garbage_v2/standardized_256/clothes/clothes_601.jpg,clothes,trash_other,train,standardized_256
data/raw/garbage_v2/standardized_256/clothes/clothes_602.jpg,clothes,trash_other,train,standardized_256
data/raw/garbage_v2/standardized_256/clothes/clothes_603.jpg,clothes,trash_other,train,standardized_256
data/raw/garbage_v2/standardized_256/clothes/clothes_604.jpg,clothes,trash_other,train,standardized_256
data/raw/garbage_v2/standardized_256/clothes/clothes_606.jpg,clothes,trash_other,train,standardized_256
data/raw/garbage_v2/standardized_256/clothes/clothes_608.jpg,clothes,trash_other,train,standardized_256
data/raw/garbage_v2/standardized_256/clothes/clothes_610.jpg,clothes,trash_other,train,standardized_256
data/raw/garbage_v2/standardized_256/clothes/clothes_611.jpg,clothes,trash_other,train,standardized_256
data/raw/garbage_v2/standardized_256/clothes/clothes_612.jpg,clothes,trash_other,train,standardized_256
data/raw/garbage_v2/standardized_256/clothes/clothes_614.jpg,clothes,trash_other,train,standardized_256
data/raw/garbage_v2/standardized_256/clothes/clothes_615.jpg,clothes,trash_other,train,standardized_256
data/raw/garbage_v2/standardized_256/clothes/clothes_616.jpg,clothes,trash_other,train,standardized_256
data/raw/garbage_v2/standardized_256/clothes/clothes_617.jpg,clothes,trash_other,train,standardized_256
data/raw/garbage_v2/standardized_256/clothes/clothes_618.jpg,clothes,trash_other,train,standardized_256
data/raw/garbage_v2/standardized_256/clothes/clothes_619.jpg,clothes,trash_other,train,standardized_256
data/raw/garbage_v2/standardized_256/clothes/clothes_62.jpg,clothes,trash_other,train,standardized_256
data/raw/garbage_v2/standardized_256/clothes/clothes_620.jpg,clothes,trash_other,train,standardized_256
data/raw/garbage_v2/standardized_256/clothes/clothes_621.jpg,clothes,trash_other,train,standardized_256
data/raw/garbage_v2/standardized_256/clothes/clothes_622.jpg,clothes,trash_other,train,standardized_256
data/raw/garbage_v2/standardized_256/clothes/clothes_623.jpg,clothes,trash_other,train,standardized_256
data/raw/garbage_v2/standardized_256/clothes/clothes_625.jpg,clothes,trash_other,train,standardized_256
data/raw/garbage_v2/standardized_256/clothes/clothes_628.jpg,clothes,trash_other,train,standardized_256
data/raw/garbage_v2/standardized_256/clothes/clothes_629.jpg,clothes,trash_other,train,standardized_256
data/raw/garbage_v2/standardized_256/clothes/clothes_63.jpg,clothes,trash_other,train,standardized_256
data/raw/garbage_v2/standardized_256/clothes/clothes_632.jpg,clothes,trash_other,train,standardized_256
data/raw/garbage_v2/standardized_256/clothes/clothes_633.jpg,clothes,trash_other,train,standardized_256
data/raw/garbage_v2/standardized_256/clothes/clothes_634.jpg,clothes,trash_other,train,standardized_256
data/raw/garbage_v2/standardized_256/clothes/clothes_635.jpg,clothes,trash_other,train,standardized_256
data/raw/garbage_v2/standardized_256/clothes/clothes_638.jpg,clothes,trash_other,train,standardized_256
data/raw/garbage_v2/standardized_256/clothes/clothes_639.jpg,clothes,trash_other,train,standardized_256
data/raw/garbage_v2/standardized_256/clothes/clothes_64.jpg,clothes,trash_other,train,standardized_256
data/raw/garbage_v2/standardized_256/clothes/clothes_640.jpg,clothes,trash_other,train,standardized_256
data/raw/garbage_v2/standardized_256/clothes/clothes_642.jpg,clothes,trash_other,train,standardized_256
data/raw/garbage_v2/standardized_256/clothes/clothes_644.jpg,clothes,trash_other,train,standardized_256
data/raw/garbage_v2/standardized_256/clothes/clothes_646.jpg,clothes,trash_other,train,standardized_256
data/raw/garbage_v2/standardized_256/clothes/clothes_647.jpg,clothes,trash_other,train,standardized_256
data/raw/garbage_v2/standardized_256/clothes/clothes_649.jpg,clothes,trash_other,train,standardized_256
data/raw/garbage_v2/standardized_256/clothes/clothes_65.jpg,clothes,trash_other,train,standardized_256
data/raw/garbage_v2/standardized_256/clothes/clothes_651.jpg,clothes,trash_other,train,standardized_256
data/raw/garbage_v2/standardized_256/clothes/clothes_652.jpg,clothes,trash_other,train,standardized_256
data/raw/garbage_v2/standardized_256/clothes/clothes_653.jpg,clothes,trash_other,train,standardized_256
data/raw/garbage_v2/standardized_256/clothes/clothes_654.jpg,clothes,trash_other,train,standardized_256
data/raw/garbage_v2/standardized_256/clothes/clothes_655.jpg,clothes,trash_other,train,standardized_256
data/raw/garbage_v2/standardized_256/clothes/clothes_656.jpg,clothes,trash_other,train,standardized_256
data/raw/garbage_v2/standardized_256/clothes/clothes_657.jpg,clothes,trash_other,train,standardized_256
data/raw/garbage_v2/standardized_256/clothes/clothes_658.jpg,clothes,trash_other,train,standardized_256
data/raw/garbage_v2/standardized_256/clothes/clothes_66.jpg,clothes,trash_other,train,standardized_256
data/raw/garbage_v2/standardized_256/clothes/clothes_660.jpg,clothes,trash_other,train,standardized_256
data/raw/garbage_v2/standardized_256/clothes/clothes_661.jpg,clothes,trash_other,train,standardized_256
data/raw/garbage_v2/standardized_256/clothes/clothes_662.jpg,clothes,trash_other,train,standardized_256
data/raw/garbage_v2/standardized_256/clothes/clothes_663.jpg,clothes,trash_other,train,standardized_256
data/raw/garbage_v2/standardized_256/clothes/clothes_664.jpg,clothes,trash_other,train,standardized_256
data/raw/garbage_v2/standardized_256/clothes/clothes_665.jpg,clothes,trash_other,train,standardized_256
data/raw/garbage_v2/standardized_256/clothes/clothes_666.jpg,clothes,trash_other,train,standardized_256
data/raw/garbage_v2/standardized_256/clothes/clothes_667.jpg,clothes,trash_other,train,standardized_256
data/raw/garbage_v2/standardized_256/clothes/clothes_668.jpg,clothes,trash_other,train,standardized_256
data/raw/garbage_v2/standardized_256/clothes/clothes_669.jpg,clothes,trash_other,train,standardized_256
data/raw/garbage_v2/standardized_256/clothes/clothes_670.jpg,clothes,trash_other,train,standardized_256
data/raw/garbage_v2/standardized_256/clothes/clothes_671.jpg,clothes,trash_other,train,standardized_256
data/raw/garbage_v2/standardized_256/clothes/clothes_672.jpg,clothes,trash_other,train,standardized_256
data/raw/garbage_v2/standardized_256/clothes/clothes_673.jpg,clothes,trash_other,train,standardized_256
data/raw/garbage_v2/standardized_256/clothes/clothes_674.jpg,clothes,trash_other,train,standardized_256
data/raw/garbage_v2/standardized_256/clothes/clothes_675.jpg,clothes,trash_other,train,standardized_256
data/raw/garbage_v2/standardized_256/clothes/clothes_676.jpg,clothes,trash_other,train,standardized_256
data/raw/garbage_v2/standardized_256/clothes/clothes_678.jpg,clothes,trash_other,train,standardized_256
data/raw/garbage_v2/standardized_256/clothes/clothes_679.jpg,clothes,trash_other,train,standardized_256
data/raw/garbage_v2/standardized_256/clothes/clothes_68.jpg,clothes,trash_other,train,standardized_256
data/raw/garbage_v2/standardized_256/clothes/clothes_680.jpg,clothes,trash_other,train,standardized_256
data/raw/garbage_v2/standardized_256/clothes/clothes_681.jpg,clothes,trash_other,train,standardized_256
data/raw/garbage_v2/standardized_256/clothes/clothes_683.jpg,clothes,trash_other,train,standardized_256
data/raw/garbage_v2/standardized_256/clothes/clothes_685.jpg,clothes,trash_other,train,standardized_256
data/raw/garbage_v2/standardized_256/clothes/clothes_687.jpg,clothes,trash_other,train,standardized_256
data/raw/garbage_v2/standardized_256/clothes/clothes_688.jpg,clothes,trash_other,train,standardized_256
data/raw/garbage_v2/standardized_256/clothes/clothes_690.jpg,clothes,trash_other,train,standardized_256
data/raw/garbage_v2/standardized_256/clothes/clothes_691.jpg,clothes,trash_other,train,standardized_256
data/raw/garbage_v2/standardized_256/clothes/clothes_692.jpg,clothes,trash_other,train,standardized_256
data/raw/garbage_v2/standardized_256/clothes/clothes_693.jpg,clothes,trash_other,train,standardized_256
data/raw/garbage_v2/standardized_256/clothes/clothes_695.jpg,clothes,trash_other,train,standardized_256
data/raw/garbage_v2/standardized_256/clothes/clothes_697.jpg,clothes,trash_other,train,standardized_256
data/raw/garbage_v2/standardized_256/clothes/clothes_698.jpg,clothes,trash_other,train,standardized_256
data/raw/garbage_v2/standardized_256/clothes/clothes_699.jpg,clothes,trash_other,train,standardized_256
data/raw/garbage_v2/standardized_256/clothes/clothes_70.jpg,clothes,trash_other,train,standardized_256
data/raw/garbage_v2/standardized_256/clothes/clothes_700.jpg,clothes,trash_other,train,standardized_256
data/raw/garbage_v2/standardized_256/clothes/clothes_701.jpg,clothes,trash_other,train,standardized_256
data/raw/garbage_v2/standardized_256/clothes/clothes_702.jpg,clothes,trash_other,train,standardized_256
data/raw/garbage_v2/standardized_256/clothes/clothes_704.jpg,clothes,trash_other,train,standardized_256
data/raw/garbage_v2/standardized_256/clothes/clothes_705.jpg,clothes,trash_other,train,standardized_256
data/raw/garbage_v2/standardized_256/clothes/clothes_706.jpg,clothes,trash_other,train,standardized_256
data/raw/garbage_v2/standardized_256/clothes/clothes_707.jpg,clothes,trash_other,train,standardized_256
data/raw/garbage_v2/standardized_256/clothes/clothes_708.jpg,clothes,trash_other,train,standardized_256
data/raw/garbage_v2/standardized_256/clothes/clothes_709.jpg,clothes,trash_other,train,standardized_256
data/raw/garbage_v2/standardized_256/clothes/clothes_71.jpg,clothes,trash_other,train,standardized_256
data/raw/garbage_v2/standardized_256/clothes/clothes_711.jpg,clothes,trash_other,train,standardized_256
data/raw/garbage_v2/standardized_256/clothes/clothes_714.jpg,clothes,trash_other,train,standardized_256
data/raw/garbage_v2/standardized_256/clothes/clothes_715.jpg,clothes,trash_other,train,standardized_256
data/raw/garbage_v2/standardized_256/clothes/clothes_716.jpg,clothes,trash_other,train,standardized_256
data/raw/garbage_v2/standardized_256/clothes/clothes_718.jpg,clothes,trash_other,train,standardized_256
data/raw/garbage_v2/standardized_256/clothes/clothes_72.jpg,clothes,trash_other,train,standardized_256
data/raw/garbage_v2/standardized_256/clothes/clothes_720.jpg,clothes,trash_other,train,standardized_256
data/raw/garbage_v2/standardized_256/clothes/clothes_722.jpg,clothes,trash_other,train,standardized_256
data/raw/garbage_v2/standardized_256/clothes/clothes_723.jpg,clothes,trash_other,train,standardized_256
data/raw/garbage_v2/standardized_256/clothes/clothes_724.jpg,clothes,trash_other,train,standardized_256
data/raw/garbage_v2/standardized_256/clothes/clothes_725.jpg,clothes,trash_other,train,standardized_256
data/raw/garbage_v2/standardized_256/clothes/clothes_726.jpg,clothes,trash_other,train,standardized_256
data/raw/garbage_v2/standardized_256/clothes/clothes_728.jpg,clothes,trash_other,train,standardized_256
data/raw/garbage_v2/standardized_256/clothes/clothes_729.jpg,clothes,trash_other,train,standardized_256
data/raw/garbage_v2/standardized_256/clothes/clothes_730.jpg,clothes,trash_other,train,standardized_256
data/raw/garbage_v2/standardized_256/clothes/clothes_732.jpg,clothes,trash_other,train,standardized_256
data/raw/garbage_v2/standardized_256/clothes/clothes_733.jpg,clothes,trash_other,train,standardized_256
data/raw/garbage_v2/standardized_256/clothes/clothes_735.jpg,clothes,trash_other,train,standardized_256
data/raw/garbage_v2/standardized_256/clothes/clothes_736.jpg,clothes,trash_other,train,standardized_256
data/raw/garbage_v2/standardized_256/clothes/clothes_737.jpg,clothes,trash_other,train,standardized_256
data/raw/garbage_v2/standardized_256/clothes/clothes_742.jpg,clothes,trash_other,train,standardized_256
data/raw/garbage_v2/standardized_256/clothes/clothes_743.jpg,clothes,trash_other,train,standardized_256
data/raw/garbage_v2/standardized_256/clothes/clothes_744.jpg,clothes,trash_other,train,standardized_256
data/raw/garbage_v2/standardized_256/clothes/clothes_746.jpg,clothes,trash_other,train,standardized_256
data/raw/garbage_v2/standardized_256/clothes/clothes_748.jpg,clothes,trash_other,train,standardized_256
data/raw/garbage_v2/standardized_256/clothes/clothes_749.jpg,clothes,trash_other,train,standardized_256
data/raw/garbage_v2/standardized_256/clothes/clothes_75.jpg,clothes,trash_other,train,standardized_256
data/raw/garbage_v2/standardized_256/clothes/clothes_750.jpg,clothes,trash_other,train,standardized_256
data/raw/garbage_v2/standardized_256/clothes/clothes_751.jpg,clothes,trash_other,train,standardized_256
data/raw/garbage_v2/standardized_256/clothes/clothes_754.jpg,clothes,trash_other,train,standardized_256
data/raw/garbage_v2/standardized_256/clothes/clothes_755.jpg,clothes,trash_other,train,standardized_256
data/raw/garbage_v2/standardized_256/clothes/clothes_756.jpg,clothes,trash_other,train,standardized_256
data/raw/garbage_v2/standardized_256/clothes/clothes_757.jpg,clothes,trash_other,train,standardized_256
data/raw/garbage_v2/standardized_256/clothes/clothes_758.jpg,clothes,trash_other,train,standardized_256
data/raw/garbage_v2/standardized_256/clothes/clothes_759.jpg,clothes,trash_other,train,standardized_256
data/raw/garbage_v2/standardized_256/clothes/clothes_760.jpg,clothes,trash_other,train,standardized_256
data/raw/garbage_v2/standardized_256/clothes/clothes_762.jpg,clothes,trash_other,train,standardized_256
data/raw/garbage_v2/standardized_256/clothes/clothes_763.jpg,clothes,trash_other,train,standardized_256
data/raw/garbage_v2/standardized_256/clothes/clothes_765.jpg,clothes,trash_other,train,standardized_256
data/raw/garbage_v2/standardized_256/clothes/clothes_766.jpg,clothes,trash_other,train,standardized_256
data/raw/garbage_v2/standardized_256/clothes/clothes_768.jpg,clothes,trash_other,train,standardized_256
data/raw/garbage_v2/standardized_256/clothes/clothes_769.jpg,clothes,trash_other,train,standardized_256
data/raw/garbage_v2/standardized_256/clothes/clothes_77.jpg,clothes,trash_other,train,standardized_256
data/raw/garbage_v2/standardized_256/clothes/clothes_770.jpg,clothes,trash_other,train,standardized_256
data/raw/garbage_v2/standardized_256/clothes/clothes_771.jpg,clothes,trash_other,train,standardized_256
data/raw/garbage_v2/standardized_256/clothes/clothes_772.jpg,clothes,trash_other,train,standardized_256
data/raw/garbage_v2/standardized_256/clothes/clothes_773.jpg,clothes,trash_other,train,standardized_256
data/raw/garbage_v2/standardized_256/clothes/clothes_774.jpg,clothes,trash_other,train,standardized_256
data/raw/garbage_v2/standardized_256/clothes/clothes_775.jpg,clothes,trash_other,train,standardized_256
data/raw/garbage_v2/standardized_256/clothes/clothes_776.jpg,clothes,trash_other,train,standardized_256
data/raw/garbage_v2/standardized_256/clothes/clothes_777.jpg,clothes,trash_other,train,standardized_256
data/raw/garbage_v2/standardized_256/clothes/clothes_778.jpg,clothes,trash_other,train,standardized_256
data/raw/garbage_v2/standardized_256/clothes/clothes_779.jpg,clothes,trash_other,train,standardized_256
data/raw/garbage_v2/standardized_256/clothes/clothes_780.jpg,clothes,trash_other,train,standardized_256
data/raw/garbage_v2/standardized_256/clothes/clothes_781.jpg,clothes,trash_other,train,standardized_256
data/raw/garbage_v2/standardized_256/clothes/clothes_783.jpg,clothes,trash_other,train,standardized_256
data/raw/garbage_v2/standardized_256/clothes/clothes_784.jpg,clothes,trash_other,train,standardized_256
data/raw/garbage_v2/standardized_256/clothes/clothes_785.jpg,clothes,trash_other,train,standardized_256
data/raw/garbage_v2/standardized_256/clothes/clothes_786.jpg,clothes,trash_other,train,standardized_256
data/raw/garbage_v2/standardized_256/clothes/clothes_787.jpg,clothes,trash_other,train,standardized_256
data/raw/garbage_v2/standardized_256/clothes/clothes_788.jpg,clothes,trash_other,train,standardized_256
data/raw/garbage_v2/standardized_256/clothes/clothes_789.jpg,clothes,trash_other,train,standardized_256
data/raw/garbage_v2/standardized_256/clothes/clothes_791.jpg,clothes,trash_other,train,standardized_256
data/raw/garbage_v2/standardized_256/clothes/clothes_792.jpg,clothes,trash_other,train,standardized_256
data/raw/garbage_v2/standardized_256/clothes/clothes_793.jpg,clothes,trash_other,train,standardized_256
data/raw/garbage_v2/standardized_256/clothes/clothes_794.jpg,clothes,trash_other,train,standardized_256
data/raw/garbage_v2/standardized_256/clothes/clothes_796.jpg,clothes,trash_other,train,standardized_256
data/raw/garbage_v2/standardized_256/clothes/clothes_797.jpg,clothes,trash_other,train,standardized_256
data/raw/garbage_v2/standardized_256/clothes/clothes_798.jpg,clothes,trash_other,train,standardized_256
data/raw/garbage_v2/standardized_256/clothes/clothes_8.jpg,clothes,trash_other,train,standardized_256
data/raw/garbage_v2/standardized_256/clothes/clothes_80.jpg,clothes,trash_other,train,standardized_256
data/raw/garbage_v2/standardized_256/clothes/clothes_800.jpg,clothes,trash_other,train,standardized_256
data/raw/garbage_v2/standardized_256/clothes/clothes_804.jpg,clothes,trash_other,train,standardized_256
data/raw/garbage_v2/standardized_256/clothes/clothes_805.jpg,clothes,trash_other,train,standardized_256
data/raw/garbage_v2/standardized_256/clothes/clothes_806.jpg,clothes,trash_other,train,standardized_256
data/raw/garbage_v2/standardized_256/clothes/clothes_807.jpg,clothes,trash_other,train,standardized_256
data/raw/garbage_v2/standardized_256/clothes/clothes_81.jpg,clothes,trash_other,train,standardized_256
data/raw/garbage_v2/standardized_256/clothes/clothes_810.jpg,clothes,trash_other,train,standardized_256
data/raw/garbage_v2/standardized_256/clothes/clothes_812.jpg,clothes,trash_other,train,standardized_256
data/raw/garbage_v2/standardized_256/clothes/clothes_814.jpg,clothes,trash_other,train,standardized_256
data/raw/garbage_v2/standardized_256/clothes/clothes_816.jpg,clothes,trash_other,train,standardized_256
data/raw/garbage_v2/standardized_256/clothes/clothes_817.jpg,clothes,trash_other,train,standardized_256
data/raw/garbage_v2/standardized_256/clothes/clothes_819.jpg,clothes,trash_other,train,standardized_256
data/raw/garbage_v2/standardized_256/clothes/clothes_82.jpg,clothes,trash_other,train,standardized_256
data/raw/garbage_v2/standardized_256/clothes/clothes_820.jpg,clothes,trash_other,train,standardized_256
data/raw/garbage_v2/standardized_256/clothes/clothes_822.jpg,clothes,trash_other,train,standardized_256
data/raw/garbage_v2/standardized_256/clothes/clothes_823.jpg,clothes,trash_other,train,standardized_256
data/raw/garbage_v2/standardized_256/clothes/clothes_824.jpg,clothes,trash_other,train,standardized_256
data/raw/garbage_v2/standardized_256/clothes/clothes_825.jpg,clothes,trash_other,train,standardized_256
data/raw/garbage_v2/standardized_256/clothes/clothes_826.jpg,clothes,trash_other,train,standardized_256
data/raw/garbage_v2/standardized_256/clothes/clothes_827.jpg,clothes,trash_other,train,standardized_256
data/raw/garbage_v2/standardized_256/clothes/clothes_828.jpg,clothes,trash_other,train,standardized_256
data/raw/garbage_v2/standardized_256/clothes/clothes_829.jpg,clothes,trash_other,train,standardized_256
data/raw/garbage_v2/standardized_256/clothes/clothes_830.jpg,clothes,trash_other,train,standardized_256
data/raw/garbage_v2/standardized_256/clothes/clothes_832.jpg,clothes,trash_other,train,standardized_256
data/raw/garbage_v2/standardized_256/clothes/clothes_836.jpg,clothes,trash_other,train,standardized_256
data/raw/garbage_v2/standardized_256/clothes/clothes_837.jpg,clothes,trash_other,train,standardized_256
data/raw/garbage_v2/standardized_256/clothes/clothes_838.jpg,clothes,trash_other,train,standardized_256
data/raw/garbage_v2/standardized_256/clothes/clothes_839.jpg,clothes,trash_other,train,standardized_256
data/raw/garbage_v2/standardized_256/clothes/clothes_840.jpg,clothes,trash_other,train,standardized_256
data/raw/garbage_v2/standardized_256/clothes/clothes_842.jpg,clothes,trash_other,train,standardized_256
data/raw/garbage_v2/standardized_256/clothes/clothes_846.jpg,clothes,trash_other,train,standardized_256
data/raw/garbage_v2/standardized_256/clothes/clothes_847.jpg,clothes,trash_other,train,standardized_256
data/raw/garbage_v2/standardized_256/clothes/clothes_849.jpg,clothes,trash_other,train,standardized_256
data/raw/garbage_v2/standardized_256/clothes/clothes_85.jpg,clothes,trash_other,train,standardized_256
data/raw/garbage_v2/standardized_256/clothes/clothes_850.jpg,clothes,trash_other,train,standardized_256
data/raw/garbage_v2/standardized_256/clothes/clothes_851.jpg,clothes,trash_other,train,standardized_256
data/raw/garbage_v2/standardized_256/clothes/clothes_852.jpg,clothes,trash_other,train,standardized_256
data/raw/garbage_v2/standardized_256/clothes/clothes_853.jpg,clothes,trash_other,train,standardized_256
data/raw/garbage_v2/standardized_256/clothes/clothes_855.jpg,clothes,trash_other,train,standardized_256
data/raw/garbage_v2/standardized_256/clothes/clothes_856.jpg,clothes,trash_other,train,standardized_256
data/raw/garbage_v2/standardized_256/clothes/clothes_858.jpg,clothes,trash_other,train,standardized_256
data/raw/garbage_v2/standardized_256/clothes/clothes_86.jpg,clothes,trash_other,train,standardized_256
data/raw/garbage_v2/standardized_256/clothes/clothes_860.jpg,clothes,trash_other,train,standardized_256
data/raw/garbage_v2/standardized_256/clothes/clothes_864.jpg,clothes,trash_other,train,standardized_256
data/raw/garbage_v2/standardized_256/clothes/clothes_865.jpg,clothes,trash_other,train,standardized_256
data/raw/garbage_v2/standardized_256/clothes/clothes_866.jpg,clothes,trash_other,train,standardized_256
data/raw/garbage_v2/standardized_256/clothes/clothes_867.jpg,clothes,trash_other,train,standardized_256
data/raw/garbage_v2/standardized_256/clothes/clothes_868.jpg,clothes,trash_other,train,standardized_256
data/raw/garbage_v2/standardized_256/clothes/clothes_869.jpg,clothes,trash_other,train,standardized_256
data/raw/garbage_v2/standardized_256/clothes/clothes_87.jpg,clothes,trash_other,train,standardized_256
data/raw/garbage_v2/standardized_256/clothes/clothes_871.jpg,clothes,trash_other,train,standardized_256
data/raw/garbage_v2/standardized_256/clothes/clothes_872.jpg,clothes,trash_other,train,standardized_256
data/raw/garbage_v2/standardized_256/clothes/clothes_873.jpg,clothes,trash_other,train,standardized_256
data/raw/garbage_v2/standardized_256/clothes/clothes_874.jpg,clothes,trash_other,train,standardized_256
data/raw/garbage_v2/standardized_256/clothes/clothes_875.jpg,clothes,trash_other,train,standardized_256
data/raw/garbage_v2/standardized_256/clothes/clothes_876.jpg,clothes,trash_other,train,standardized_256
data/raw/garbage_v2/standardized_256/clothes/clothes_877.jpg,clothes,trash_other,train,standardized_256
data/raw/garbage_v2/standardized_256/clothes/clothes_88.jpg,clothes,trash_other,train,standardized_256
data/raw/garbage_v2/standardized_256/clothes/clothes_882.jpg,clothes,trash_other,train,standardized_256
data/raw/garbage_v2/standardized_256/clothes/clothes_885.jpg,clothes,trash_other,train,standardized_256
data/raw/garbage_v2/standardized_256/clothes/clothes_887.jpg,clothes,trash_other,train,standardized_256
data/raw/garbage_v2/standardized_256/clothes/clothes_888.jpg,clothes,trash_other,train,standardized_256
data/raw/garbage_v2/standardized_256/clothes/clothes_89.jpg,clothes,trash_other,train,standardized_256
data/raw/garbage_v2/standardized_256/clothes/clothes_890.jpg,clothes,trash_other,train,standardized_256
data/raw/garbage_v2/standardized_256/clothes/clothes_893.jpg,clothes,trash_other,train,standardized_256
data/raw/garbage_v2/standardized_256/clothes/clothes_894.jpg,clothes,trash_other,train,standardized_256
data/raw/garbage_v2/standardized_256/clothes/clothes_895.jpg,clothes,trash_other,train,standardized_256
data/raw/garbage_v2/standardized_256/clothes/clothes_897.jpg,clothes,trash_other,train,standardized_256
data/raw/garbage_v2/standardized_256/clothes/clothes_899.jpg,clothes,trash_other,train,standardized_256
data/raw/garbage_v2/standardized_256/clothes/clothes_9.jpg,clothes,trash_other,train,standardized_256
data/raw/garbage_v2/standardized_256/clothes/clothes_900.jpg,clothes,trash_other,train,standardized_256
data/raw/garbage_v2/standardized_256/clothes/clothes_901.jpg,clothes,trash_other,train,standardized_256
data/raw/garbage_v2/standardized_256/clothes/clothes_902.jpg,clothes,trash_other,train,standardized_256
data/raw/garbage_v2/standardized_256/clothes/clothes_903.jpg,clothes,trash_other,train,standardized_256
data/raw/garbage_v2/standardized_256/clothes/clothes_907.jpg,clothes,trash_other,train,standardized_256
data/raw/garbage_v2/standardized_256/clothes/clothes_908.jpg,clothes,trash_other,train,standardized_256
data/raw/garbage_v2/standardized_256/clothes/clothes_909.jpg,clothes,trash_other,train,standardized_256
data/raw/garbage_v2/standardized_256/clothes/clothes_91.jpg,clothes,trash_other,train,standardized_256
data/raw/garbage_v2/standardized_256/clothes/clothes_910.jpg,clothes,trash_other,train,standardized_256
data/raw/garbage_v2/standardized_256/clothes/clothes_912.jpg,clothes,trash_other,train,standardized_256
data/raw/garbage_v2/standardized_256/clothes/clothes_913.jpg,clothes,trash_other,train,standardized_256
data/raw/garbage_v2/standardized_256/clothes/clothes_914.jpg,clothes,trash_other,train,standardized_256
data/raw/garbage_v2/standardized_256/clothes/clothes_915.jpg,clothes,trash_other,train,standardized_256
data/raw/garbage_v2/standardized_256/clothes/clothes_916.jpg,clothes,trash_other,train,standardized_256
data/raw/garbage_v2/standardized_256/clothes/clothes_917.jpg,clothes,trash_other,train,standardized_256
data/raw/garbage_v2/standardized_256/clothes/clothes_918.jpg,clothes,trash_other,train,standardized_256
data/raw/garbage_v2/standardized_256/clothes/clothes_919.jpg,clothes,trash_other,train,standardized_256
data/raw/garbage_v2/standardized_256/clothes/clothes_920.jpg,clothes,trash_other,train,standardized_256
data/raw/garbage_v2/standardized_256/clothes/clothes_922.jpg,clothes,trash_other,train,standardized_256
data/raw/garbage_v2/standardized_256/clothes/clothes_923.jpg,clothes,trash_other,train,standardized_256
data/raw/garbage_v2/standardized_256/clothes/clothes_924.jpg,clothes,trash_other,train,standardized_256
data/raw/garbage_v2/standardized_256/clothes/clothes_925.jpg,clothes,trash_other,train,standardized_256
data/raw/garbage_v2/standardized_256/clothes/clothes_927.jpg,clothes,trash_other,train,standardized_256
data/raw/garbage_v2/standardized_256/clothes/clothes_928.jpg,clothes,trash_other,train,standardized_256
data/raw/garbage_v2/standardized_256/clothes/clothes_93.jpg,clothes,trash_other,train,standardized_256
data/raw/garbage_v2/standardized_256/clothes/clothes_930.jpg,clothes,trash_other,train,standardized_256
data/raw/garbage_v2/standardized_256/clothes/clothes_931.jpg,clothes,trash_other,train,standardized_256
data/raw/garbage_v2/standardized_256/clothes/clothes_932.jpg,clothes,trash_other,train,standardized_256
data/raw/garbage_v2/standardized_256/clothes/clothes_934.jpg,clothes,trash_other,train,standardized_256
data/raw/garbage_v2/standardized_256/clothes/clothes_935.jpg,clothes,trash_other,train,standardized_256
data/raw/garbage_v2/standardized_256/clothes/clothes_936.jpg,clothes,trash_other,train,standardized_256
data/raw/garbage_v2/standardized_256/clothes/clothes_937.jpg,clothes,trash_other,train,standardized_256
data/raw/garbage_v2/standardized_256/clothes/clothes_938.jpg,clothes,trash_other,train,standardized_256
data/raw/garbage_v2/standardized_256/clothes/clothes_939.jpg,clothes,trash_other,train,standardized_256
data/raw/garbage_v2/standardized_256/clothes/clothes_940.jpg,clothes,trash_other,train,standardized_256
data/raw/garbage_v2/standardized_256/clothes/clothes_941.jpg,clothes,trash_other,train,standardized_256
data/raw/garbage_v2/standardized_256/clothes/clothes_942.jpg,clothes,trash_other,train,standardized_256
data/raw/garbage_v2/standardized_256/clothes/clothes_943.jpg,clothes,trash_other,train,standardized_256
data/raw/garbage_v2/standardized_256/clothes/clothes_944.jpg,clothes,trash_other,train,standardized_256
data/raw/garbage_v2/standardized_256/clothes/clothes_946.jpg,clothes,trash_other,train,standardized_256
data/raw/garbage_v2/standardized_256/clothes/clothes_947.jpg,clothes,trash_other,train,standardized_256
data/raw/garbage_v2/standardized_256/clothes/clothes_948.jpg,clothes,trash_other,train,standardized_256
data/raw/garbage_v2/standardized_256/clothes/clothes_95.jpg,clothes,trash_other,train,standardized_256
data/raw/garbage_v2/standardized_256/clothes/clothes_950.jpg,clothes,trash_other,train,standardized_256
data/raw/garbage_v2/standardized_256/clothes/clothes_952.jpg,clothes,trash_other,train,standardized_256
data/raw/garbage_v2/standardized_256/clothes/clothes_954.jpg,clothes,trash_other,train,standardized_256
data/raw/garbage_v2/standardized_256/clothes/clothes_955.jpg,clothes,trash_other,train,standardized_256
data/raw/garbage_v2/standardized_256/clothes/clothes_956.jpg,clothes,trash_other,train,standardized_256
data/raw/garbage_v2/standardized_256/clothes/clothes_957.jpg,clothes,trash_other,train,standardized_256
data/raw/garbage_v2/standardized_256/clothes/clothes_958.jpg,clothes,trash_other,train,standardized_256
data/raw/garbage_v2/standardized_256/clothes/clothes_959.jpg,clothes,trash_other,train,standardized_256
data/raw/garbage_v2/standardized_256/clothes/clothes_96.jpg,clothes,trash_other,train,standardized_256
data/raw/garbage_v2/standardized_256/clothes/clothes_960.jpg,clothes,trash_other,train,standardized_256
data/raw/garbage_v2/standardized_256/clothes/clothes_961.jpg,clothes,trash_other,train,standardized_256
data/raw/garbage_v2/standardized_256/clothes/clothes_962.jpg,clothes,trash_other,train,standardized_256
data/raw/garbage_v2/standardized_256/clothes/clothes_963.jpg,clothes,trash_other,train,standardized_256
data/raw/garbage_v2/standardized_256/clothes/clothes_964.jpg,clothes,trash_other,train,standardized_256
data/raw/garbage_v2/standardized_256/clothes/clothes_967.jpg,clothes,trash_other,train,standardized_256
data/raw/garbage_v2/standardized_256/clothes/clothes_969.jpg,clothes,trash_other,train,standardized_256
data/raw/garbage_v2/standardized_256/clothes/clothes_97.jpg,clothes,trash_other,train,standardized_256
data/raw/garbage_v2/standardized_256/clothes/clothes_971.jpg,clothes,trash_other,train,standardized_256
data/raw/garbage_v2/standardized_256/clothes/clothes_972.jpg,clothes,trash_other,train,standardized_256
data/raw/garbage_v2/standardized_256/clothes/clothes_973.jpg,clothes,trash_other,train,standardized_256
data/raw/garbage_v2/standardized_256/clothes/clothes_974.jpg,clothes,trash_other,train,standardized_256
data/raw/garbage_v2/standardized_256/clothes/clothes_976.jpg,clothes,trash_other,train,standardized_256
data/raw/garbage_v2/standardized_256/clothes/clothes_977.jpg,clothes,trash_other,train,standardized_256
data/raw/garbage_v2/standardized_256/clothes/clothes_978.jpg,clothes,trash_other,train,standardized_256
data/raw/garbage_v2/standardized_256/clothes/clothes_98.jpg,clothes,trash_other,train,standardized_256
data/raw/garbage_v2/standardized_256/clothes/clothes_980.jpg,clothes,trash_other,train,standardized_256
data/raw/garbage_v2/standardized_256/clothes/clothes_981.jpg,clothes,trash_other,train,standardized_256
data/raw/garbage_v2/standardized_256/clothes/clothes_984.jpg,clothes,trash_other,train,standardized_256
data/raw/garbage_v2/standardized_256/clothes/clothes_985.jpg,clothes,trash_other,train,standardized_256
data/raw/garbage_v2/standardized_256/clothes/clothes_987.jpg,clothes,trash_other,train,standardized_256
data/raw/garbage_v2/standardized_256/clothes/clothes_989.jpg,clothes,trash_other,train,standardized_256
data/raw/garbage_v2/standardized_256/clothes/clothes_990.jpg,clothes,trash_other,train,standardized_256
data/raw/garbage_v2/standardized_256/clothes/clothes_991.jpg,clothes,trash_other,train,standardized_256
data/raw/garbage_v2/standardized_256/clothes/clothes_993.jpg,clothes,trash_other,train,standardized_256
data/raw/garbage_v2/standardized_256/clothes/clothes_996.jpg,clothes,trash_other,train,standardized_256
data/raw/garbage_v2/standardized_256/clothes/clothes_997.jpg,clothes,trash_other,train,standardized_256
data/raw/garbage_v2/standardized_256/clothes/clothes_998.jpg,clothes,trash_other,train,standardized_256
data/raw/garbage_v2/standardized_256/clothes/clothes_999.jpg,clothes,trash_other,train,standardized_256
data/raw/garbage_v2/standardized_256/shoes/shoes_1.jpg,shoes,trash_other,train,standardized_256
data/raw/garbage_v2/standardized_256/shoes/shoes_10.jpg,shoes,trash_other,train,standardized_256
data/raw/garbage_v2/standardized_256/shoes/shoes_100.jpg,shoes,trash_other,train,standardized_256
data/raw/garbage_v2/standardized_256/shoes/shoes_1000.jpg,shoes,trash_other,train,standardized_256
data/raw/garbage_v2/standardized_256/shoes/shoes_1001.jpg,shoes,trash_other,train,standardized_256
data/raw/garbage_v2/standardized_256/shoes/shoes_1002.jpg,shoes,trash_other,train,standardized_256
data/raw/garbage_v2/standardized_256/shoes/shoes_1003.jpg,shoes,trash_other,train,standardized_256
data/raw/garbage_v2/standardized_256/shoes/shoes_1004.jpg,shoes,trash_other,train,standardized_256
data/raw/garbage_v2/standardized_256/shoes/shoes_1005.jpg,shoes,trash_other,train,standardized_256
data/raw/garbage_v2/standardized_256/shoes/shoes_1007.jpg,shoes,trash_other,train,standardized_256
data/raw/garbage_v2/standardized_256/shoes/shoes_1008.jpg,shoes,trash_other,train,standardized_256
data/raw/garbage_v2/standardized_256/shoes/shoes_1009.jpg,shoes,trash_other,train,standardized_256
data/raw/garbage_v2/standardized_256/shoes/shoes_101.jpg,shoes,trash_other,train,standardized_256
data/raw/garbage_v2/standardized_256/shoes/shoes_1010.jpg,shoes,trash_other,train,standardized_256
data/raw/garbage_v2/standardized_256/shoes/shoes_1012.jpg,shoes,trash_other,train,standardized_256
data/raw/garbage_v2/standardized_256/shoes/shoes_1014.jpg,shoes,trash_other,train,standardized_256
data/raw/garbage_v2/standardized_256/shoes/shoes_1016.jpg,shoes,trash_other,train,standardized_256
data/raw/garbage_v2/standardized_256/shoes/shoes_1019.jpg,shoes,trash_other,train,standardized_256
data/raw/garbage_v2/standardized_256/shoes/shoes_1020.jpg,shoes,trash_other,train,standardized_256
data/raw/garbage_v2/standardized_256/shoes/shoes_1021.jpg,shoes,trash_other,train,standardized_256
data/raw/garbage_v2/standardized_256/shoes/shoes_1023.jpg,shoes,trash_other,train,standardized_256
data/raw/garbage_v2/standardized_256/shoes/shoes_1026.jpg,shoes,trash_other,train,standardized_256
data/raw/garbage_v2/standardized_256/shoes/shoes_1028.jpg,shoes,trash_other,train,standardized_256
data/raw/garbage_v2/standardized_256/shoes/shoes_1029.jpg,shoes,trash_other,train,standardized_256
data/raw/garbage_v2/standardized_256/shoes/shoes_103.jpg,shoes,trash_other,train,standardized_256
data/raw/garbage_v2/standardized_256/shoes/shoes_1031.jpg,shoes,trash_other,train,standardized_256
data/raw/garbage_v2/standardized_256/shoes/shoes_1032.jpg,shoes,trash_other,train,standardized_256
data/raw/garbage_v2/standardized_256/shoes/shoes_1033.jpg,shoes,trash_other,train,standardized_256
data/raw/garbage_v2/standardized_256/shoes/shoes_1034.jpg,shoes,trash_other,train,standardized_256
data/raw/garbage_v2/standardized_256/shoes/shoes_1035.jpg,shoes,trash_other,train,standardized_256
data/raw/garbage_v2/standardized_256/shoes/shoes_1036.jpg,shoes,trash_other,train,standardized_256
data/raw/garbage_v2/standardized_256/shoes/shoes_1038.jpg,shoes,trash_other,train,standardized_256
data/raw/garbage_v2/standardized_256/shoes/shoes_1039.jpg,shoes,trash_other,train,standardized_256
data/raw/garbage_v2/standardized_256/shoes/shoes_104.jpg,shoes,trash_other,train,standardized_256
data/raw/garbage_v2/standardized_256/shoes/shoes_1042.jpg,shoes,trash_other,train,standardized_256
data/raw/garbage_v2/standardized_256/shoes/shoes_1044.jpg,shoes,trash_other,train,standardized_256
data/raw/garbage_v2/standardized_256/shoes/shoes_1045.jpg,shoes,trash_other,train,standardized_256
data/raw/garbage_v2/standardized_256/shoes/shoes_1046.jpg,shoes,trash_other,train,standardized_256
data/raw/garbage_v2/standardized_256/shoes/shoes_1049.jpg,shoes,trash_other,train,standardized_256
data/raw/garbage_v2/standardized_256/shoes/shoes_1050.jpg,shoes,trash_other,train,standardized_256
data/raw/garbage_v2/standardized_256/shoes/shoes_1051.jpg,shoes,trash_other,train,standardized_256
data/raw/garbage_v2/standardized_256/shoes/shoes_1052.jpg,shoes,trash_other,train,standardized_256
data/raw/garbage_v2/standardized_256/shoes/shoes_1054.jpg,shoes,trash_other,train,standardized_256
data/raw/garbage_v2/standardized_256/shoes/shoes_1055.jpg,shoes,trash_other,train,standardized_256
data/raw/garbage_v2/standardized_256/shoes/shoes_1056.jpg,shoes,trash_other,train,standardized_256
data/raw/garbage_v2/standardized_256/shoes/shoes_1058.jpg,shoes,trash_other,train,standardized_256
data/raw/garbage_v2/standardized_256/shoes/shoes_1059.jpg,shoes,trash_other,train,standardized_256
data/raw/garbage_v2/standardized_256/shoes/shoes_106.jpg,shoes,trash_other,train,standardized_256
data/raw/garbage_v2/standardized_256/shoes/shoes_1060.jpg,shoes,trash_other,train,standardized_256
data/raw/garbage_v2/standardized_256/shoes/shoes_1062.jpg,shoes,trash_other,train,standardized_256
data/raw/garbage_v2/standardized_256/shoes/shoes_1063.jpg,shoes,trash_other,train,standardized_256
data/raw/garbage_v2/standardized_256/shoes/shoes_1064.jpg,shoes,trash_other,train,standardized_256
data/raw/garbage_v2/standardized_256/shoes/shoes_1066.jpg,shoes,trash_other,train,standardized_256
data/raw/garbage_v2/standardized_256/shoes/shoes_1067.jpg,shoes,trash_other,train,standardized_256
data/raw/garbage_v2/standardized_256/shoes/shoes_107.jpg,shoes,trash_other,train,standardized_256
data/raw/garbage_v2/standardized_256/shoes/shoes_1072.jpg,shoes,trash_other,train,standardized_256
data/raw/garbage_v2/standardized_256/shoes/shoes_1073.jpg,shoes,trash_other,train,standardized_256
data/raw/garbage_v2/standardized_256/shoes/shoes_1075.jpg,shoes,trash_other,train,standardized_256
data/raw/garbage_v2/standardized_256/shoes/shoes_1076.jpg,shoes,trash_other,train,standardized_256
data/raw/garbage_v2/standardized_256/shoes/shoes_1077.jpg,shoes,trash_other,train,standardized_256
data/raw/garbage_v2/standardized_256/shoes/shoes_1078.jpg,shoes,trash_other,train,standardized_256
data/raw/garbage_v2/standardized_256/shoes/shoes_1081.jpg,shoes,trash_other,train,standardized_256
data/raw/garbage_v2/standardized_256/shoes/shoes_1082.jpg,shoes,trash_other,train,standardized_256
data/raw/garbage_v2/standardized_256/shoes/shoes_1083.jpg,shoes,trash_other,train,standardized_256
data/raw/garbage_v2/standardized_256/shoes/shoes_1084.jpg,shoes,trash_other,train,standardized_256
data/raw/garbage_v2/standardized_256/shoes/shoes_1085.jpg,shoes,trash_other,train,standardized_256
data/raw/garbage_v2/standardized_256/shoes/shoes_1087.jpg,shoes,trash_other,train,standardized_256
data/raw/garbage_v2/standardized_256/shoes/shoes_1089.jpg,shoes,trash_other,train,standardized_256
data/raw/garbage_v2/standardized_256/shoes/shoes_109.jpg,shoes,trash_other,train,standardized_256
data/raw/garbage_v2/standardized_256/shoes/shoes_1090.jpg,shoes,trash_other,train,standardized_256
data/raw/garbage_v2/standardized_256/shoes/shoes_1091.jpg,shoes,trash_other,train,standardized_256
data/raw/garbage_v2/standardized_256/shoes/shoes_1092.jpg,shoes,trash_other,train,standardized_256
data/raw/garbage_v2/standardized_256/shoes/shoes_1093.jpg,shoes,trash_other,train,standardized_256
data/raw/garbage_v2/standardized_256/shoes/shoes_1094.jpg,shoes,trash_other,train,standardized_256
data/raw/garbage_v2/standardized_256/shoes/shoes_1096.jpg,shoes,trash_other,train,standardized_256
data/raw/garbage_v2/standardized_256/shoes/shoes_1097.jpg,shoes,trash_other,train,standardized_256
data/raw/garbage_v2/standardized_256/shoes/shoes_1098.jpg,shoes,trash_other,train,standardized_256
data/raw/garbage_v2/standardized_256/shoes/shoes_1099.jpg,shoes,trash_other,train,standardized_256
data/raw/garbage_v2/standardized_256/shoes/shoes_11.jpg,shoes,trash_other,train,standardized_256
data/raw/garbage_v2/standardized_256/shoes/shoes_110.jpg,shoes,trash_other,train,standardized_256
data/raw/garbage_v2/standardized_256/shoes/shoes_1100.jpg,shoes,trash_other,train,standardized_256
data/raw/garbage_v2/standardized_256/shoes/shoes_1101.jpg,shoes,trash_other,train,standardized_256
data/raw/garbage_v2/standardized_256/shoes/shoes_1102.jpg,shoes,trash_other,train,standardized_256
data/raw/garbage_v2/standardized_256/shoes/shoes_1104.jpg,shoes,trash_other,train,standardized_256
data/raw/garbage_v2/standardized_256/shoes/shoes_1105.jpg,shoes,trash_other,train,standardized_256
data/raw/garbage_v2/standardized_256/shoes/shoes_1106.jpg,shoes,trash_other,train,standardized_256
data/raw/garbage_v2/standardized_256/shoes/shoes_1107.jpg,shoes,trash_other,train,standardized_256
data/raw/garbage_v2/standardized_256/shoes/shoes_1109.jpg,shoes,trash_other,train,standardized_256
data/raw/garbage_v2/standardized_256/shoes/shoes_111.jpg,shoes,trash_other,train,standardized_256
data/raw/garbage_v2/standardized_256/shoes/shoes_1110.jpg,shoes,trash_other,train,standardized_256
data/raw/garbage_v2/standardized_256/shoes/shoes_1111.jpg,shoes,trash_other,train,standardized_256
data/raw/garbage_v2/standardized_256/shoes/shoes_1112.jpg,shoes,trash_other,train,standardized_256
data/raw/garbage_v2/standardized_256/shoes/shoes_1113.jpg,shoes,trash_other,train,standardized_256
data/raw/garbage_v2/standardized_256/shoes/shoes_1117.jpg,shoes,trash_other,train,standardized_256
data/raw/garbage_v2/standardized_256/shoes/shoes_1118.jpg,shoes,trash_other,train,standardized_256
data/raw/garbage_v2/standardized_256/shoes/shoes_1119.jpg,shoes,trash_other,train,standardized_256
data/raw/garbage_v2/standardized_256/shoes/shoes_1125.jpg,shoes,trash_other,train,standardized_256
data/raw/garbage_v2/standardized_256/shoes/shoes_1128.jpg,shoes,trash_other,train,standardized_256
data/raw/garbage_v2/standardized_256/shoes/shoes_1129.jpg,shoes,trash_other,train,standardized_256
data/raw/garbage_v2/standardized_256/shoes/shoes_1130.jpg,shoes,trash_other,train,standardized_256
data/raw/garbage_v2/standardized_256/shoes/shoes_1131.jpg,shoes,trash_other,train,standardized_256
data/raw/garbage_v2/standardized_256/shoes/shoes_1133.jpg,shoes,trash_other,train,standardized_256
data/raw/garbage_v2/standardized_256/shoes/shoes_1134.jpg,shoes,trash_other,train,standardized_256
data/raw/garbage_v2/standardized_256/shoes/shoes_1135.jpg,shoes,trash_other,train,standardized_256
data/raw/garbage_v2/standardized_256/shoes/shoes_1136.jpg,shoes,trash_other,train,standardized_256
data/raw/garbage_v2/standardized_256/shoes/shoes_1137.jpg,shoes,trash_other,train,standardized_256
data/raw/garbage_v2/standardized_256/shoes/shoes_114.jpg,shoes,trash_other,train,standardized_256
data/raw/garbage_v2/standardized_256/shoes/shoes_1141.jpg,shoes,trash_other,train,standardized_256
data/raw/garbage_v2/standardized_256/shoes/shoes_1143.jpg,shoes,trash_other,train,standardized_256
data/raw/garbage_v2/standardized_256/shoes/shoes_1145.jpg,shoes,trash_other,train,standardized_256
data/raw/garbage_v2/standardized_256/shoes/shoes_1146.jpg,shoes,trash_other,train,standardized_256
data/raw/garbage_v2/standardized_256/shoes/shoes_1147.jpg,shoes,trash_other,train,standardized_256
data/raw/garbage_v2/standardized_256/shoes/shoes_1148.jpg,shoes,trash_other,train,standardized_256
data/raw/garbage_v2/standardized_256/shoes/shoes_1149.jpg,shoes,trash_other,train,standardized_256
data/raw/garbage_v2/standardized_256/shoes/shoes_1151.jpg,shoes,trash_other,train,standardized_256
data/raw/garbage_v2/standardized_256/shoes/shoes_1152.jpg,shoes,trash_other,train,standardized_256
data/raw/garbage_v2/standardized_256/shoes/shoes_1155.jpg,shoes,trash_other,train,standardized_256
data/raw/garbage_v2/standardized_256/shoes/shoes_1157.jpg,shoes,trash_other,train,standardized_256
data/raw/garbage_v2/standardized_256/shoes/shoes_1158.jpg,shoes,trash_other,train,standardized_256
data/raw/garbage_v2/standardized_256/shoes/shoes_1159.jpg,shoes,trash_other,train,standardized_256
data/raw/garbage_v2/standardized_256/shoes/shoes_116.jpg,shoes,trash_other,train,standardized_256
data/raw/garbage_v2/standardized_256/shoes/shoes_1160.jpg,shoes,trash_other,train,standardized_256
data/raw/garbage_v2/standardized_256/shoes/shoes_1161.jpg,shoes,trash_other,train,standardized_256
data/raw/garbage_v2/standardized_256/shoes/shoes_1162.jpg,shoes,trash_other,train,standardized_256
data/raw/garbage_v2/standardized_256/shoes/shoes_1163.jpg,shoes,trash_other,train,standardized_256
data/raw/garbage_v2/standardized_256/shoes/shoes_1164.jpg,shoes,trash_other,train,standardized_256
data/raw/garbage_v2/standardized_256/shoes/shoes_1165.jpg,shoes,trash_other,train,standardized_256
data/raw/garbage_v2/standardized_256/shoes/shoes_1168.jpg,shoes,trash_other,train,standardized_256
data/raw/garbage_v2/standardized_256/shoes/shoes_1169.jpg,shoes,trash_other,train,standardized_256
data/raw/garbage_v2/standardized_256/shoes/shoes_1170.jpg,shoes,trash_other,train,standardized_256
data/raw/garbage_v2/standardized_256/shoes/shoes_1171.jpg,shoes,trash_other,train,standardized_256
data/raw/garbage_v2/standardized_256/shoes/shoes_1172.jpg,shoes,trash_other,train,standardized_256
data/raw/garbage_v2/standardized_256/shoes/shoes_1175.jpg,shoes,trash_other,train,standardized_256
data/raw/garbage_v2/standardized_256/shoes/shoes_1177.jpg,shoes,trash_other,train,standardized_256
data/raw/garbage_v2/standardized_256/shoes/shoes_1178.jpg,shoes,trash_other,train,standardized_256
data/raw/garbage_v2/standardized_256/shoes/shoes_1179.jpg,shoes,trash_other,train,standardized_256
data/raw/garbage_v2/standardized_256/shoes/shoes_1180.jpg,shoes,trash_other,train,standardized_256
data/raw/garbage_v2/standardized_256/shoes/shoes_1181.jpg,shoes,trash_other,train,standardized_256
data/raw/garbage_v2/standardized_256/shoes/shoes_1182.jpg,shoes,trash_other,train,standardized_256
data/raw/garbage_v2/standardized_256/shoes/shoes_1184.jpg,shoes,trash_other,train,standardized_256
data/raw/garbage_v2/standardized_256/shoes/shoes_1185.jpg,shoes,trash_other,train,standardized_256
data/raw/garbage_v2/standardized_256/shoes/shoes_1187.jpg,shoes,trash_other,train,standardized_256
data/raw/garbage_v2/standardized_256/shoes/shoes_1189.jpg,shoes,trash_other,train,standardized_256
data/raw/garbage_v2/standardized_256/shoes/shoes_119.jpg,shoes,trash_other,train,standardized_256
data/raw/garbage_v2/standardized_256/shoes/shoes_1191.jpg,shoes,trash_other,train,standardized_256
data/raw/garbage_v2/standardized_256/shoes/shoes_1194.jpg,shoes,trash_other,train,standardized_256
data/raw/garbage_v2/standardized_256/shoes/shoes_1195.jpg,shoes,trash_other,train,standardized_256
data/raw/garbage_v2/standardized_256/shoes/shoes_1196.jpg,shoes,trash_other,train,standardized_256
data/raw/garbage_v2/standardized_256/shoes/shoes_1198.jpg,shoes,trash_other,train,standardized_256
data/raw/garbage_v2/standardized_256/shoes/shoes_12.jpg,shoes,trash_other,train,standardized_256
data/raw/garbage_v2/standardized_256/shoes/shoes_120.jpg,shoes,trash_other,train,standardized_256
data/raw/garbage_v2/standardized_256/shoes/shoes_1200.jpg,shoes,trash_other,train,standardized_256
data/raw/garbage_v2/standardized_256/shoes/shoes_1202.jpg,shoes,trash_other,train,standardized_256
data/raw/garbage_v2/standardized_256/shoes/shoes_1203.jpg,shoes,trash_other,train,standardized_256
data/raw/garbage_v2/standardized_256/shoes/shoes_1204.jpg,shoes,trash_other,train,standardized_256
data/raw/garbage_v2/standardized_256/shoes/shoes_1205.jpg,shoes,trash_other,train,standardized_256
data/raw/garbage_v2/standardized_256/shoes/shoes_1206.jpg,shoes,trash_other,train,standardized_256
data/raw/garbage_v2/standardized_256/shoes/shoes_1207.jpg,shoes,trash_other,train,standardized_256
data/raw/garbage_v2/standardized_256/shoes/shoes_1208.jpg,shoes,trash_other,train,standardized_256
data/raw/garbage_v2/standardized_256/shoes/shoes_121.jpg,shoes,trash_other,train,standardized_256
data/raw/garbage_v2/standardized_256/shoes/shoes_1210.jpg,shoes,trash_other,train,standardized_256
data/raw/garbage_v2/standardized_256/shoes/shoes_1211.jpg,shoes,trash_other,train,standardized_256
data/raw/garbage_v2/standardized_256/shoes/shoes_1212.jpg,shoes,trash_other,train,standardized_256
data/raw/garbage_v2/standardized_256/shoes/shoes_1213.jpg,shoes,trash_other,train,standardized_256
data/raw/garbage_v2/standardized_256/shoes/shoes_1214.jpg,shoes,trash_other,train,standardized_256
data/raw/garbage_v2/standardized_256/shoes/shoes_1215.jpg,shoes,trash_other,train,standardized_256
data/raw/garbage_v2/standardized_256/shoes/shoes_1217.jpg,shoes,trash_other,train,standardized_256
data/raw/garbage_v2/standardized_256/shoes/shoes_1218.jpg,shoes,trash_other,train,standardized_256
data/raw/garbage_v2/standardized_256/shoes/shoes_1219.jpg,shoes,trash_other,train,standardized_256
data/raw/garbage_v2/standardized_256/shoes/shoes_122.jpg,shoes,trash_other,train,standardized_256
data/raw/garbage_v2/standardized_256/shoes/shoes_1222.jpg,shoes,trash_other,train,standardized_256
data/raw/garbage_v2/standardized_256/shoes/shoes_1223.jpg,shoes,trash_other,train,standardized_256
data/raw/garbage_v2/standardized_256/shoes/shoes_1224.jpg,shoes,trash_other,train,standardized_256
data/raw/garbage_v2/standardized_256/shoes/shoes_1225.jpg,shoes,trash_other,train,standardized_256
data/raw/garbage_v2/standardized_256/shoes/shoes_1226.jpg,shoes,trash_other,train,standardized_256
data/raw/garbage_v2/standardized_256/shoes/shoes_1228.jpg,shoes,trash_other,train,standardized_256
data/raw/garbage_v2/standardized_256/shoes/shoes_1229.jpg,shoes,trash_other,train,standardized_256
data/raw/garbage_v2/standardized_256/shoes/shoes_123.jpg,shoes,trash_other,train,standardized_256
data/raw/garbage_v2/standardized_256/shoes/shoes_1230.jpg,shoes,trash_other,train,standardized_256
data/raw/garbage_v2/standardized_256/shoes/shoes_1231.jpg,shoes,trash_other,train,standardized_256
data/raw/garbage_v2/standardized_256/shoes/shoes_1232.jpg,shoes,trash_other,train,standardized_256
data/raw/garbage_v2/standardized_256/shoes/shoes_1233.jpg,shoes,trash_other,train,standardized_256
data/raw/garbage_v2/standardized_256/shoes/shoes_1235.jpg,shoes,trash_other,train,standardized_256
data/raw/garbage_v2/standardized_256/shoes/shoes_1237.jpg,shoes,trash_other,train,standardized_256
data/raw/garbage_v2/standardized_256/shoes/shoes_1239.jpg,shoes,trash_other,train,standardized_256
data/raw/garbage_v2/standardized_256/shoes/shoes_124.jpg,shoes,trash_other,train,standardized_256
data/raw/garbage_v2/standardized_256/shoes/shoes_1240.jpg,shoes,trash_other,train,standardized_256
data/raw/garbage_v2/standardized_256/shoes/shoes_1241.jpg,shoes,trash_other,train,standardized_256
data/raw/garbage_v2/standardized_256/shoes/shoes_1242.jpg,shoes,trash_other,train,standardized_256
data/raw/garbage_v2/standardized_256/shoes/shoes_1244.jpg,shoes,trash_other,train,standardized_256
data/raw/garbage_v2/standardized_256/shoes/shoes_1247.jpg,shoes,trash_other,train,standardized_256
data/raw/garbage_v2/standardized_256/shoes/shoes_1248.jpg,shoes,trash_other,train,standardized_256
data/raw/garbage_v2/standardized_256/shoes/shoes_1249.jpg,shoes,trash_other,train,standardized_256
data/raw/garbage_v2/standardized_256/shoes/shoes_1250.jpg,shoes,trash_other,train,standardized_256
data/raw/garbage_v2/standardized_256/shoes/shoes_1253.jpg,shoes,trash_other,train,standardized_256
data/raw/garbage_v2/standardized_256/shoes/shoes_1255.jpg,shoes,trash_other,train,standardized_256
data/raw/garbage_v2/standardized_256/shoes/shoes_1256.jpg,shoes,trash_other,train,standardized_256
data/raw/garbage_v2/standardized_256/shoes/shoes_1258.jpg,shoes,trash_other,train,standardized_256
data/raw/garbage_v2/standardized_256/shoes/shoes_1259.jpg,shoes,trash_other,train,standardized_256
data/raw/garbage_v2/standardized_256/shoes/shoes_126.jpg,shoes,trash_other,train,standardized_256
data/raw/garbage_v2/standardized_256/shoes/shoes_1260.jpg,shoes,trash_other,train,standardized_256
data/raw/garbage_v2/standardized_256/shoes/shoes_1262.jpg,shoes,trash_other,train,standardized_256
data/raw/garbage_v2/standardized_256/shoes/shoes_1263.jpg,shoes,trash_other,train,standardized_256
data/raw/garbage_v2/standardized_256/shoes/shoes_1264.jpg,shoes,trash_other,train,standardized_256
data/raw/garbage_v2/standardized_256/shoes/shoes_1265.jpg,shoes,trash_other,train,standardized_256
data/raw/garbage_v2/standardized_256/shoes/shoes_1266.jpg,shoes,trash_other,train,standardized_256
data/raw/garbage_v2/standardized_256/shoes/shoes_1267.jpg,shoes,trash_other,train,standardized_256
data/raw/garbage_v2/standardized_256/shoes/shoes_1268.jpg,shoes,trash_other,train,standardized_256
data/raw/garbage_v2/standardized_256/shoes/shoes_1269.jpg,shoes,trash_other,train,standardized_256
data/raw/garbage_v2/standardized_256/shoes/shoes_127.jpg,shoes,trash_other,train,standardized_256
data/raw/garbage_v2/standardized_256/shoes/shoes_1270.jpg,shoes,trash_other,train,standardized_256
data/raw/garbage_v2/standardized_256/shoes/shoes_1271.jpg,shoes,trash_other,train,standardized_256
data/raw/garbage_v2/standardized_256/shoes/shoes_1272.jpg,shoes,trash_other,train,standardized_256
data/raw/garbage_v2/standardized_256/shoes/shoes_1274.jpg,shoes,trash_other,train,standardized_256
data/raw/garbage_v2/standardized_256/shoes/shoes_1275.jpg,shoes,trash_other,train,standardized_256
data/raw/garbage_v2/standardized_256/shoes/shoes_1276.jpg,shoes,trash_other,train,standardized_256
data/raw/garbage_v2/standardized_256/shoes/shoes_1277.jpg,shoes,trash_other,train,standardized_256
data/raw/garbage_v2/standardized_256/shoes/shoes_1279.jpg,shoes,trash_other,train,standardized_256
data/raw/garbage_v2/standardized_256/shoes/shoes_128.jpg,shoes,trash_other,train,standardized_256
data/raw/garbage_v2/standardized_256/shoes/shoes_1280.jpg,shoes,trash_other,train,standardized_256
data/raw/garbage_v2/standardized_256/shoes/shoes_1282.jpg,shoes,trash_other,train,standardized_256
data/raw/garbage_v2/standardized_256/shoes/shoes_1283.jpg,shoes,trash_other,train,standardized_256
data/raw/garbage_v2/standardized_256/shoes/shoes_1284.jpg,shoes,trash_other,train,standardized_256
data/raw/garbage_v2/standardized_256/shoes/shoes_1285.jpg,shoes,trash_other,train,standardized_256
data/raw/garbage_v2/standardized_256/shoes/shoes_1286.jpg,shoes,trash_other,train,standardized_256
data/raw/garbage_v2/standardized_256/shoes/shoes_1287.jpg,shoes,trash_other,train,standardized_256
data/raw/garbage_v2/standardized_256/shoes/shoes_1289.jpg,shoes,trash_other,train,standardized_256
data/raw/garbage_v2/standardized_256/shoes/shoes_1290.jpg,shoes,trash_other,train,standardized_256
data/raw/garbage_v2/standardized_256/shoes/shoes_1292.jpg,shoes,trash_other,train,standardized_256
data/raw/garbage_v2/standardized_256/shoes/shoes_1293.jpg,shoes,trash_other,train,standardized_256
data/raw/garbage_v2/standardized_256/shoes/shoes_1294.jpg,shoes,trash_other,train,standardized_256
data/raw/garbage_v2/standardized_256/shoes/shoes_1295.jpg,shoes,trash_other,train,standardized_256
data/raw/garbage_v2/standardized_256/shoes/shoes_1297.jpg,shoes,trash_other,train,standardized_256
data/raw/garbage_v2/standardized_256/shoes/shoes_1298.jpg,shoes,trash_other,train,standardized_256
data/raw/garbage_v2/standardized_256/shoes/shoes_1299.jpg,shoes,trash_other,train,standardized_256
data/raw/garbage_v2/standardized_256/shoes/shoes_13.jpg,shoes,trash_other,train,standardized_256
data/raw/garbage_v2/standardized_256/shoes/shoes_130.jpg,shoes,trash_other,train,standardized_256
data/raw/garbage_v2/standardized_256/shoes/shoes_1300.jpg,shoes,trash_other,train,standardized_256
data/raw/garbage_v2/standardized_256/shoes/shoes_1302.jpg,shoes,trash_other,train,standardized_256
data/raw/garbage_v2/standardized_256/shoes/shoes_1303.jpg,shoes,trash_other,train,standardized_256
data/raw/garbage_v2/standardized_256/shoes/shoes_1304.jpg,shoes,trash_other,train,standardized_256
data/raw/garbage_v2/standardized_256/shoes/shoes_1305.jpg,shoes,trash_other,train,standardized_256
data/raw/garbage_v2/standardized_256/shoes/shoes_1309.jpg,shoes,trash_other,train,standardized_256
data/raw/garbage_v2/standardized_256/shoes/shoes_131.jpg,shoes,trash_other,train,standardized_256
data/raw/garbage_v2/standardized_256/shoes/shoes_1310.jpg,shoes,trash_other,train,standardized_256
data/raw/garbage_v2/standardized_256/shoes/shoes_1311.jpg,shoes,trash_other,train,standardized_256
data/raw/garbage_v2/standardized_256/shoes/shoes_1313.jpg,shoes,trash_other,train,standardized_256
data/raw/garbage_v2/standardized_256/shoes/shoes_1315.jpg,shoes,trash_other,train,standardized_256
data/raw/garbage_v2/standardized_256/shoes/shoes_1316.jpg,shoes,trash_other,train,standardized_256
data/raw/garbage_v2/standardized_256/shoes/shoes_1317.jpg,shoes,trash_other,train,standardized_256
data/raw/garbage_v2/standardized_256/shoes/shoes_1319.jpg,shoes,trash_other,train,standardized_256
data/raw/garbage_v2/standardized_256/shoes/shoes_132.jpg,shoes,trash_other,train,standardized_256
data/raw/garbage_v2/standardized_256/shoes/shoes_1322.jpg,shoes,trash_other,train,standardized_256
data/raw/garbage_v2/standardized_256/shoes/shoes_1323.jpg,shoes,trash_other,train,standardized_256
data/raw/garbage_v2/standardized_256/shoes/shoes_1327.jpg,shoes,trash_other,train,standardized_256
data/raw/garbage_v2/standardized_256/shoes/shoes_1328.jpg,shoes,trash_other,train,standardized_256
data/raw/garbage_v2/standardized_256/shoes/shoes_133.jpg,shoes,trash_other,train,standardized_256
data/raw/garbage_v2/standardized_256/shoes/shoes_1330.jpg,shoes,trash_other,train,standardized_256
data/raw/garbage_v2/standardized_256/shoes/shoes_1331.jpg,shoes,trash_other,train,standardized_256
data/raw/garbage_v2/standardized_256/shoes/shoes_1332.jpg,shoes,trash_other,train,standardized_256
data/raw/garbage_v2/standardized_256/shoes/shoes_1333.jpg,shoes,trash_other,train,standardized_256
data/raw/garbage_v2/standardized_256/shoes/shoes_1334.jpg,shoes,trash_other,train,standardized_256
data/raw/garbage_v2/standardized_256/shoes/shoes_1335.jpg,shoes,trash_other,train,standardized_256
data/raw/garbage_v2/standardized_256/shoes/shoes_1337.jpg,shoes,trash_other,train,standardized_256
data/raw/garbage_v2/standardized_256/shoes/shoes_1338.jpg,shoes,trash_other,train,standardized_256
data/raw/garbage_v2/standardized_256/shoes/shoes_1339.jpg,shoes,trash_other,train,standardized_256
data/raw/garbage_v2/standardized_256/shoes/shoes_134.jpg,shoes,trash_other,train,standardized_256
data/raw/garbage_v2/standardized_256/shoes/shoes_1340.jpg,shoes,trash_other,train,standardized_256
data/raw/garbage_v2/standardized_256/shoes/shoes_1341.jpg,shoes,trash_other,train,standardized_256
data/raw/garbage_v2/standardized_256/shoes/shoes_1343.jpg,shoes,trash_other,train,standardized_256
data/raw/garbage_v2/standardized_256/shoes/shoes_1346.jpg,shoes,trash_other,train,standardized_256
data/raw/garbage_v2/standardized_256/shoes/shoes_1347.jpg,shoes,trash_other,train,standardized_256
data/raw/garbage_v2/standardized_256/shoes/shoes_1349.jpg,shoes,trash_other,train,standardized_256
data/raw/garbage_v2/standardized_256/shoes/shoes_1350.jpg,shoes,trash_other,train,standardized_256
data/raw/garbage_v2/standardized_256/shoes/shoes_1351.jpg,shoes,trash_other,train,standardized_256
data/raw/garbage_v2/standardized_256/shoes/shoes_1353.jpg,shoes,trash_other,train,standardized_256
data/raw/garbage_v2/standardized_256/shoes/shoes_1354.jpg,shoes,trash_other,train,standardized_256
data/raw/garbage_v2/standardized_256/shoes/shoes_1355.jpg,shoes,trash_other,train,standardized_256
data/raw/garbage_v2/standardized_256/shoes/shoes_1356.jpg,shoes,trash_other,train,standardized_256
data/raw/garbage_v2/standardized_256/shoes/shoes_1358.jpg,shoes,trash_other,train,standardized_256
data/raw/garbage_v2/standardized_256/shoes/shoes_1359.jpg,shoes,trash_other,train,standardized_256
data/raw/garbage_v2/standardized_256/shoes/shoes_136.jpg,shoes,trash_other,train,standardized_256
data/raw/garbage_v2/standardized_256/shoes/shoes_1361.jpg,shoes,trash_other,train,standardized_256
data/raw/garbage_v2/standardized_256/shoes/shoes_1362.jpg,shoes,trash_other,train,standardized_256
data/raw/garbage_v2/standardized_256/shoes/shoes_1363.jpg,shoes,trash_other,train,standardized_256
data/raw/garbage_v2/standardized_256/shoes/shoes_1364.jpg,shoes,trash_other,train,standardized_256
data/raw/garbage_v2/standardized_256/shoes/shoes_1366.jpg,shoes,trash_other,train,standardized_256
data/raw/garbage_v2/standardized_256/shoes/shoes_1369.jpg,shoes,trash_other,train,standardized_256
data/raw/garbage_v2/standardized_256/shoes/shoes_137.jpg,shoes,trash_other,train,standardized_256
data/raw/garbage_v2/standardized_256/shoes/shoes_1371.jpg,shoes,trash_other,train,standardized_256
data/raw/garbage_v2/standardized_256/shoes/shoes_1373.jpg,shoes,trash_other,train,standardized_256
data/raw/garbage_v2/standardized_256/shoes/shoes_1374.jpg,shoes,trash_other,train,standardized_256
data/raw/garbage_v2/standardized_256/shoes/shoes_1376.jpg,shoes,trash_other,train,standardized_256
data/raw/garbage_v2/standardized_256/shoes/shoes_1377.jpg,shoes,trash_other,train,standardized_256
data/raw/garbage_v2/standardized_256/shoes/shoes_138.jpg,shoes,trash_other,train,standardized_256
data/raw/garbage_v2/standardized_256/shoes/shoes_1381.jpg,shoes,trash_other,train,standardized_256
data/raw/garbage_v2/standardized_256/shoes/shoes_1382.jpg,shoes,trash_other,train,standardized_256
data/raw/garbage_v2/standardized_256/shoes/shoes_1383.jpg,shoes,trash_other,train,standardized_256
data/raw/garbage_v2/standardized_256/shoes/shoes_1384.jpg,shoes,trash_other,train,standardized_256
data/raw/garbage_v2/standardized_256/shoes/shoes_1386.jpg,shoes,trash_other,train,standardized_256
data/raw/garbage_v2/standardized_256/shoes/shoes_1387.jpg,shoes,trash_other,train,standardized_256
data/raw/garbage_v2/standardized_256/shoes/shoes_1388.jpg,shoes,trash_other,train,standardized_256
data/raw/garbage_v2/standardized_256/shoes/shoes_1389.jpg,shoes,trash_other,train,standardized_256
data/raw/garbage_v2/standardized_256/shoes/shoes_139.jpg,shoes,trash_other,train,standardized_256
data/raw/garbage_v2/standardized_256/shoes/shoes_1391.jpg,shoes,trash_other,train,standardized_256
data/raw/garbage_v2/standardized_256/shoes/shoes_1393.jpg,shoes,trash_other,train,standardized_256
data/raw/garbage_v2/standardized_256/shoes/shoes_1394.jpg,shoes,trash_other,train,standardized_256
data/raw/garbage_v2/standardized_256/shoes/shoes_1395.jpg,shoes,trash_other,train,standardized_256
data/raw/garbage_v2/standardized_256/shoes/shoes_1396.jpg,shoes,trash_other,train,standardized_256
data/raw/garbage_v2/standardized_256/shoes/shoes_14.jpg,shoes,trash_other,train,standardized_256
data/raw/garbage_v2/standardized_256/shoes/shoes_140.jpg,shoes,trash_other,train,standardized_256
data/raw/garbage_v2/standardized_256/shoes/shoes_1401.jpg,shoes,trash_other,train,standardized_256
data/raw/garbage_v2/standardized_256/shoes/shoes_1405.jpg,shoes,trash_other,train,standardized_256
data/raw/garbage_v2/standardized_256/shoes/shoes_1406.jpg,shoes,trash_other,train,standardized_256
data/raw/garbage_v2/standardized_256/shoes/shoes_1407.jpg,shoes,trash_other,train,standardized_256
data/raw/garbage_v2/standardized_256/shoes/shoes_1408.jpg,shoes,trash_other,train,standardized_256
data/raw/garbage_v2/standardized_256/shoes/shoes_1409.jpg,shoes,trash_other,train,standardized_256
data/raw/garbage_v2/standardized_256/shoes/shoes_141.jpg,shoes,trash_other,train,standardized_256
data/raw/garbage_v2/standardized_256/shoes/shoes_1410.jpg,shoes,trash_other,train,standardized_256
data/raw/garbage_v2/standardized_256/shoes/shoes_1411.jpg,shoes,trash_other,train,standardized_256
data/raw/garbage_v2/standardized_256/shoes/shoes_1412.jpg,shoes,trash_other,train,standardized_256
data/raw/garbage_v2/standardized_256/shoes/shoes_1414.jpg,shoes,trash_other,train,standardized_256
data/raw/garbage_v2/standardized_256/shoes/shoes_1415.jpg,shoes,trash_other,train,standardized_256
data/raw/garbage_v2/standardized_256/shoes/shoes_1417.jpg,shoes,trash_other,train,standardized_256
data/raw/garbage_v2/standardized_256/shoes/shoes_1419.jpg,shoes,trash_other,train,standardized_256
data/raw/garbage_v2/standardized_256/shoes/shoes_142.jpg,shoes,trash_other,train,standardized_256
data/raw/garbage_v2/standardized_256/shoes/shoes_1421.jpg,shoes,trash_other,train,standardized_256
data/raw/garbage_v2/standardized_256/shoes/shoes_1423.jpg,shoes,trash_other,train,standardized_256
data/raw/garbage_v2/standardized_256/shoes/shoes_1424.jpg,shoes,trash_other,train,standardized_256
data/raw/garbage_v2/standardized_256/shoes/shoes_1425.jpg,shoes,trash_other,train,standardized_256
data/raw/garbage_v2/standardized_256/shoes/shoes_143.jpg,shoes,trash_other,train,standardized_256
data/raw/garbage_v2/standardized_256/shoes/shoes_1431.jpg,shoes,trash_other,train,standardized_256
data/raw/garbage_v2/standardized_256/shoes/shoes_1432.jpg,shoes,trash_other,train,standardized_256
data/raw/garbage_v2/standardized_256/shoes/shoes_1433.jpg,shoes,trash_other,train,standardized_256
data/raw/garbage_v2/standardized_256/shoes/shoes_1435.jpg,shoes,trash_other,train,standardized_256
data/raw/garbage_v2/standardized_256/shoes/shoes_1436.jpg,shoes,trash_other,train,standardized_256
data/raw/garbage_v2/standardized_256/shoes/shoes_1439.jpg,shoes,trash_other,train,standardized_256
data/raw/garbage_v2/standardized_256/shoes/shoes_1440.jpg,shoes,trash_other,train,standardized_256
data/raw/garbage_v2/standardized_256/shoes/shoes_1441.jpg,shoes,trash_other,train,standardized_256
data/raw/garbage_v2/standardized_256/shoes/shoes_1442.jpg,shoes,trash_other,train,standardized_256
data/raw/garbage_v2/standardized_256/shoes/shoes_1443.jpg,shoes,trash_other,train,standardized_256
data/raw/garbage_v2/standardized_256/shoes/shoes_1444.jpg,shoes,trash_other,train,standardized_256
data/raw/garbage_v2/standardized_256/shoes/shoes_1446.jpg,shoes,trash_other,train,standardized_256
data/raw/garbage_v2/standardized_256/shoes/shoes_1448.jpg,shoes,trash_other,train,standardized_256
data/raw/garbage_v2/standardized_256/shoes/shoes_1449.jpg,shoes,trash_other,train,standardized_256
data/raw/garbage_v2/standardized_256/shoes/shoes_145.jpg,shoes,trash_other,train,standardized_256
data/raw/garbage_v2/standardized_256/shoes/shoes_146.jpg,shoes,trash_other,train,standardized_256
data/raw/garbage_v2/standardized_256/shoes/shoes_147.jpg,shoes,trash_other,train,standardized_256
data/raw/garbage_v2/standardized_256/shoes/shoes_148.jpg,shoes,trash_other,train,standardized_256
data/raw/garbage_v2/standardized_256/shoes/shoes_15.jpg,shoes,trash_other,train,standardized_256
data/raw/garbage_v2/standardized_256/shoes/shoes_150.jpg,shoes,trash_other,train,standardized_256
data/raw/garbage_v2/standardized_256/shoes/shoes_151.jpg,shoes,trash_other,train,standardized_256
data/raw/garbage_v2/standardized_256/shoes/shoes_152.jpg,shoes,trash_other,train,standardized_256
data/raw/garbage_v2/standardized_256/shoes/shoes_157.jpg,shoes,trash_other,train,standardized_256
data/raw/garbage_v2/standardized_256/shoes/shoes_159.jpg,shoes,trash_other,train,standardized_256
data/raw/garbage_v2/standardized_256/shoes/shoes_160.jpg,shoes,trash_other,train,standardized_256
data/raw/garbage_v2/standardized_256/shoes/shoes_161.jpg,shoes,trash_other,train,standardized_256
data/raw/garbage_v2/standardized_256/shoes/shoes_162.jpg,shoes,trash_other,train,standardized_256
data/raw/garbage_v2/standardized_256/shoes/shoes_164.jpg,shoes,trash_other,train,standardized_256
data/raw/garbage_v2/standardized_256/shoes/shoes_165.jpg,shoes,trash_other,train,standardized_256
data/raw/garbage_v2/standardized_256/shoes/shoes_166.jpg,shoes,trash_other,train,standardized_256
data/raw/garbage_v2/standardized_256/shoes/shoes_167.jpg,shoes,trash_other,train,standardized_256
data/raw/garbage_v2/standardized_256/shoes/shoes_168.jpg,shoes,trash_other,train,standardized_256
data/raw/garbage_v2/standardized_256/shoes/shoes_169.jpg,shoes,trash_other,train,standardized_256
data/raw/garbage_v2/standardized_256/shoes/shoes_17.jpg,shoes,trash_other,train,standardized_256
data/raw/garbage_v2/standardized_256/shoes/shoes_170.jpg,shoes,trash_other,train,standardized_256
data/raw/garbage_v2/standardized_256/shoes/shoes_171.jpg,shoes,trash_other,train,standardized_256
data/raw/garbage_v2/standardized_256/shoes/shoes_172.jpg,shoes,trash_other,train,standardized_256
data/raw/garbage_v2/standardized_256/shoes/shoes_173.jpg,shoes,trash_other,train,standardized_256
data/raw/garbage_v2/standardized_256/shoes/shoes_174.jpg,shoes,trash_other,train,standardized_256
data/raw/garbage_v2/standardized_256/shoes/shoes_176.jpg,shoes,trash_other,train,standardized_256
data/raw/garbage_v2/standardized_256/shoes/shoes_177.jpg,shoes,trash_other,train,standardized_256
data/raw/garbage_v2/standardized_256/shoes/shoes_178.jpg,shoes,trash_other,train,standardized_256
data/raw/garbage_v2/standardized_256/shoes/shoes_179.jpg,shoes,trash_other,train,standardized_256
data/raw/garbage_v2/standardized_256/shoes/shoes_18.jpg,shoes,trash_other,train,standardized_256
data/raw/garbage_v2/standardized_256/shoes/shoes_180.jpg,shoes,trash_other,train,standardized_256
data/raw/garbage_v2/standardized_256/shoes/shoes_181.jpg,shoes,trash_other,train,standardized_256
data/raw/garbage_v2/standardized_256/shoes/shoes_182.jpg,shoes,trash_other,train,standardized_256
data/raw/garbage_v2/standardized_256/shoes/shoes_184.jpg,shoes,trash_other,train,standardized_256
data/raw/garbage_v2/standardized_256/shoes/shoes_185.jpg,shoes,trash_other,train,standardized_256
data/raw/garbage_v2/standardized_256/shoes/shoes_186.jpg,shoes,trash_other,train,standardized_256
data/raw/garbage_v2/standardized_256/shoes/shoes_187.jpg,shoes,trash_other,train,standardized_256
data/raw/garbage_v2/standardized_256/shoes/shoes_188.jpg,shoes,trash_other,train,standardized_256
data/raw/garbage_v2/standardized_256/shoes/shoes_19.jpg,shoes,trash_other,train,standardized_256
data/raw/garbage_v2/standardized_256/shoes/shoes_190.jpg,shoes,trash_other,train,standardized_256
data/raw/garbage_v2/standardized_256/shoes/shoes_192.jpg,shoes,trash_other,train,standardized_256
data/raw/garbage_v2/standardized_256/shoes/shoes_193.jpg,shoes,trash_other,train,standardized_256
data/raw/garbage_v2/standardized_256/shoes/shoes_194.jpg,shoes,trash_other,train,standardized_256
data/raw/garbage_v2/standardized_256/shoes/shoes_195.jpg,shoes,trash_other,train,standardized_256
data/raw/garbage_v2/standardized_256/shoes/shoes_196.jpg,shoes,trash_other,train,standardized_256
data/raw/garbage_v2/standardized_256/shoes/shoes_197.jpg,shoes,trash_other,train,standardized_256
data/raw/garbage_v2/standardized_256/shoes/shoes_2.jpg,shoes,trash_other,train,standardized_256
data/raw/garbage_v2/standardized_256/shoes/shoes_200.jpg,shoes,trash_other,train,standardized_256
data/raw/garbage_v2/standardized_256/shoes/shoes_202.jpg,shoes,trash_other,train,standardized_256
data/raw/garbage_v2/standardized_256/shoes/shoes_204.jpg,shoes,trash_other,train,standardized_256
data/raw/garbage_v2/standardized_256/shoes/shoes_205.jpg,shoes,trash_other,train,standardized_256
data/raw/garbage_v2/standardized_256/shoes/shoes_209.jpg,shoes,trash_other,train,standardized_256
data/raw/garbage_v2/standardized_256/shoes/shoes_21.jpg,shoes,trash_other,train,standardized_256
data/raw/garbage_v2/standardized_256/shoes/shoes_210.jpg,shoes,trash_other,train,standardized_256
data/raw/garbage_v2/standardized_256/shoes/shoes_211.jpg,shoes,trash_other,train,standardized_256
data/raw/garbage_v2/standardized_256/shoes/shoes_212.jpg,shoes,trash_other,train,standardized_256
data/raw/garbage_v2/standardized_256/shoes/shoes_214.jpg,shoes,trash_other,train,standardized_256
data/raw/garbage_v2/standardized_256/shoes/shoes_215.jpg,shoes,trash_other,train,standardized_256
data/raw/garbage_v2/standardized_256/shoes/shoes_216.jpg,shoes,trash_other,train,standardized_256
data/raw/garbage_v2/standardized_256/shoes/shoes_218.jpg,shoes,trash_other,train,standardized_256
data/raw/garbage_v2/standardized_256/shoes/shoes_219.jpg,shoes,trash_other,train,standardized_256
data/raw/garbage_v2/standardized_256/shoes/shoes_22.jpg,shoes,trash_other,train,standardized_256
data/raw/garbage_v2/standardized_256/shoes/shoes_220.jpg,shoes,trash_other,train,standardized_256
data/raw/garbage_v2/standardized_256/shoes/shoes_221.jpg,shoes,trash_other,train,standardized_256
data/raw/garbage_v2/standardized_256/shoes/shoes_222.jpg,shoes,trash_other,train,standardized_256
data/raw/garbage_v2/standardized_256/shoes/shoes_223.jpg,shoes,trash_other,train,standardized_256
data/raw/garbage_v2/standardized_256/shoes/shoes_226.jpg,shoes,trash_other,train,standardized_256
data/raw/garbage_v2/standardized_256/shoes/shoes_227.jpg,shoes,trash_other,train,standardized_256
data/raw/garbage_v2/standardized_256/shoes/shoes_228.jpg,shoes,trash_other,train,standardized_256
data/raw/garbage_v2/standardized_256/shoes/shoes_229.jpg,shoes,trash_other,train,standardized_256
data/raw/garbage_v2/standardized_256/shoes/shoes_23.jpg,shoes,trash_other,train,standardized_256
data/raw/garbage_v2/standardized_256/shoes/shoes_232.jpg,shoes,trash_other,train,standardized_256
data/raw/garbage_v2/standardized_256/shoes/shoes_233.jpg,shoes,trash_other,train,standardized_256
data/raw/garbage_v2/standardized_256/shoes/shoes_234.jpg,shoes,trash_other,train,standardized_256
data/raw/garbage_v2/standardized_256/shoes/shoes_235.jpg,shoes,trash_other,train,standardized_256
data/raw/garbage_v2/standardized_256/shoes/shoes_239.jpg,shoes,trash_other,train,standardized_256
data/raw/garbage_v2/standardized_256/shoes/shoes_24.jpg,shoes,trash_other,train,standardized_256
data/raw/garbage_v2/standardized_256/shoes/shoes_241.jpg,shoes,trash_other,train,standardized_256
data/raw/garbage_v2/standardized_256/shoes/shoes_243.jpg,shoes,trash_other,train,standardized_256
data/raw/garbage_v2/standardized_256/shoes/shoes_244.jpg,shoes,trash_other,train,standardized_256
data/raw/garbage_v2/standardized_256/shoes/shoes_245.jpg,shoes,trash_other,train,standardized_256
data/raw/garbage_v2/standardized_256/shoes/shoes_247.jpg,shoes,trash_other,train,standardized_256
data/raw/garbage_v2/standardized_256/shoes/shoes_248.jpg,shoes,trash_other,train,standardized_256
data/raw/garbage_v2/standardized_256/shoes/shoes_249.jpg,shoes,trash_other,train,standardized_256
data/raw/garbage_v2/standardized_256/shoes/shoes_250.jpg,shoes,trash_other,train,standardized_256
data/raw/garbage_v2/standardized_256/shoes/shoes_252.jpg,shoes,trash_other,train,standardized_256
data/raw/garbage_v2/standardized_256/shoes/shoes_253.jpg,shoes,trash_other,train,standardized_256
data/raw/garbage_v2/standardized_256/shoes/shoes_254.jpg,shoes,trash_other,train,standardized_256
data/raw/garbage_v2/standardized_256/shoes/shoes_256.jpg,shoes,trash_other,train,standardized_256
data/raw/garbage_v2/standardized_256/shoes/shoes_259.jpg,shoes,trash_other,train,standardized_256
data/raw/garbage_v2/standardized_256/shoes/shoes_26.jpg,shoes,trash_other,train,standardized_256
data/raw/garbage_v2/standardized_256/shoes/shoes_260.jpg,shoes,trash_other,train,standardized_256
data/raw/garbage_v2/standardized_256/shoes/shoes_261.jpg,shoes,trash_other,train,standardized_256
data/raw/garbage_v2/standardized_256/shoes/shoes_264.jpg,shoes,trash_other,train,standardized_256
data/raw/garbage_v2/standardized_256/shoes/shoes_267.jpg,shoes,trash_other,train,standardized_256
data/raw/garbage_v2/standardized_256/shoes/shoes_268.jpg,shoes,trash_other,train,standardized_256
data/raw/garbage_v2/standardized_256/shoes/shoes_269.jpg,shoes,trash_other,train,standardized_256
data/raw/garbage_v2/standardized_256/shoes/shoes_27.jpg,shoes,trash_other,train,standardized_256
data/raw/garbage_v2/standardized_256/shoes/shoes_270.jpg,shoes,trash_other,train,standardized_256
data/raw/garbage_v2/standardized_256/shoes/shoes_272.jpg,shoes,trash_other,train,standardized_256
data/raw/garbage_v2/standardized_256/shoes/shoes_273.jpg,shoes,trash_other,train,standardized_256
data/raw/garbage_v2/standardized_256/shoes/shoes_274.jpg,shoes,trash_other,train,standardized_256
data/raw/garbage_v2/standardized_256/shoes/shoes_275.jpg,shoes,trash_other,train,standardized_256
data/raw/garbage_v2/standardized_256/shoes/shoes_276.jpg,shoes,trash_other,train,standardized_256
data/raw/garbage_v2/standardized_256/shoes/shoes_278.jpg,shoes,trash_other,train,standardized_256
data/raw/garbage_v2/standardized_256/shoes/shoes_281.jpg,shoes,trash_other,train,standardized_256
data/raw/garbage_v2/standardized_256/shoes/shoes_282.jpg,shoes,trash_other,train,standardized_256
data/raw/garbage_v2/standardized_256/shoes/shoes_283.jpg,shoes,trash_other,train,standardized_256
data/raw/garbage_v2/standardized_256/shoes/shoes_284.jpg,shoes,trash_other,train,standardized_256
data/raw/garbage_v2/standardized_256/shoes/shoes_285.jpg,shoes,trash_other,train,standardized_256
data/raw/garbage_v2/standardized_256/shoes/shoes_286.jpg,shoes,trash_other,train,standardized_256
data/raw/garbage_v2/standardized_256/shoes/shoes_287.jpg,shoes,trash_other,train,standardized_256
data/raw/garbage_v2/standardized_256/shoes/shoes_288.jpg,shoes,trash_other,train,standardized_256
data/raw/garbage_v2/standardized_256/shoes/shoes_29.jpg,shoes,trash_other,train,standardized_256
data/raw/garbage_v2/standardized_256/shoes/shoes_291.jpg,shoes,trash_other,train,standardized_256
data/raw/garbage_v2/standardized_256/shoes/shoes_293.jpg,shoes,trash_other,train,standardized_256
data/raw/garbage_v2/standardized_256/shoes/shoes_294.jpg,shoes,trash_other,train,standardized_256
data/raw/garbage_v2/standardized_256/shoes/shoes_296.jpg,shoes,trash_other,train,standardized_256
data/raw/garbage_v2/standardized_256/shoes/shoes_298.jpg,shoes,trash_other,train,standardized_256
data/raw/garbage_v2/standardized_256/shoes/shoes_299.jpg,shoes,trash_other,train,standardized_256
data/raw/garbage_v2/standardized_256/shoes/shoes_3.jpg,shoes,trash_other,train,standardized_256
data/raw/garbage_v2/standardized_256/shoes/shoes_301.jpg,shoes,trash_other,train,standardized_256
data/raw/garbage_v2/standardized_256/shoes/shoes_303.jpg,shoes,trash_other,train,standardized_256
data/raw/garbage_v2/standardized_256/shoes/shoes_305.jpg,shoes,trash_other,train,standardized_256
data/raw/garbage_v2/standardized_256/shoes/shoes_307.jpg,shoes,trash_other,train,standardized_256
data/raw/garbage_v2/standardized_256/shoes/shoes_308.jpg,shoes,trash_other,train,standardized_256
data/raw/garbage_v2/standardized_256/shoes/shoes_31.jpg,shoes,trash_other,train,standardized_256
data/raw/garbage_v2/standardized_256/shoes/shoes_310.jpg,shoes,trash_other,train,standardized_256
data/raw/garbage_v2/standardized_256/shoes/shoes_312.jpg,shoes,trash_other,train,standardized_256
data/raw/garbage_v2/standardized_256/shoes/shoes_314.jpg,shoes,trash_other,train,standardized_256
data/raw/garbage_v2/standardized_256/shoes/shoes_316.jpg,shoes,trash_other,train,standardized_256
data/raw/garbage_v2/standardized_256/shoes/shoes_317.jpg,shoes,trash_other,train,standardized_256
data/raw/garbage_v2/standardized_256/shoes/shoes_318.jpg,shoes,trash_other,train,standardized_256
data/raw/garbage_v2/standardized_256/shoes/shoes_319.jpg,shoes,trash_other,train,standardized_256
data/raw/garbage_v2/standardized_256/shoes/shoes_320.jpg,shoes,trash_other,train,standardized_256
data/raw/garbage_v2/standardized_256/shoes/shoes_322.jpg,shoes,trash_other,train,standardized_256
data/raw/garbage_v2/standardized_256/shoes/shoes_323.jpg,shoes,trash_other,train,standardized_256
data/raw/garbage_v2/standardized_256/shoes/shoes_324.jpg,shoes,trash_other,train,standardized_256
data/raw/garbage_v2/standardized_256/shoes/shoes_326.jpg,shoes,trash_other,train,standardized_256
data/raw/garbage_v2/standardized_256/shoes/shoes_328.jpg,shoes,trash_other,train,standardized_256
data/raw/garbage_v2/standardized_256/shoes/shoes_329.jpg,shoes,trash_other,train,standardized_256
data/raw/garbage_v2/standardized_256/shoes/shoes_33.jpg,shoes,trash_other,train,standardized_256
data/raw/garbage_v2/standardized_256/shoes/shoes_330.jpg,shoes,trash_other,train,standardized_256
data/raw/garbage_v2/standardized_256/shoes/shoes_331.jpg,shoes,trash_other,train,standardized_256
data/raw/garbage_v2/standardized_256/shoes/shoes_334.jpg,shoes,trash_other,train,standardized_256
data/raw/garbage_v2/standardized_256/shoes/shoes_335.jpg,shoes,trash_other,train,standardized_256
data/raw/garbage_v2/standardized_256/shoes/shoes_336.jpg,shoes,trash_other,train,standardized_256
data/raw/garbage_v2/standardized_256/shoes/shoes_337.jpg,shoes,trash_other,train,standardized_256
data/raw/garbage_v2/standardized_256/shoes/shoes_338.jpg,shoes,trash_other,train,standardized_256
data/raw/garbage_v2/standardized_256/shoes/shoes_339.jpg,shoes,trash_other,train,standardized_256
data/raw/garbage_v2/standardized_256/shoes/shoes_34.jpg,shoes,trash_other,train,standardized_256
data/raw/garbage_v2/standardized_256/shoes/shoes_340.jpg,shoes,trash_other,train,standardized_256
data/raw/garbage_v2/standardized_256/shoes/shoes_341.jpg,shoes,trash_other,train,standardized_256
data/raw/garbage_v2/standardized_256/shoes/shoes_343.jpg,shoes,trash_other,train,standardized_256
data/raw/garbage_v2/standardized_256/shoes/shoes_344.jpg,shoes,trash_other,train,standardized_256
data/raw/garbage_v2/standardized_256/shoes/shoes_345.jpg,shoes,trash_other,train,standardized_256
data/raw/garbage_v2/standardized_256/shoes/shoes_346.jpg,shoes,trash_other,train,standardized_256
data/raw/garbage_v2/standardized_256/shoes/shoes_347.jpg,shoes,trash_other,train,standardized_256
data/raw/garbage_v2/standardized_256/shoes/shoes_349.jpg,shoes,trash_other,train,standardized_256
data/raw/garbage_v2/standardized_256/shoes/shoes_35.jpg,shoes,trash_other,train,standardized_256
data/raw/garbage_v2/standardized_256/shoes/shoes_350.jpg,shoes,trash_other,train,standardized_256
data/raw/garbage_v2/standardized_256/shoes/shoes_352.jpg,shoes,trash_other,train,standardized_256
data/raw/garbage_v2/standardized_256/shoes/shoes_353.jpg,shoes,trash_other,train,standardized_256
data/raw/garbage_v2/standardized_256/shoes/shoes_355.jpg,shoes,trash_other,train,standardized_256
data/raw/garbage_v2/standardized_256/shoes/shoes_357.jpg,shoes,trash_other,train,standardized_256
data/raw/garbage_v2/standardized_256/shoes/shoes_359.jpg,shoes,trash_other,train,standardized_256
data/raw/garbage_v2/standardized_256/shoes/shoes_36.jpg,shoes,trash_other,train,standardized_256
data/raw/garbage_v2/standardized_256/shoes/shoes_360.jpg,shoes,trash_other,train,standardized_256
data/raw/garbage_v2/standardized_256/shoes/shoes_361.jpg,shoes,trash_other,train,standardized_256
data/raw/garbage_v2/standardized_256/shoes/shoes_362.jpg,shoes,trash_other,train,standardized_256
data/raw/garbage_v2/standardized_256/shoes/shoes_363.jpg,shoes,trash_other,train,standardized_256
data/raw/garbage_v2/standardized_256/shoes/shoes_364.jpg,shoes,trash_other,train,standardized_256
data/raw/garbage_v2/standardized_256/shoes/shoes_365.jpg,shoes,trash_other,train,standardized_256
data/raw/garbage_v2/standardized_256/shoes/shoes_366.jpg,shoes,trash_other,train,standardized_256
data/raw/garbage_v2/standardized_256/shoes/shoes_367.jpg,shoes,trash_other,train,standardized_256
data/raw/garbage_v2/standardized_256/shoes/shoes_368.jpg,shoes,trash_other,train,standardized_256
data/raw/garbage_v2/standardized_256/shoes/shoes_369.jpg,shoes,trash_other,train,standardized_256
data/raw/garbage_v2/standardized_256/shoes/shoes_37.jpg,shoes,trash_other,train,standardized_256
data/raw/garbage_v2/standardized_256/shoes/shoes_370.jpg,shoes,trash_other,train,standardized_256
data/raw/garbage_v2/standardized_256/shoes/shoes_372.jpg,shoes,trash_other,train,standardized_256
data/raw/garbage_v2/standardized_256/shoes/shoes_375.jpg,shoes,trash_other,train,standardized_256
data/raw/garbage_v2/standardized_256/shoes/shoes_376.jpg,shoes,trash_other,train,standardized_256
data/raw/garbage_v2/standardized_256/shoes/shoes_377.jpg,shoes,trash_other,train,standardized_256
data/raw/garbage_v2/standardized_256/shoes/shoes_378.jpg,shoes,trash_other,train,standardized_256
data/raw/garbage_v2/standardized_256/shoes/shoes_379.jpg,shoes,trash_other,train,standardized_256
data/raw/garbage_v2/standardized_256/shoes/shoes_38.jpg,shoes,trash_other,train,standardized_256
data/raw/garbage_v2/standardized_256/shoes/shoes_380.jpg,shoes,trash_other,train,standardized_256
data/raw/garbage_v2/standardized_256/shoes/shoes_381.jpg,shoes,trash_other,train,standardized_256
data/raw/garbage_v2/standardized_256/shoes/shoes_382.jpg,shoes,trash_other,train,standardized_256
data/raw/garbage_v2/standardized_256/shoes/shoes_383.jpg,shoes,trash_other,train,standardized_256
data/raw/garbage_v2/standardized_256/shoes/shoes_386.jpg,shoes,trash_other,train,standardized_256
data/raw/garbage_v2/standardized_256/shoes/shoes_388.jpg,shoes,trash_other,train,standardized_256
data/raw/garbage_v2/standardized_256/shoes/shoes_389.jpg,shoes,trash_other,train,standardized_256
data/raw/garbage_v2/standardized_256/shoes/shoes_390.jpg,shoes,trash_other,train,standardized_256
data/raw/garbage_v2/standardized_256/shoes/shoes_391.jpg,shoes,trash_other,train,standardized_256
data/raw/garbage_v2/standardized_256/shoes/shoes_392.jpg,shoes,trash_other,train,standardized_256
data/raw/garbage_v2/standardized_256/shoes/shoes_393.jpg,shoes,trash_other,train,standardized_256
data/raw/garbage_v2/standardized_256/shoes/shoes_394.jpg,shoes,trash_other,train,standardized_256
data/raw/garbage_v2/standardized_256/shoes/shoes_395.jpg,shoes,trash_other,train,standardized_256
data/raw/garbage_v2/standardized_256/shoes/shoes_396.jpg,shoes,trash_other,train,standardized_256
data/raw/garbage_v2/standardized_256/shoes/shoes_398.jpg,shoes,trash_other,train,standardized_256
data/raw/garbage_v2/standardized_256/shoes/shoes_399.jpg,shoes,trash_other,train,standardized_256
data/raw/garbage_v2/standardized_256/shoes/shoes_40.jpg,shoes,trash_other,train,standardized_256
data/raw/garbage_v2/standardized_256/shoes/shoes_400.jpg,shoes,trash_other,train,standardized_256
data/raw/garbage_v2/standardized_256/shoes/shoes_401.jpg,shoes,trash_other,train,standardized_256
data/raw/garbage_v2/standardized_256/shoes/shoes_403.jpg,shoes,trash_other,train,standardized_256
data/raw/garbage_v2/standardized_256/shoes/shoes_404.jpg,shoes,trash_other,train,standardized_256
data/raw/garbage_v2/standardized_256/shoes/shoes_407.jpg,shoes,trash_other,train,standardized_256
data/raw/garbage_v2/standardized_256/shoes/shoes_408.jpg,shoes,trash_other,train,standardized_256
data/raw/garbage_v2/standardized_256/shoes/shoes_409.jpg,shoes,trash_other,train,standardized_256
data/raw/garbage_v2/standardized_256/shoes/shoes_412.jpg,shoes,trash_other,train,standardized_256
data/raw/garbage_v2/standardized_256/shoes/shoes_415.jpg,shoes,trash_other,train,standardized_256
data/raw/garbage_v2/standardized_256/shoes/shoes_416.jpg,shoes,trash_other,train,standardized_256
data/raw/garbage_v2/standardized_256/shoes/shoes_417.jpg,shoes,trash_other,train,standardized_256
data/raw/garbage_v2/standardized_256/shoes/shoes_418.jpg,shoes,trash_other,train,standardized_256
data/raw/garbage_v2/standardized_256/shoes/shoes_42.jpg,shoes,trash_other,train,standardized_256
data/raw/garbage_v2/standardized_256/shoes/shoes_420.jpg,shoes,trash_other,train,standardized_256
data/raw/garbage_v2/standardized_256/shoes/shoes_421.jpg,shoes,trash_other,train,standardized_256
data/raw/garbage_v2/standardized_256/shoes/shoes_424.jpg,shoes,trash_other,train,standardized_256
data/raw/garbage_v2/standardized_256/shoes/shoes_426.jpg,shoes,trash_other,train,standardized_256
data/raw/garbage_v2/standardized_256/shoes/shoes_428.jpg,shoes,trash_other,train,standardized_256
data/raw/garbage_v2/standardized_256/shoes/shoes_429.jpg,shoes,trash_other,train,standardized_256
data/raw/garbage_v2/standardized_256/shoes/shoes_430.jpg,shoes,trash_other,train,standardized_256
data/raw/garbage_v2/standardized_256/shoes/shoes_431.jpg,shoes,trash_other,train,standardized_256
data/raw/garbage_v2/standardized_256/shoes/shoes_432.jpg,shoes,trash_other,train,standardized_256
data/raw/garbage_v2/standardized_256/shoes/shoes_434.jpg,shoes,trash_other,train,standardized_256
data/raw/garbage_v2/standardized_256/shoes/shoes_436.jpg,shoes,trash_other,train,standardized_256
data/raw/garbage_v2/standardized_256/shoes/shoes_437.jpg,shoes,trash_other,train,standardized_256
data/raw/garbage_v2/standardized_256/shoes/shoes_44.jpg,shoes,trash_other,train,standardized_256
data/raw/garbage_v2/standardized_256/shoes/shoes_440.jpg,shoes,trash_other,train,standardized_256
data/raw/garbage_v2/standardized_256/shoes/shoes_442.jpg,shoes,trash_other,train,standardized_256
data/raw/garbage_v2/standardized_256/shoes/shoes_443.jpg,shoes,trash_other,train,standardized_256
data/raw/garbage_v2/standardized_256/shoes/shoes_444.jpg,shoes,trash_other,train,standardized_256
data/raw/garbage_v2/standardized_256/shoes/shoes_445.jpg,shoes,trash_other,train,standardized_256
data/raw/garbage_v2/standardized_256/shoes/shoes_446.jpg,shoes,trash_other,train,standardized_256
data/raw/garbage_v2/standardized_256/shoes/shoes_447.jpg,shoes,trash_other,train,standardized_256
data/raw/garbage_v2/standardized_256/shoes/shoes_449.jpg,shoes,trash_other,train,standardized_256
data/raw/garbage_v2/standardized_256/shoes/shoes_450.jpg,shoes,trash_other,train,standardized_256
data/raw/garbage_v2/standardized_256/shoes/shoes_453.jpg,shoes,trash_other,train,standardized_256
data/raw/garbage_v2/standardized_256/shoes/shoes_454.jpg,shoes,trash_other,train,standardized_256
data/raw/garbage_v2/standardized_256/shoes/shoes_455.jpg,shoes,trash_other,train,standardized_256
data/raw/garbage_v2/standardized_256/shoes/shoes_456.jpg,shoes,trash_other,train,standardized_256
data/raw/garbage_v2/standardized_256/shoes/shoes_457.jpg,shoes,trash_other,train,standardized_256
data/raw/garbage_v2/standardized_256/shoes/shoes_458.jpg,shoes,trash_other,train,standardized_256
data/raw/garbage_v2/standardized_256/shoes/shoes_461.jpg,shoes,trash_other,train,standardized_256
data/raw/garbage_v2/standardized_256/shoes/shoes_462.jpg,shoes,trash_other,train,standardized_256
data/raw/garbage_v2/standardized_256/shoes/shoes_463.jpg,shoes,trash_other,train,standardized_256
data/raw/garbage_v2/standardized_256/shoes/shoes_466.jpg,shoes,trash_other,train,standardized_256
data/raw/garbage_v2/standardized_256/shoes/shoes_468.jpg,shoes,trash_other,train,standardized_256
data/raw/garbage_v2/standardized_256/shoes/shoes_469.jpg,shoes,trash_other,train,standardized_256
data/raw/garbage_v2/standardized_256/shoes/shoes_47.jpg,shoes,trash_other,train,standardized_256
data/raw/garbage_v2/standardized_256/shoes/shoes_470.jpg,shoes,trash_other,train,standardized_256
data/raw/garbage_v2/standardized_256/shoes/shoes_472.jpg,shoes,trash_other,train,standardized_256
data/raw/garbage_v2/standardized_256/shoes/shoes_473.jpg,shoes,trash_other,train,standardized_256
data/raw/garbage_v2/standardized_256/shoes/shoes_474.jpg,shoes,trash_other,train,standardized_256
data/raw/garbage_v2/standardized_256/shoes/shoes_475.jpg,shoes,trash_other,train,standardized_256
data/raw/garbage_v2/standardized_256/shoes/shoes_476.jpg,shoes,trash_other,train,standardized_256
data/raw/garbage_v2/standardized_256/shoes/shoes_477.jpg,shoes,trash_other,train,standardized_256
data/raw/garbage_v2/standardized_256/shoes/shoes_480.jpg,shoes,trash_other,train,standardized_256
data/raw/garbage_v2/standardized_256/shoes/shoes_481.jpg,shoes,trash_other,train,standardized_256
data/raw/garbage_v2/standardized_256/shoes/shoes_482.jpg,shoes,trash_other,train,standardized_256
data/raw/garbage_v2/standardized_256/shoes/shoes_486.jpg,shoes,trash_other,train,standardized_256
data/raw/garbage_v2/standardized_256/shoes/shoes_487.jpg,shoes,trash_other,train,standardized_256
data/raw/garbage_v2/standardized_256/shoes/shoes_488.jpg,shoes,trash_other,train,standardized_256
data/raw/garbage_v2/standardized_256/shoes/shoes_489.jpg,shoes,trash_other,train,standardized_256
data/raw/garbage_v2/standardized_256/shoes/shoes_49.jpg,shoes,trash_other,train,standardized_256
data/raw/garbage_v2/standardized_256/shoes/shoes_492.jpg,shoes,trash_other,train,standardized_256
data/raw/garbage_v2/standardized_256/shoes/shoes_493.jpg,shoes,trash_other,train,standardized_256
data/raw/garbage_v2/standardized_256/shoes/shoes_494.jpg,shoes,trash_other,train,standardized_256
data/raw/garbage_v2/standardized_256/shoes/shoes_495.jpg,shoes,trash_other,train,standardized_256
data/raw/garbage_v2/standardized_256/shoes/shoes_496.jpg,shoes,trash_other,train,standardized_256
data/raw/garbage_v2/standardized_256/shoes/shoes_497.jpg,shoes,trash_other,train,standardized_256
data/raw/garbage_v2/standardized_256/shoes/shoes_498.jpg,shoes,trash_other,train,standardized_256
data/raw/garbage_v2/standardized_256/shoes/shoes_499.jpg,shoes,trash_other,train,standardized_256
data/raw/garbage_v2/standardized_256/shoes/shoes_5.jpg,shoes,trash_other,train,standardized_256
data/raw/garbage_v2/standardized_256/shoes/shoes_50.jpg,shoes,trash_other,train,standardized_256
data/raw/garbage_v2/standardized_256/shoes/shoes_501.jpg,shoes,trash_other,train,standardized_256
data/raw/garbage_v2/standardized_256/shoes/shoes_503.jpg,shoes,trash_other,train,standardized_256
data/raw/garbage_v2/standardized_256/shoes/shoes_504.jpg,shoes,trash_other,train,standardized_256
data/raw/garbage_v2/standardized_256/shoes/shoes_505.jpg,shoes,trash_other,train,standardized_256
data/raw/garbage_v2/standardized_256/shoes/shoes_507.jpg,shoes,trash_other,train,standardized_256
data/raw/garbage_v2/standardized_256/shoes/shoes_51.jpg,shoes,trash_other,train,standardized_256
data/raw/garbage_v2/standardized_256/shoes/shoes_510.jpg,shoes,trash_other,train,standardized_256
data/raw/garbage_v2/standardized_256/shoes/shoes_514.jpg,shoes,trash_other,train,standardized_256
data/raw/garbage_v2/standardized_256/shoes/shoes_516.jpg,shoes,trash_other,train,standardized_256
data/raw/garbage_v2/standardized_256/shoes/shoes_517.jpg,shoes,trash_other,train,standardized_256
data/raw/garbage_v2/standardized_256/shoes/shoes_518.jpg,shoes,trash_other,train,standardized_256
data/raw/garbage_v2/standardized_256/shoes/shoes_519.jpg,shoes,trash_other,train,standardized_256
data/raw/garbage_v2/standardized_256/shoes/shoes_52.jpg,shoes,trash_other,train,standardized_256
data/raw/garbage_v2/standardized_256/shoes/shoes_520.jpg,shoes,trash_other,train,standardized_256
data/raw/garbage_v2/standardized_256/shoes/shoes_522.jpg,shoes,trash_other,train,standardized_256
data/raw/garbage_v2/standardized_256/shoes/shoes_524.jpg,shoes,trash_other,train,standardized_256
data/raw/garbage_v2/standardized_256/shoes/shoes_528.jpg,shoes,trash_other,train,standardized_256
data/raw/garbage_v2/standardized_256/shoes/shoes_529.jpg,shoes,trash_other,train,standardized_256
data/raw/garbage_v2/standardized_256/shoes/shoes_530.jpg,shoes,trash_other,train,standardized_256
data/raw/garbage_v2/standardized_256/shoes/shoes_531.jpg,shoes,trash_other,train,standardized_256
data/raw/garbage_v2/standardized_256/shoes/shoes_533.jpg,shoes,trash_other,train,standardized_256
data/raw/garbage_v2/standardized_256/shoes/shoes_534.jpg,shoes,trash_other,train,standardized_256
data/raw/garbage_v2/standardized_256/shoes/shoes_536.jpg,shoes,trash_other,train,standardized_256
data/raw/garbage_v2/standardized_256/shoes/shoes_537.jpg,shoes,trash_other,train,standardized_256
data/raw/garbage_v2/standardized_256/shoes/shoes_539.jpg,shoes,trash_other,train,standardized_256
data/raw/garbage_v2/standardized_256/shoes/shoes_540.jpg,shoes,trash_other,train,standardized_256
data/raw/garbage_v2/standardized_256/shoes/shoes_541.jpg,shoes,trash_other,train,standardized_256
data/raw/garbage_v2/standardized_256/shoes/shoes_543.jpg,shoes,trash_other,train,standardized_256
data/raw/garbage_v2/standardized_256/shoes/shoes_548.jpg,shoes,trash_other,train,standardized_256
data/raw/garbage_v2/standardized_256/shoes/shoes_549.jpg,shoes,trash_other,train,standardized_256
data/raw/garbage_v2/standardized_256/shoes/shoes_550.jpg,shoes,trash_other,train,standardized_256
data/raw/garbage_v2/standardized_256/shoes/shoes_552.jpg,shoes,trash_other,train,standardized_256
data/raw/garbage_v2/standardized_256/shoes/shoes_553.jpg,shoes,trash_other,train,standardized_256
data/raw/garbage_v2/standardized_256/shoes/shoes_554.jpg,shoes,trash_other,train,standardized_256
data/raw/garbage_v2/standardized_256/shoes/shoes_555.jpg,shoes,trash_other,train,standardized_256
data/raw/garbage_v2/standardized_256/shoes/shoes_557.jpg,shoes,trash_other,train,standardized_256
data/raw/garbage_v2/standardized_256/shoes/shoes_559.jpg,shoes,trash_other,train,standardized_256
data/raw/garbage_v2/standardized_256/shoes/shoes_56.jpg,shoes,trash_other,train,standardized_256
data/raw/garbage_v2/standardized_256/shoes/shoes_560.jpg,shoes,trash_other,train,standardized_256
data/raw/garbage_v2/standardized_256/shoes/shoes_561.jpg,shoes,trash_other,train,standardized_256
data/raw/garbage_v2/standardized_256/shoes/shoes_563.jpg,shoes,trash_other,train,standardized_256
data/raw/garbage_v2/standardized_256/shoes/shoes_565.jpg,shoes,trash_other,train,standardized_256
data/raw/garbage_v2/standardized_256/shoes/shoes_566.jpg,shoes,trash_other,train,standardized_256
data/raw/garbage_v2/standardized_256/shoes/shoes_567.jpg,shoes,trash_other,train,standardized_256
data/raw/garbage_v2/standardized_256/shoes/shoes_570.jpg,shoes,trash_other,train,standardized_256
data/raw/garbage_v2/standardized_256/shoes/shoes_571.jpg,shoes,trash_other,train,standardized_256
data/raw/garbage_v2/standardized_256/shoes/shoes_572.jpg,shoes,trash_other,train,standardized_256
data/raw/garbage_v2/standardized_256/shoes/shoes_573.jpg,shoes,trash_other,train,standardized_256
data/raw/garbage_v2/standardized_256/shoes/shoes_574.jpg,shoes,trash_other,train,standardized_256
data/raw/garbage_v2/standardized_256/shoes/shoes_575.jpg,shoes,trash_other,train,standardized_256
data/raw/garbage_v2/standardized_256/shoes/shoes_577.jpg,shoes,trash_other,train,standardized_256
data/raw/garbage_v2/standardized_256/shoes/shoes_578.jpg,shoes,trash_other,train,standardized_256
data/raw/garbage_v2/standardized_256/shoes/shoes_579.jpg,shoes,trash_other,train,standardized_256
data/raw/garbage_v2/standardized_256/shoes/shoes_58.jpg,shoes,trash_other,train,standardized_256
data/raw/garbage_v2/standardized_256/shoes/shoes_580.jpg,shoes,trash_other,train,standardized_256
data/raw/garbage_v2/standardized_256/shoes/shoes_581.jpg,shoes,trash_other,train,standardized_256
data/raw/garbage_v2/standardized_256/shoes/shoes_582.jpg,shoes,trash_other,train,standardized_256
data/raw/garbage_v2/standardized_256/shoes/shoes_584.jpg,shoes,trash_other,train,standardized_256
data/raw/garbage_v2/standardized_256/shoes/shoes_585.jpg,shoes,trash_other,train,standardized_256
data/raw/garbage_v2/standardized_256/shoes/shoes_586.jpg,shoes,trash_other,train,standardized_256
data/raw/garbage_v2/standardized_256/shoes/shoes_587.jpg,shoes,trash_other,train,standardized_256
data/raw/garbage_v2/standardized_256/shoes/shoes_589.jpg,shoes,trash_other,train,standardized_256
data/raw/garbage_v2/standardized_256/shoes/shoes_59.jpg,shoes,trash_other,train,standardized_256
data/raw/garbage_v2/standardized_256/shoes/shoes_590.jpg,shoes,trash_other,train,standardized_256
data/raw/garbage_v2/standardized_256/shoes/shoes_591.jpg,shoes,trash_other,train,standardized_256
data/raw/garbage_v2/standardized_256/shoes/shoes_592.jpg,shoes,trash_other,train,standardized_256
data/raw/garbage_v2/standardized_256/shoes/shoes_593.jpg,shoes,trash_other,train,standardized_256
data/raw/garbage_v2/standardized_256/shoes/shoes_594.jpg,shoes,trash_other,train,standardized_256
data/raw/garbage_v2/standardized_256/shoes/shoes_596.jpg,shoes,trash_other,train,standardized_256
data/raw/garbage_v2/standardized_256/shoes/shoes_597.jpg,shoes,trash_other,train,standardized_256
data/raw/garbage_v2/standardized_256/shoes/shoes_598.jpg,shoes,trash_other,train,standardized_256
data/raw/garbage_v2/standardized_256/shoes/shoes_599.jpg,shoes,trash_other,train,standardized_256
data/raw/garbage_v2/standardized_256/shoes/shoes_60.jpg,shoes,trash_other,train,standardized_256
data/raw/garbage_v2/standardized_256/shoes/shoes_600.jpg,shoes,trash_other,train,standardized_256
data/raw/garbage_v2/standardized_256/shoes/shoes_601.jpg,shoes,trash_other,train,standardized_256
data/raw/garbage_v2/standardized_256/shoes/shoes_602.jpg,shoes,trash_other,train,standardized_256
data/raw/garbage_v2/standardized_256/shoes/shoes_604.jpg,shoes,trash_other,train,standardized_256
data/raw/garbage_v2/standardized_256/shoes/shoes_606.jpg,shoes,trash_other,train,standardized_256
data/raw/garbage_v2/standardized_256/shoes/shoes_607.jpg,shoes,trash_other,train,standardized_256
data/raw/garbage_v2/standardized_256/shoes/shoes_608.jpg,shoes,trash_other,train,standardized_256
data/raw/garbage_v2/standardized_256/shoes/shoes_609.jpg,shoes,trash_other,train,standardized_256
data/raw/garbage_v2/standardized_256/shoes/shoes_61.jpg,shoes,trash_other,train,standardized_256
data/raw/garbage_v2/standardized_256/shoes/shoes_611.jpg,shoes,trash_other,train,standardized_256
data/raw/garbage_v2/standardized_256/shoes/shoes_612.jpg,shoes,trash_other,train,standardized_256
data/raw/garbage_v2/standardized_256/shoes/shoes_614.jpg,shoes,trash_other,train,standardized_256
data/raw/garbage_v2/standardized_256/shoes/shoes_616.jpg,shoes,trash_other,train,standardized_256
data/raw/garbage_v2/standardized_256/shoes/shoes_617.jpg,shoes,trash_other,train,standardized_256
data/raw/garbage_v2/standardized_256/shoes/shoes_618.jpg,shoes,trash_other,train,standardized_256
data/raw/garbage_v2/standardized_256/shoes/shoes_62.jpg,shoes,trash_other,train,standardized_256
data/raw/garbage_v2/standardized_256/shoes/shoes_621.jpg,shoes,trash_other,train,standardized_256
data/raw/garbage_v2/standardized_256/shoes/shoes_623.jpg,shoes,trash_other,train,standardized_256
data/raw/garbage_v2/standardized_256/shoes/shoes_625.jpg,shoes,trash_other,train,standardized_256
data/raw/garbage_v2/standardized_256/shoes/shoes_626.jpg,shoes,trash_other,train,standardized_256
data/raw/garbage_v2/standardized_256/shoes/shoes_628.jpg,shoes,trash_other,train,standardized_256
data/raw/garbage_v2/standardized_256/shoes/shoes_629.jpg,shoes,trash_other,train,standardized_256
data/raw/garbage_v2/standardized_256/shoes/shoes_63.jpg,shoes,trash_other,train,standardized_256
data/raw/garbage_v2/standardized_256/shoes/shoes_630.jpg,shoes,trash_other,train,standardized_256
data/raw/garbage_v2/standardized_256/shoes/shoes_631.jpg,shoes,trash_other,train,standardized_256
data/raw/garbage_v2/standardized_256/shoes/shoes_632.jpg,shoes,trash_other,train,standardized_256
data/raw/garbage_v2/standardized_256/shoes/shoes_633.jpg,shoes,trash_other,train,standardized_256
data/raw/garbage_v2/standardized_256/shoes/shoes_634.jpg,shoes,trash_other,train,standardized_256
data/raw/garbage_v2/standardized_256/shoes/shoes_635.jpg,shoes,trash_other,train,standardized_256
data/raw/garbage_v2/standardized_256/shoes/shoes_637.jpg,shoes,trash_other,train,standardized_256
data/raw/garbage_v2/standardized_256/shoes/shoes_638.jpg,shoes,trash_other,train,standardized_256
data/raw/garbage_v2/standardized_256/shoes/shoes_641.jpg,shoes,trash_other,train,standardized_256
data/raw/garbage_v2/standardized_256/shoes/shoes_642.jpg,shoes,trash_other,train,standardized_256
data/raw/garbage_v2/standardized_256/shoes/shoes_643.jpg,shoes,trash_other,train,standardized_256
data/raw/garbage_v2/standardized_256/shoes/shoes_644.jpg,shoes,trash_other,train,standardized_256
data/raw/garbage_v2/standardized_256/shoes/shoes_646.jpg,shoes,trash_other,train,standardized_256
data/raw/garbage_v2/standardized_256/shoes/shoes_647.jpg,shoes,trash_other,train,standardized_256
data/raw/garbage_v2/standardized_256/shoes/shoes_648.jpg,shoes,trash_other,train,standardized_256
data/raw/garbage_v2/standardized_256/shoes/shoes_649.jpg,shoes,trash_other,train,standardized_256
data/raw/garbage_v2/standardized_256/shoes/shoes_651.jpg,shoes,trash_other,train,standardized_256
data/raw/garbage_v2/standardized_256/shoes/shoes_652.jpg,shoes,trash_other,train,standardized_256
data/raw/garbage_v2/standardized_256/shoes/shoes_653.jpg,shoes,trash_other,train,standardized_256
data/raw/garbage_v2/standardized_256/shoes/shoes_655.jpg,shoes,trash_other,train,standardized_256
data/raw/garbage_v2/standardized_256/shoes/shoes_656.jpg,shoes,trash_other,train,standardized_256
data/raw/garbage_v2/standardized_256/shoes/shoes_657.jpg,shoes,trash_other,train,standardized_256
data/raw/garbage_v2/standardized_256/shoes/shoes_659.jpg,shoes,trash_other,train,standardized_256
data/raw/garbage_v2/standardized_256/shoes/shoes_66.jpg,shoes,trash_other,train,standardized_256
data/raw/garbage_v2/standardized_256/shoes/shoes_661.jpg,shoes,trash_other,train,standardized_256
data/raw/garbage_v2/standardized_256/shoes/shoes_662.jpg,shoes,trash_other,train,standardized_256
data/raw/garbage_v2/standardized_256/shoes/shoes_664.jpg,shoes,trash_other,train,standardized_256
data/raw/garbage_v2/standardized_256/shoes/shoes_665.jpg,shoes,trash_other,train,standardized_256
data/raw/garbage_v2/standardized_256/shoes/shoes_666.jpg,shoes,trash_other,train,standardized_256
data/raw/garbage_v2/standardized_256/shoes/shoes_667.jpg,shoes,trash_other,train,standardized_256
data/raw/garbage_v2/standardized_256/shoes/shoes_668.jpg,shoes,trash_other,train,standardized_256
data/raw/garbage_v2/standardized_256/shoes/shoes_669.jpg,shoes,trash_other,train,standardized_256
data/raw/garbage_v2/standardized_256/shoes/shoes_67.jpg,shoes,trash_other,train,standardized_256
data/raw/garbage_v2/standardized_256/shoes/shoes_671.jpg,shoes,trash_other,train,standardized_256
data/raw/garbage_v2/standardized_256/shoes/shoes_672.jpg,shoes,trash_other,train,standardized_256
data/raw/garbage_v2/standardized_256/shoes/shoes_673.jpg,shoes,trash_other,train,standardized_256
data/raw/garbage_v2/standardized_256/shoes/shoes_674.jpg,shoes,trash_other,train,standardized_256
data/raw/garbage_v2/standardized_256/shoes/shoes_675.jpg,shoes,trash_other,train,standardized_256
data/raw/garbage_v2/standardized_256/shoes/shoes_677.jpg,shoes,trash_other,train,standardized_256
data/raw/garbage_v2/standardized_256/shoes/shoes_678.jpg,shoes,trash_other,train,standardized_256
data/raw/garbage_v2/standardized_256/shoes/shoes_679.jpg,shoes,trash_other,train,standardized_256
data/raw/garbage_v2/standardized_256/shoes/shoes_680.jpg,shoes,trash_other,train,standardized_256
data/raw/garbage_v2/standardized_256/shoes/shoes_681.jpg,shoes,trash_other,train,standardized_256
data/raw/garbage_v2/standardized_256/shoes/shoes_682.jpg,shoes,trash_other,train,standardized_256
data/raw/garbage_v2/standardized_256/shoes/shoes_684.jpg,shoes,trash_other,train,standardized_256
data/raw/garbage_v2/standardized_256/shoes/shoes_685.jpg,shoes,trash_other,train,standardized_256
data/raw/garbage_v2/standardized_256/shoes/shoes_687.jpg,shoes,trash_other,train,standardized_256
data/raw/garbage_v2/standardized_256/shoes/shoes_688.jpg,shoes,trash_other,train,standardized_256
data/raw/garbage_v2/standardized_256/shoes/shoes_689.jpg,shoes,trash_other,train,standardized_256
data/raw/garbage_v2/standardized_256/shoes/shoes_69.jpg,shoes,trash_other,train,standardized_256
data/raw/garbage_v2/standardized_256/shoes/shoes_690.jpg,shoes,trash_other,train,standardized_256
data/raw/garbage_v2/standardized_256/shoes/shoes_691.jpg,shoes,trash_other,train,standardized_256
data/raw/garbage_v2/standardized_256/shoes/shoes_692.jpg,shoes,trash_other,train,standardized_256
data/raw/garbage_v2/standardized_256/shoes/shoes_693.jpg,shoes,trash_other,train,standardized_256
data/raw/garbage_v2/standardized_256/shoes/shoes_694.jpg,shoes,trash_other,train,standardized_256
data/raw/garbage_v2/standardized_256/shoes/shoes_695.jpg,shoes,trash_other,train,standardized_256
data/raw/garbage_v2/standardized_256/shoes/shoes_697.jpg,shoes,trash_other,train,standardized_256
data/raw/garbage_v2/standardized_256/shoes/shoes_698.jpg,shoes,trash_other,train,standardized_256
data/raw/garbage_v2/standardized_256/shoes/shoes_699.jpg,shoes,trash_other,train,standardized_256
data/raw/garbage_v2/standardized_256/shoes/shoes_7.jpg,shoes,trash_other,train,standardized_256
data/raw/garbage_v2/standardized_256/shoes/shoes_70.jpg,shoes,trash_other,train,standardized_256
data/raw/garbage_v2/standardized_256/shoes/shoes_702.jpg,shoes,trash_other,train,standardized_256
data/raw/garbage_v2/standardized_256/shoes/shoes_703.jpg,shoes,trash_other,train,standardized_256
data/raw/garbage_v2/standardized_256/shoes/shoes_707.jpg,shoes,trash_other,train,standardized_256
data/raw/garbage_v2/standardized_256/shoes/shoes_708.jpg,shoes,trash_other,train,standardized_256
data/raw/garbage_v2/standardized_256/shoes/shoes_71.jpg,shoes,trash_other,train,standardized_256
data/raw/garbage_v2/standardized_256/shoes/shoes_710.jpg,shoes,trash_other,train,standardized_256
data/raw/garbage_v2/standardized_256/shoes/shoes_711.jpg,shoes,trash_other,train,standardized_256
data/raw/garbage_v2/standardized_256/shoes/shoes_714.jpg,shoes,trash_other,train,standardized_256
data/raw/garbage_v2/standardized_256/shoes/shoes_715.jpg,shoes,trash_other,train,standardized_256
data/raw/garbage_v2/standardized_256/shoes/shoes_716.jpg,shoes,trash_other,train,standardized_256
data/raw/garbage_v2/standardized_256/shoes/shoes_717.jpg,shoes,trash_other,train,standardized_256
data/raw/garbage_v2/standardized_256/shoes/shoes_718.jpg,shoes,trash_other,train,standardized_256
data/raw/garbage_v2/standardized_256/shoes/shoes_719.jpg,shoes,trash_other,train,standardized_256
data/raw/garbage_v2/standardized_256/shoes/shoes_72.jpg,shoes,trash_other,train,standardized_256
data/raw/garbage_v2/standardized_256/shoes/shoes_720.jpg,shoes,trash_other,train,standardized_256
data/raw/garbage_v2/standardized_256/shoes/shoes_721.jpg,shoes,trash_other,train,standardized_256
data/raw/garbage_v2/standardized_256/shoes/shoes_722.jpg,shoes,trash_other,train,standardized_256
data/raw/garbage_v2/standardized_256/shoes/shoes_724.jpg,shoes,trash_other,train,standardized_256
data/raw/garbage_v2/standardized_256/shoes/shoes_725.jpg,shoes,trash_other,train,standardized_256
data/raw/garbage_v2/standardized_256/shoes/shoes_726.jpg,shoes,trash_other,train,standardized_256
data/raw/garbage_v2/standardized_256/shoes/shoes_727.jpg,shoes,trash_other,train,standardized_256
data/raw/garbage_v2/standardized_256/shoes/shoes_728.jpg,shoes,trash_other,train,standardized_256
data/raw/garbage_v2/standardized_256/shoes/shoes_729.jpg,shoes,trash_other,train,standardized_256
data/raw/garbage_v2/standardized_256/shoes/shoes_730.jpg,shoes,trash_other,train,standardized_256
data/raw/garbage_v2/standardized_256/shoes/shoes_731.jpg,shoes,trash_other,train,standardized_256
data/raw/garbage_v2/standardized_256/shoes/shoes_732.jpg,shoes,trash_other,train,standardized_256
data/raw/garbage_v2/standardized_256/shoes/shoes_734.jpg,shoes,trash_other,train,standardized_256
data/raw/garbage_v2/standardized_256/shoes/shoes_735.jpg,shoes,trash_other,train,standardized_256
data/raw/garbage_v2/standardized_256/shoes/shoes_736.jpg,shoes,trash_other,train,standardized_256
data/raw/garbage_v2/standardized_256/shoes/shoes_737.jpg,shoes,trash_other,train,standardized_256
data/raw/garbage_v2/standardized_256/shoes/shoes_738.jpg,shoes,trash_other,train,standardized_256
data/raw/garbage_v2/standardized_256/shoes/shoes_739.jpg,shoes,trash_other,train,standardized_256
data/raw/garbage_v2/standardized_256/shoes/shoes_74.jpg,shoes,trash_other,train,standardized_256
data/raw/garbage_v2/standardized_256/shoes/shoes_745.jpg,shoes,trash_other,train,standardized_256
data/raw/garbage_v2/standardized_256/shoes/shoes_747.jpg,shoes,trash_other,train,standardized_256
data/raw/garbage_v2/standardized_256/shoes/shoes_749.jpg,shoes,trash_other,train,standardized_256
data/raw/garbage_v2/standardized_256/shoes/shoes_75.jpg,shoes,trash_other,train,standardized_256
data/raw/garbage_v2/standardized_256/shoes/shoes_751.jpg,shoes,trash_other,train,standardized_256
data/raw/garbage_v2/standardized_256/shoes/shoes_753.jpg,shoes,trash_other,train,standardized_256
data/raw/garbage_v2/standardized_256/shoes/shoes_755.jpg,shoes,trash_other,train,standardized_256
data/raw/garbage_v2/standardized_256/shoes/shoes_757.jpg,shoes,trash_other,train,standardized_256
data/raw/garbage_v2/standardized_256/shoes/shoes_758.jpg,shoes,trash_other,train,standardized_256
data/raw/garbage_v2/standardized_256/shoes/shoes_76.jpg,shoes,trash_other,train,standardized_256
data/raw/garbage_v2/standardized_256/shoes/shoes_760.jpg,shoes,trash_other,train,standardized_256
data/raw/garbage_v2/standardized_256/shoes/shoes_762.jpg,shoes,trash_other,train,standardized_256
data/raw/garbage_v2/standardized_256/shoes/shoes_764.jpg,shoes,trash_other,train,standardized_256
data/raw/garbage_v2/standardized_256/shoes/shoes_765.jpg,shoes,trash_other,train,standardized_256
data/raw/garbage_v2/standardized_256/shoes/shoes_767.jpg,shoes,trash_other,train,standardized_256
data/raw/garbage_v2/standardized_256/shoes/shoes_768.jpg,shoes,trash_other,train,standardized_256
data/raw/garbage_v2/standardized_256/shoes/shoes_769.jpg,shoes,trash_other,train,standardized_256
data/raw/garbage_v2/standardized_256/shoes/shoes_772.jpg,shoes,trash_other,train,standardized_256
data/raw/garbage_v2/standardized_256/shoes/shoes_773.jpg,shoes,trash_other,train,standardized_256
data/raw/garbage_v2/standardized_256/shoes/shoes_774.jpg,shoes,trash_other,train,standardized_256
data/raw/garbage_v2/standardized_256/shoes/shoes_775.jpg,shoes,trash_other,train,standardized_256
data/raw/garbage_v2/standardized_256/shoes/shoes_776.jpg,shoes,trash_other,train,standardized_256
data/raw/garbage_v2/standardized_256/shoes/shoes_779.jpg,shoes,trash_other,train,standardized_256
data/raw/garbage_v2/standardized_256/shoes/shoes_78.jpg,shoes,trash_other,train,standardized_256
data/raw/garbage_v2/standardized_256/shoes/shoes_781.jpg,shoes,trash_other,train,standardized_256
data/raw/garbage_v2/standardized_256/shoes/shoes_782.jpg,shoes,trash_other,train,standardized_256
data/raw/garbage_v2/standardized_256/shoes/shoes_783.jpg,shoes,trash_other,train,standardized_256
data/raw/garbage_v2/standardized_256/shoes/shoes_784.jpg,shoes,trash_other,train,standardized_256
data/raw/garbage_v2/standardized_256/shoes/shoes_785.jpg,shoes,trash_other,train,standardized_256
data/raw/garbage_v2/standardized_256/shoes/shoes_786.jpg,shoes,trash_other,train,standardized_256
data/raw/garbage_v2/standardized_256/shoes/shoes_787.jpg,shoes,trash_other,train,standardized_256
data/raw/garbage_v2/standardized_256/shoes/shoes_788.jpg,shoes,trash_other,train,standardized_256
data/raw/garbage_v2/standardized_256/shoes/shoes_789.jpg,shoes,trash_other,train,standardized_256
data/raw/garbage_v2/standardized_256/shoes/shoes_79.jpg,shoes,trash_other,train,standardized_256
data/raw/garbage_v2/standardized_256/shoes/shoes_790.jpg,shoes,trash_other,train,standardized_256
data/raw/garbage_v2/standardized_256/shoes/shoes_792.jpg,shoes,trash_other,train,standardized_256
data/raw/garbage_v2/standardized_256/shoes/shoes_793.jpg,shoes,trash_other,train,standardized_256
data/raw/garbage_v2/standardized_256/shoes/shoes_794.jpg,shoes,trash_other,train,standardized_256
data/raw/garbage_v2/standardized_256/shoes/shoes_795.jpg,shoes,trash_other,train,standardized_256
data/raw/garbage_v2/standardized_256/shoes/shoes_796.jpg,shoes,trash_other,train,standardized_256
data/raw/garbage_v2/standardized_256/shoes/shoes_797.jpg,shoes,trash_other,train,standardized_256
data/raw/garbage_v2/standardized_256/shoes/shoes_798.jpg,shoes,trash_other,train,standardized_256
data/raw/garbage_v2/standardized_256/shoes/shoes_799.jpg,shoes,trash_other,train,standardized_256
data/raw/garbage_v2/standardized_256/shoes/shoes_8.jpg,shoes,trash_other,train,standardized_256
data/raw/garbage_v2/standardized_256/shoes/shoes_80.jpg,shoes,trash_other,train,standardized_256
data/raw/garbage_v2/standardized_256/shoes/shoes_800.jpg,shoes,trash_other,train,standardized_256
data/raw/garbage_v2/standardized_256/shoes/shoes_802.jpg,shoes,trash_other,train,standardized_256
data/raw/garbage_v2/standardized_256/shoes/shoes_803.jpg,shoes,trash_other,train,standardized_256
data/raw/garbage_v2/standardized_256/shoes/shoes_81.jpg,shoes,trash_other,train,standardized_256
data/raw/garbage_v2/standardized_256/shoes/shoes_811.jpg,shoes,trash_other,train,standardized_256
data/raw/garbage_v2/standardized_256/shoes/shoes_812.jpg,shoes,trash_other,train,standardized_256
data/raw/garbage_v2/standardized_256/shoes/shoes_813.jpg,shoes,trash_other,train,standardized_256
data/raw/garbage_v2/standardized_256/shoes/shoes_815.jpg,shoes,trash_other,train,standardized_256
data/raw/garbage_v2/standardized_256/shoes/shoes_816.jpg,shoes,trash_other,train,standardized_256
data/raw/garbage_v2/standardized_256/shoes/shoes_817.jpg,shoes,trash_other,train,standardized_256
data/raw/garbage_v2/standardized_256/shoes/shoes_818.jpg,shoes,trash_other,train,standardized_256
data/raw/garbage_v2/standardized_256/shoes/shoes_819.jpg,shoes,trash_other,train,standardized_256
data/raw/garbage_v2/standardized_256/shoes/shoes_82.jpg,shoes,trash_other,train,standardized_256
data/raw/garbage_v2/standardized_256/shoes/shoes_820.jpg,shoes,trash_other,train,standardized_256
data/raw/garbage_v2/standardized_256/shoes/shoes_821.jpg,shoes,trash_other,train,standardized_256
data/raw/garbage_v2/standardized_256/shoes/shoes_822.jpg,shoes,trash_other,train,standardized_256
data/raw/garbage_v2/standardized_256/shoes/shoes_823.jpg,shoes,trash_other,train,standardized_256
data/raw/garbage_v2/standardized_256/shoes/shoes_824.jpg,shoes,trash_other,train,standardized_256
data/raw/garbage_v2/standardized_256/shoes/shoes_825.jpg,shoes,trash_other,train,standardized_256
data/raw/garbage_v2/standardized_256/shoes/shoes_826.jpg,shoes,trash_other,train,standardized_256
data/raw/garbage_v2/standardized_256/shoes/shoes_827.jpg,shoes,trash_other,train,standardized_256
data/raw/garbage_v2/standardized_256/shoes/shoes_828.jpg,shoes,trash_other,train,standardized_256
data/raw/garbage_v2/standardized_256/shoes/shoes_829.jpg,shoes,trash_other,train,standardized_256
data/raw/garbage_v2/standardized_256/shoes/shoes_83.jpg,shoes,trash_other,train,standardized_256
data/raw/garbage_v2/standardized_256/shoes/shoes_835.jpg,shoes,trash_other,train,standardized_256
data/raw/garbage_v2/standardized_256/shoes/shoes_836.jpg,shoes,trash_other,train,standardized_256
data/raw/garbage_v2/standardized_256/shoes/shoes_837.jpg,shoes,trash_other,train,standardized_256
data/raw/garbage_v2/standardized_256/shoes/shoes_838.jpg,shoes,trash_other,train,standardized_256
data/raw/garbage_v2/standardized_256/shoes/shoes_839.jpg,shoes,trash_other,train,standardized_256
data/raw/garbage_v2/standardized_256/shoes/shoes_840.jpg,shoes,trash_other,train,standardized_256
data/raw/garbage_v2/standardized_256/shoes/shoes_841.jpg,shoes,trash_other,train,standardized_256
data/raw/garbage_v2/standardized_256/shoes/shoes_843.jpg,shoes,trash_other,train,standardized_256
data/raw/garbage_v2/standardized_256/shoes/shoes_844.jpg,shoes,trash_other,train,standardized_256
data/raw/garbage_v2/standardized_256/shoes/shoes_845.jpg,shoes,trash_other,train,standardized_256
data/raw/garbage_v2/standardized_256/shoes/shoes_846.jpg,shoes,trash_other,train,standardized_256
data/raw/garbage_v2/standardized_256/shoes/shoes_847.jpg,shoes,trash_other,train,standardized_256
data/raw/garbage_v2/standardized_256/shoes/shoes_849.jpg,shoes,trash_other,train,standardized_256
data/raw/garbage_v2/standardized_256/shoes/shoes_85.jpg,shoes,trash_other,train,standardized_256
data/raw/garbage_v2/standardized_256/shoes/shoes_850.jpg,shoes,trash_other,train,standardized_256
data/raw/garbage_v2/standardized_256/shoes/shoes_851.jpg,shoes,trash_other,train,standardized_256
data/raw/garbage_v2/standardized_256/shoes/shoes_853.jpg,shoes,trash_other,train,standardized_256
data/raw/garbage_v2/standardized_256/shoes/shoes_856.jpg,shoes,trash_other,train,standardized_256
data/raw/garbage_v2/standardized_256/shoes/shoes_857.jpg,shoes,trash_other,train,standardized_256
data/raw/garbage_v2/standardized_256/shoes/shoes_858.jpg,shoes,trash_other,train,standardized_256
data/raw/garbage_v2/standardized_256/shoes/shoes_86.jpg,shoes,trash_other,train,standardized_256
data/raw/garbage_v2/standardized_256/shoes/shoes_861.jpg,shoes,trash_other,train,standardized_256
data/raw/garbage_v2/standardized_256/shoes/shoes_862.jpg,shoes,trash_other,train,standardized_256
data/raw/garbage_v2/standardized_256/shoes/shoes_864.jpg,shoes,trash_other,train,standardized_256
data/raw/garbage_v2/standardized_256/shoes/shoes_869.jpg,shoes,trash_other,train,standardized_256
data/raw/garbage_v2/standardized_256/shoes/shoes_87.jpg,shoes,trash_other,train,standardized_256
data/raw/garbage_v2/standardized_256/shoes/shoes_871.jpg,shoes,trash_other,train,standardized_256
data/raw/garbage_v2/standardized_256/shoes/shoes_872.jpg,shoes,trash_other,train,standardized_256
data/raw/garbage_v2/standardized_256/shoes/shoes_873.jpg,shoes,trash_other,train,standardized_256
data/raw/garbage_v2/standardized_256/shoes/shoes_875.jpg,shoes,trash_other,train,standardized_256
data/raw/garbage_v2/standardized_256/shoes/shoes_877.jpg,shoes,trash_other,train,standardized_256
data/raw/garbage_v2/standardized_256/shoes/shoes_878.jpg,shoes,trash_other,train,standardized_256
data/raw/garbage_v2/standardized_256/shoes/shoes_879.jpg,shoes,trash_other,train,standardized_256
data/raw/garbage_v2/standardized_256/shoes/shoes_880.jpg,shoes,trash_other,train,standardized_256
data/raw/garbage_v2/standardized_256/shoes/shoes_882.jpg,shoes,trash_other,train,standardized_256
data/raw/garbage_v2/standardized_256/shoes/shoes_883.jpg,shoes,trash_other,train,standardized_256
data/raw/garbage_v2/standardized_256/shoes/shoes_885.jpg,shoes,trash_other,train,standardized_256
data/raw/garbage_v2/standardized_256/shoes/shoes_886.jpg,shoes,trash_other,train,standardized_256
data/raw/garbage_v2/standardized_256/shoes/shoes_887.jpg,shoes,trash_other,train,standardized_256
data/raw/garbage_v2/standardized_256/shoes/shoes_889.jpg,shoes,trash_other,train,standardized_256
data/raw/garbage_v2/standardized_256/shoes/shoes_89.jpg,shoes,trash_other,train,standardized_256
data/raw/garbage_v2/standardized_256/shoes/shoes_890.jpg,shoes,trash_other,train,standardized_256
data/raw/garbage_v2/standardized_256/shoes/shoes_891.jpg,shoes,trash_other,train,standardized_256
data/raw/garbage_v2/standardized_256/shoes/shoes_894.jpg,shoes,trash_other,train,standardized_256
data/raw/garbage_v2/standardized_256/shoes/shoes_895.jpg,shoes,trash_other,train,standardized_256
data/raw/garbage_v2/standardized_256/shoes/shoes_896.jpg,shoes,trash_other,train,standardized_256
data/raw/garbage_v2/standardized_256/shoes/shoes_897.jpg,shoes,trash_other,train,standardized_256
data/raw/garbage_v2/standardized_256/shoes/shoes_898.jpg,shoes,trash_other,train,standardized_256
data/raw/garbage_v2/standardized_256/shoes/shoes_899.jpg,shoes,trash_other,train,standardized_256
data/raw/garbage_v2/standardized_256/shoes/shoes_9.jpg,shoes,trash_other,train,standardized_256
data/raw/garbage_v2/standardized_256/shoes/shoes_900.jpg,shoes,trash_other,train,standardized_256
data/raw/garbage_v2/standardized_256/shoes/shoes_901.jpg,shoes,trash_other,train,standardized_256
data/raw/garbage_v2/standardized_256/shoes/shoes_904.jpg,shoes,trash_other,train,standardized_256
data/raw/garbage_v2/standardized_256/shoes/shoes_905.jpg,shoes,trash_other,train,standardized_256
data/raw/garbage_v2/standardized_256/shoes/shoes_908.jpg,shoes,trash_other,train,standardized_256
data/raw/garbage_v2/standardized_256/shoes/shoes_909.jpg,shoes,trash_other,train,standardized_256
data/raw/garbage_v2/standardized_256/shoes/shoes_910.jpg,shoes,trash_other,train,standardized_256
data/raw/garbage_v2/standardized_256/shoes/shoes_911.jpg,shoes,trash_other,train,standardized_256
data/raw/garbage_v2/standardized_256/shoes/shoes_912.jpg,shoes,trash_other,train,standardized_256
data/raw/garbage_v2/standardized_256/shoes/shoes_913.jpg,shoes,trash_other,train,standardized_256
data/raw/garbage_v2/standardized_256/shoes/shoes_915.jpg,shoes,trash_other,train,standardized_256
data/raw/garbage_v2/standardized_256/shoes/shoes_916.jpg,shoes,trash_other,train,standardized_256
data/raw/garbage_v2/standardized_256/shoes/shoes_918.jpg,shoes,trash_other,train,standardized_256
data/raw/garbage_v2/standardized_256/shoes/shoes_919.jpg,shoes,trash_other,train,standardized_256
data/raw/garbage_v2/standardized_256/shoes/shoes_92.jpg,shoes,trash_other,train,standardized_256
data/raw/garbage_v2/standardized_256/shoes/shoes_920.jpg,shoes,trash_other,train,standardized_256
data/raw/garbage_v2/standardized_256/shoes/shoes_921.jpg,shoes,trash_other,train,standardized_256
data/raw/garbage_v2/standardized_256/shoes/shoes_922.jpg,shoes,trash_other,train,standardized_256
data/raw/garbage_v2/standardized_256/shoes/shoes_924.jpg,shoes,trash_other,train,standardized_256
data/raw/garbage_v2/standardized_256/shoes/shoes_925.jpg,shoes,trash_other,train,standardized_256
data/raw/garbage_v2/standardized_256/shoes/shoes_926.jpg,shoes,trash_other,train,standardized_256
data/raw/garbage_v2/standardized_256/shoes/shoes_927.jpg,shoes,trash_other,train,standardized_256
data/raw/garbage_v2/standardized_256/shoes/shoes_928.jpg,shoes,trash_other,train,standardized_256
data/raw/garbage_v2/standardized_256/shoes/shoes_929.jpg,shoes,trash_other,train,standardized_256
data/raw/garbage_v2/standardized_256/shoes/shoes_93.jpg,shoes,trash_other,train,standardized_256
data/raw/garbage_v2/standardized_256/shoes/shoes_930.jpg,shoes,trash_other,train,standardized_256
data/raw/garbage_v2/standardized_256/shoes/shoes_931.jpg,shoes,trash_other,train,standardized_256
data/raw/garbage_v2/standardized_256/shoes/shoes_932.jpg,shoes,trash_other,train,standardized_256
data/raw/garbage_v2/standardized_256/shoes/shoes_933.jpg,shoes,trash_other,train,standardized_256
data/raw/garbage_v2/standardized_256/shoes/shoes_934.jpg,shoes,trash_other,train,standardized_256
data/raw/garbage_v2/standardized_256/shoes/shoes_935.jpg,shoes,trash_other,train,standardized_256
data/raw/garbage_v2/standardized_256/shoes/shoes_936.jpg,shoes,trash_other,train,standardized_256
data/raw/garbage_v2/standardized_256/shoes/shoes_937.jpg,shoes,trash_other,train,standardized_256
data/raw/garbage_v2/standardized_256/shoes/shoes_938.jpg,shoes,trash_other,train,standardized_256
data/raw/garbage_v2/standardized_256/shoes/shoes_939.jpg,shoes,trash_other,train,standardized_256
data/raw/garbage_v2/standardized_256/shoes/shoes_94.jpg,shoes,trash_other,train,standardized_256
data/raw/garbage_v2/standardized_256/shoes/shoes_940.jpg,shoes,trash_other,train,standardized_256
data/raw/garbage_v2/standardized_256/shoes/shoes_942.jpg,shoes,trash_other,train,standardized_256
data/raw/garbage_v2/standardized_256/shoes/shoes_943.jpg,shoes,trash_other,train,standardized_256
data/raw/garbage_v2/standardized_256/shoes/shoes_945.jpg,shoes,trash_other,train,standardized_256
data/raw/garbage_v2/standardized_256/shoes/shoes_946.jpg,shoes,trash_other,train,standardized_256
data/raw/garbage_v2/standardized_256/shoes/shoes_947.jpg,shoes,trash_other,train,standardized_256
data/raw/garbage_v2/standardized_256/shoes/shoes_948.jpg,shoes,trash_other,train,standardized_256
data/raw/garbage_v2/standardized_256/shoes/shoes_949.jpg,shoes,trash_other,train,standardized_256
data/raw/garbage_v2/standardized_256/shoes/shoes_95.jpg,shoes,trash_other,train,standardized_256
data/raw/garbage_v2/standardized_256/shoes/shoes_950.jpg,shoes,trash_other,train,standardized_256
data/raw/garbage_v2/standardized_256/shoes/shoes_951.jpg,shoes,trash_other,train,standardized_256
data/raw/garbage_v2/standardized_256/shoes/shoes_952.jpg,shoes,trash_other,train,standardized_256
data/raw/garbage_v2/standardized_256/shoes/shoes_954.jpg,shoes,trash_other,train,standardized_256
data/raw/garbage_v2/standardized_256/shoes/shoes_956.jpg,shoes,trash_other,train,standardized_256
data/raw/garbage_v2/standardized_256/shoes/shoes_959.jpg,shoes,trash_other,train,standardized_256
data/raw/garbage_v2/standardized_256/shoes/shoes_96.jpg,shoes,trash_other,train,standardized_256
data/raw/garbage_v2/standardized_256/shoes/shoes_960.jpg,shoes,trash_other,train,standardized_256
data/raw/garbage_v2/standardized_256/shoes/shoes_961.jpg,shoes,trash_other,train,standardized_256
data/raw/garbage_v2/standardized_256/shoes/shoes_963.jpg,shoes,trash_other,train,standardized_256
data/raw/garbage_v2/standardized_256/shoes/shoes_965.jpg,shoes,trash_other,train,standardized_256
data/raw/garbage_v2/standardized_256/shoes/shoes_966.jpg,shoes,trash_other,train,standardized_256
data/raw/garbage_v2/standardized_256/shoes/shoes_967.jpg,shoes,trash_other,train,standardized_256
data/raw/garbage_v2/standardized_256/shoes/shoes_969.jpg,shoes,trash_other,train,standardized_256
data/raw/garbage_v2/standardized_256/shoes/shoes_97.jpg,shoes,trash_other,train,standardized_256
data/raw/garbage_v2/standardized_256/shoes/shoes_971.jpg,shoes,trash_other,train,standardized_256
data/raw/garbage_v2/standardized_256/shoes/shoes_972.jpg,shoes,trash_other,train,standardized_256
data/raw/garbage_v2/standardized_256/shoes/shoes_973.jpg,shoes,trash_other,train,standardized_256
data/raw/garbage_v2/standardized_256/shoes/shoes_974.jpg,shoes,trash_other,train,standardized_256
data/raw/garbage_v2/standardized_256/shoes/shoes_975.jpg,shoes,trash_other,train,standardized_256
data/raw/garbage_v2/standardized_256/shoes/shoes_976.jpg,shoes,trash_other,train,standardized_256
data/raw/garbage_v2/standardized_256/shoes/shoes_977.jpg,shoes,trash_other,train,standardized_256
data/raw/garbage_v2/standardized_256/shoes/shoes_978.jpg,shoes,trash_other,train,standardized_256
data/raw/garbage_v2/standardized_256/shoes/shoes_979.jpg,shoes,trash_other,train,standardized_256
data/raw/garbage_v2/standardized_256/shoes/shoes_98.jpg,shoes,trash_other,train,standardized_256
data/raw/garbage_v2/standardized_256/shoes/shoes_980.jpg,shoes,trash_other,train,standardized_256
data/raw/garbage_v2/standardized_256/shoes/shoes_982.jpg,shoes,trash_other,train,standardized_256
data/raw/garbage_v2/standardized_256/shoes/shoes_984.jpg,shoes,trash_other,train,standardized_256
data/raw/garbage_v2/standardized_256/shoes/shoes_985.jpg,shoes,trash_other,train,standardized_256
data/raw/garbage_v2/standardized_256/shoes/shoes_987.jpg,shoes,trash_other,train,standardized_256
data/raw/garbage_v2/standardized_256/shoes/shoes_988.jpg,shoes,trash_other,train,standardized_256
data/raw/garbage_v2/standardized_256/shoes/shoes_989.jpg,shoes,trash_other,train,standardized_256
data/raw/garbage_v2/standardized_256/shoes/shoes_990.jpg,shoes,trash_other,train,standardized_256
data/raw/garbage_v2/standardized_256/shoes/shoes_992.jpg,shoes,trash_other,train,standardized_256
data/raw/garbage_v2/standardized_256/shoes/shoes_995.jpg,shoes,trash_other,train,standardized_256
data/raw/garbage_v2/standardized_256/shoes/shoes_996.jpg,shoes,trash_other,train,standardized_256
data/raw/garbage_v2/standardized_256/shoes/shoes_997.jpg,shoes,trash_other,train,standardized_256
data/raw/garbage_v2/standardized_256/shoes/shoes_998.jpg,shoes,trash_other,train,standardized_256
data/raw/garbage_v2/standardized_256/shoes/shoes_999.jpg,shoes,trash_other,train,standardized_256
data/raw/garbage_v2/standardized_256/trash/trash_10.jpg,trash,trash_other,train,standardized_256
data/raw/garbage_v2/standardized_256/trash/trash_100.jpg,trash,trash_other,train,standardized_256
data/raw/garbage_v2/standardized_256/trash/trash_101.jpg,trash,trash_other,train,standardized_256
data/raw/garbage_v2/standardized_256/trash/trash_102.jpg,trash,trash_other,train,standardized_256
data/raw/garbage_v2/standardized_256/trash/trash_103.jpg,trash,trash_other,train,standardized_256
data/raw/garbage_v2/standardized_256/trash/trash_105.jpg,trash,trash_other,train,standardized_256
data/raw/garbage_v2/standardized_256/trash/trash_106.jpg,trash,trash_other,train,standardized_256
data/raw/garbage_v2/standardized_256/trash/trash_107.jpg,trash,trash_other,train,standardized_256
data/raw/garbage_v2/standardized_256/trash/trash_108.jpg,trash,trash_other,train,standardized_256
data/raw/garbage_v2/standardized_256/trash/trash_11.jpg,trash,trash_other,train,standardized_256
data/raw/garbage_v2/standardized_256/trash/trash_110.jpg,trash,trash_other,train,standardized_256
data/raw/garbage_v2/standardized_256/trash/trash_111.jpg,trash,trash_other,train,standardized_256
data/raw/garbage_v2/standardized_256/trash/trash_112.jpg,trash,trash_other,train,standardized_256
data/raw/garbage_v2/standardized_256/trash/trash_113.jpg,trash,trash_other,train,standardized_256
data/raw/garbage_v2/standardized_256/trash/trash_114.jpg,trash,trash_other,train,standardized_256
data/raw/garbage_v2/standardized_256/trash/trash_115.jpg,trash,trash_other,train,standardized_256
data/raw/garbage_v2/standardized_256/trash/trash_116.jpg,trash,trash_other,train,standardized_256
data/raw/garbage_v2/standardized_256/trash/trash_121.jpg,trash,trash_other,train,standardized_256
data/raw/garbage_v2/standardized_256/trash/trash_123.jpg,trash,trash_other,train,standardized_256
data/raw/garbage_v2/standardized_256/trash/trash_124.jpg,trash,trash_other,train,standardized_256
data/raw/garbage_v2/standardized_256/trash/trash_125.jpg,trash,trash_other,train,standardized_256
data/raw/garbage_v2/standardized_256/trash/trash_126.jpg,trash,trash_other,train,standardized_256
data/raw/garbage_v2/standardized_256/trash/trash_128.jpg,trash,trash_other,train,standardized_256
data/raw/garbage_v2/standardized_256/trash/trash_129.jpg,trash,trash_other,train,standardized_256
data/raw/garbage_v2/standardized_256/trash/trash_130.jpg,trash,trash_other,train,standardized_256
data/raw/garbage_v2/standardized_256/trash/trash_131.jpg,trash,trash_other,train,standardized_256
data/raw/garbage_v2/standardized_256/trash/trash_132.jpg,trash,trash_other,train,standardized_256
data/raw/garbage_v2/standardized_256/trash/trash_134.jpg,trash,trash_other,train,standardized_256
data/raw/garbage_v2/standardized_256/trash/trash_135.jpg,trash,trash_other,train,standardized_256
data/raw/garbage_v2/standardized_256/trash/trash_136.jpg,trash,trash_other,train,standardized_256
data/raw/garbage_v2/standardized_256/trash/trash_137.jpg,trash,trash_other,train,standardized_256
data/raw/garbage_v2/standardized_256/trash/trash_138.jpg,trash,trash_other,train,standardized_256
data/raw/garbage_v2/standardized_256/trash/trash_14.jpg,trash,trash_other,train,standardized_256
data/raw/garbage_v2/standardized_256/trash/trash_140.jpg,trash,trash_other,train,standardized_256
data/raw/garbage_v2/standardized_256/trash/trash_141.jpg,trash,trash_other,train,standardized_256
data/raw/garbage_v2/standardized_256/trash/trash_142.jpg,trash,trash_other,train,standardized_256
data/raw/garbage_v2/standardized_256/trash/trash_146.jpg,trash,trash_other,train,standardized_256
data/raw/garbage_v2/standardized_256/trash/trash_147.jpg,trash,trash_other,train,standardized_256
data/raw/garbage_v2/standardized_256/trash/trash_149.jpg,trash,trash_other,train,standardized_256
data/raw/garbage_v2/standardized_256/trash/trash_151.jpg,trash,trash_other,train,standardized_256
data/raw/garbage_v2/standardized_256/trash/trash_152.jpg,trash,trash_other,train,standardized_256
data/raw/garbage_v2/standardized_256/trash/trash_155.jpg,trash,trash_other,train,standardized_256
data/raw/garbage_v2/standardized_256/trash/trash_156.jpg,trash,trash_other,train,standardized_256
data/raw/garbage_v2/standardized_256/trash/trash_157.jpg,trash,trash_other,train,standardized_256
data/raw/garbage_v2/standardized_256/trash/trash_16.jpg,trash,trash_other,train,standardized_256
data/raw/garbage_v2/standardized_256/trash/trash_160.jpg,trash,trash_other,train,standardized_256
data/raw/garbage_v2/standardized_256/trash/trash_161.jpg,trash,trash_other,train,standardized_256
data/raw/garbage_v2/standardized_256/trash/trash_162.jpg,trash,trash_other,train,standardized_256
data/raw/garbage_v2/standardized_256/trash/trash_163.jpg,trash,trash_other,train,standardized_256
data/raw/garbage_v2/standardized_256/trash/trash_164.jpg,trash,trash_other,train,standardized_256
data/raw/garbage_v2/standardized_256/trash/trash_165.jpg,trash,trash_other,train,standardized_256
data/raw/garbage_v2/standardized_256/trash/trash_166.jpg,trash,trash_other,train,standardized_256
data/raw/garbage_v2/standardized_256/trash/trash_167.jpg,trash,trash_other,train,standardized_256
data/raw/garbage_v2/standardized_256/trash/trash_168.jpg,trash,trash_other,train,standardized_256
data/raw/garbage_v2/standardized_256/trash/trash_169.jpg,trash,trash_other,train,standardized_256
data/raw/garbage_v2/standardized_256/trash/trash_170.jpg,trash,trash_other,train,standardized_256
data/raw/garbage_v2/standardized_256/trash/trash_171.jpg,trash,trash_other,train,standardized_256
data/raw/garbage_v2/standardized_256/trash/trash_172.jpg,trash,trash_other,train,standardized_256
data/raw/garbage_v2/standardized_256/trash/trash_173.jpg,trash,trash_other,train,standardized_256
data/raw/garbage_v2/standardized_256/trash/trash_174.jpg,trash,trash_other,train,standardized_256
data/raw/garbage_v2/standardized_256/trash/trash_177.jpg,trash,trash_other,train,standardized_256
data/raw/garbage_v2/standardized_256/trash/trash_178.jpg,trash,trash_other,train,standardized_256
data/raw/garbage_v2/standardized_256/trash/trash_179.jpg,trash,trash_other,train,standardized_256
data/raw/garbage_v2/standardized_256/trash/trash_18.jpg,trash,trash_other,train,standardized_256
data/raw/garbage_v2/standardized_256/trash/trash_180.jpg,trash,trash_other,train,standardized_256
data/raw/garbage_v2/standardized_256/trash/trash_181.jpg,trash,trash_other,train,standardized_256
data/raw/garbage_v2/standardized_256/trash/trash_182.jpg,trash,trash_other,train,standardized_256
data/raw/garbage_v2/standardized_256/trash/trash_185.jpg,trash,trash_other,train,standardized_256
data/raw/garbage_v2/standardized_256/trash/trash_186.jpg,trash,trash_other,train,standardized_256
data/raw/garbage_v2/standardized_256/trash/trash_189.jpg,trash,trash_other,train,standardized_256
data/raw/garbage_v2/standardized_256/trash/trash_19.jpg,trash,trash_other,train,standardized_256
data/raw/garbage_v2/standardized_256/trash/trash_190.jpg,trash,trash_other,train,standardized_256
data/raw/garbage_v2/standardized_256/trash/trash_191.jpg,trash,trash_other,train,standardized_256
data/raw/garbage_v2/standardized_256/trash/trash_193.jpg,trash,trash_other,train,standardized_256
data/raw/garbage_v2/standardized_256/trash/trash_195.jpg,trash,trash_other,train,standardized_256
data/raw/garbage_v2/standardized_256/trash/trash_198.jpg,trash,trash_other,train,standardized_256
data/raw/garbage_v2/standardized_256/trash/trash_199.jpg,trash,trash_other,train,standardized_256
data/raw/garbage_v2/standardized_256/trash/trash_2.jpg,trash,trash_other,train,standardized_256
data/raw/garbage_v2/standardized_256/trash/trash_20.jpg,trash,trash_other,train,standardized_256
data/raw/garbage_v2/standardized_256/trash/trash_201.jpg,trash,trash_other,train,standardized_256
data/raw/garbage_v2/standardized_256/trash/trash_202.jpg,trash,trash_other,train,standardized_256
data/raw/garbage_v2/standardized_256/trash/trash_203.jpg,trash,trash_other,train,standardized_256
data/raw/garbage_v2/standardized_256/trash/trash_204.jpg,trash,trash_other,train,standardized_256
data/raw/garbage_v2/standardized_256/trash/trash_206.jpg,trash,trash_other,train,standardized_256
data/raw/garbage_v2/standardized_256/trash/trash_207.jpg,trash,trash_other,train,standardized_256
data/raw/garbage_v2/standardized_256/trash/trash_209.jpg,trash,trash_other,train,standardized_256
data/raw/garbage_v2/standardized_256/trash/trash_21.jpg,trash,trash_other,train,standardized_256
data/raw/garbage_v2/standardized_256/trash/trash_210.jpg,trash,trash_other,train,standardized_256
data/raw/garbage_v2/standardized_256/trash/trash_211.jpg,trash,trash_other,train,standardized_256
data/raw/garbage_v2/standardized_256/trash/trash_213.jpg,trash,trash_other,train,standardized_256
data/raw/garbage_v2/standardized_256/trash/trash_214.jpg,trash,trash_other,train,standardized_256
data/raw/garbage_v2/standardized_256/trash/trash_216.jpg,trash,trash_other,train,standardized_256
data/raw/garbage_v2/standardized_256/trash/trash_217.jpg,trash,trash_other,train,standardized_256
data/raw/garbage_v2/standardized_256/trash/trash_218.jpg,trash,trash_other,train,standardized_256
data/raw/garbage_v2/standardized_256/trash/trash_219.jpg,trash,trash_other,train,standardized_256
data/raw/garbage_v2/standardized_256/trash/trash_22.jpg,trash,trash_other,train,standardized_256
data/raw/garbage_v2/standardized_256/trash/trash_220.jpg,trash,trash_other,train,standardized_256
data/raw/garbage_v2/standardized_256/trash/trash_221.jpg,trash,trash_other,train,standardized_256
data/raw/garbage_v2/standardized_256/trash/trash_223.jpg,trash,trash_other,train,standardized_256
data/raw/garbage_v2/standardized_256/trash/trash_227.jpg,trash,trash_other,train,standardized_256
data/raw/garbage_v2/standardized_256/trash/trash_229.jpg,trash,trash_other,train,standardized_256
data/raw/garbage_v2/standardized_256/trash/trash_23.jpg,trash,trash_other,train,standardized_256
data/raw/garbage_v2/standardized_256/trash/trash_231.jpg,trash,trash_other,train,standardized_256
data/raw/garbage_v2/standardized_256/trash/trash_233.jpg,trash,trash_other,train,standardized_256
data/raw/garbage_v2/standardized_256/trash/trash_234.jpg,trash,trash_other,train,standardized_256
data/raw/garbage_v2/standardized_256/trash/trash_235.jpg,trash,trash_other,train,standardized_256
data/raw/garbage_v2/standardized_256/trash/trash_236.jpg,trash,trash_other,train,standardized_256
data/raw/garbage_v2/standardized_256/trash/trash_237.jpg,trash,trash_other,train,standardized_256
data/raw/garbage_v2/standardized_256/trash/trash_240.jpg,trash,trash_other,train,standardized_256
data/raw/garbage_v2/standardized_256/trash/trash_241.jpg,trash,trash_other,train,standardized_256
data/raw/garbage_v2/standardized_256/trash/trash_242.jpg,trash,trash_other,train,standardized_256
data/raw/garbage_v2/standardized_256/trash/trash_243.jpg,trash,trash_other,train,standardized_256
data/raw/garbage_v2/standardized_256/trash/trash_244.jpg,trash,trash_other,train,standardized_256
data/raw/garbage_v2/standardized_256/trash/trash_245.jpg,trash,trash_other,train,standardized_256
data/raw/garbage_v2/standardized_256/trash/trash_248.jpg,trash,trash_other,train,standardized_256
data/raw/garbage_v2/standardized_256/trash/trash_249.jpg,trash,trash_other,train,standardized_256
data/raw/garbage_v2/standardized_256/trash/trash_25.jpg,trash,trash_other,train,standardized_256
data/raw/garbage_v2/standardized_256/trash/trash_250.jpg,trash,trash_other,train,standardized_256
data/raw/garbage_v2/standardized_256/trash/trash_252.jpg,trash,trash_other,train,standardized_256
data/raw/garbage_v2/standardized_256/trash/trash_255.jpg,trash,trash_other,train,standardized_256
data/raw/garbage_v2/standardized_256/trash/trash_256.jpg,trash,trash_other,train,standardized_256
data/raw/garbage_v2/standardized_256/trash/trash_258.jpg,trash,trash_other,train,standardized_256
data/raw/garbage_v2/standardized_256/trash/trash_26.jpg,trash,trash_other,train,standardized_256
data/raw/garbage_v2/standardized_256/trash/trash_261.jpg,trash,trash_other,train,standardized_256
data/raw/garbage_v2/standardized_256/trash/trash_262.jpg,trash,trash_other,train,standardized_256
data/raw/garbage_v2/standardized_256/trash/trash_263.jpg,trash,trash_other,train,standardized_256
data/raw/garbage_v2/standardized_256/trash/trash_264.jpg,trash,trash_other,train,standardized_256
data/raw/garbage_v2/standardized_256/trash/trash_269.jpg,trash,trash_other,train,standardized_256
data/raw/garbage_v2/standardized_256/trash/trash_27.jpg,trash,trash_other,train,standardized_256
data/raw/garbage_v2/standardized_256/trash/trash_271.jpg,trash,trash_other,train,standardized_256
data/raw/garbage_v2/standardized_256/trash/trash_272.jpg,trash,trash_other,train,standardized_256
data/raw/garbage_v2/standardized_256/trash/trash_273.jpg,trash,trash_other,train,standardized_256
data/raw/garbage_v2/standardized_256/trash/trash_274.jpg,trash,trash_other,train,standardized_256
data/raw/garbage_v2/standardized_256/trash/trash_275.jpg,trash,trash_other,train,standardized_256
data/raw/garbage_v2/standardized_256/trash/trash_277.jpg,trash,trash_other,train,standardized_256
data/raw/garbage_v2/standardized_256/trash/trash_278.jpg,trash,trash_other,train,standardized_256
data/raw/garbage_v2/standardized_256/trash/trash_28.jpg,trash,trash_other,train,standardized_256
data/raw/garbage_v2/standardized_256/trash/trash_280.jpg,trash,trash_other,train,standardized_256
data/raw/garbage_v2/standardized_256/trash/trash_281.jpg,trash,trash_other,train,standardized_256
data/raw/garbage_v2/standardized_256/trash/trash_283.jpg,trash,trash_other,train,standardized_256
data/raw/garbage_v2/standardized_256/trash/trash_285.jpg,trash,trash_other,train,standardized_256
data/raw/garbage_v2/standardized_256/trash/trash_286.jpg,trash,trash_other,train,standardized_256
data/raw/garbage_v2/standardized_256/trash/trash_288.jpg,trash,trash_other,train,standardized_256
data/raw/garbage_v2/standardized_256/trash/trash_289.jpg,trash,trash_other,train,standardized_256
data/raw/garbage_v2/standardized_256/trash/trash_29.jpg,trash,trash_other,train,standardized_256
data/raw/garbage_v2/standardized_256/trash/trash_290.jpg,trash,trash_other,train,standardized_256
data/raw/garbage_v2/standardized_256/trash/trash_291.jpg,trash,trash_other,train,standardized_256
data/raw/garbage_v2/standardized_256/trash/trash_293.jpg,trash,trash_other,train,standardized_256
data/raw/garbage_v2/standardized_256/trash/trash_294.jpg,trash,trash_other,train,standardized_256
data/raw/garbage_v2/standardized_256/trash/trash_295.jpg,trash,trash_other,train,standardized_256
data/raw/garbage_v2/standardized_256/trash/trash_297.jpg,trash,trash_other,train,standardized_256
data/raw/garbage_v2/standardized_256/trash/trash_299.jpg,trash,trash_other,train,standardized_256
data/raw/garbage_v2/standardized_256/trash/trash_3.jpg,trash,trash_other,train,standardized_256
data/raw/garbage_v2/standardized_256/trash/trash_301.jpg,trash,trash_other,train,standardized_256
data/raw/garbage_v2/standardized_256/trash/trash_302.jpg,trash,trash_other,train,standardized_256
data/raw/garbage_v2/standardized_256/trash/trash_303.jpg,trash,trash_other,train,standardized_256
data/raw/garbage_v2/standardized_256/trash/trash_306.jpg,trash,trash_other,train,standardized_256
data/raw/garbage_v2/standardized_256/trash/trash_307.jpg,trash,trash_other,train,standardized_256
data/raw/garbage_v2/standardized_256/trash/trash_308.jpg,trash,trash_other,train,standardized_256
data/raw/garbage_v2/standardized_256/trash/trash_309.jpg,trash,trash_other,train,standardized_256
data/raw/garbage_v2/standardized_256/trash/trash_31.jpg,trash,trash_other,train,standardized_256
data/raw/garbage_v2/standardized_256/trash/trash_310.jpg,trash,trash_other,train,standardized_256
data/raw/garbage_v2/standardized_256/trash/trash_311.jpg,trash,trash_other,train,standardized_256
data/raw/garbage_v2/standardized_256/trash/trash_312.jpg,trash,trash_other,train,standardized_256
data/raw/garbage_v2/standardized_256/trash/trash_313.jpg,trash,trash_other,train,standardized_256
data/raw/garbage_v2/standardized_256/trash/trash_314.jpg,trash,trash_other,train,standardized_256
data/raw/garbage_v2/standardized_256/trash/trash_315.jpg,trash,trash_other,train,standardized_256
data/raw/garbage_v2/standardized_256/trash/trash_318.jpg,trash,trash_other,train,standardized_256
data/raw/garbage_v2/standardized_256/trash/trash_319.jpg,trash,trash_other,train,standardized_256
data/raw/garbage_v2/standardized_256/trash/trash_320.jpg,trash,trash_other,train,standardized_256
data/raw/garbage_v2/standardized_256/trash/trash_322.jpg,trash,trash_other,train,standardized_256
data/raw/garbage_v2/standardized_256/trash/trash_323.jpg,trash,trash_other,train,standardized_256
data/raw/garbage_v2/standardized_256/trash/trash_324.jpg,trash,trash_other,train,standardized_256
data/raw/garbage_v2/standardized_256/trash/trash_326.jpg,trash,trash_other,train,standardized_256
data/raw/garbage_v2/standardized_256/trash/trash_328.jpg,trash,trash_other,train,standardized_256
data/raw/garbage_v2/standardized_256/trash/trash_329.jpg,trash,trash_other,train,standardized_256
data/raw/garbage_v2/standardized_256/trash/trash_33.jpg,trash,trash_other,train,standardized_256
data/raw/garbage_v2/standardized_256/trash/trash_331.jpg,trash,trash_other,train,standardized_256
data/raw/garbage_v2/standardized_256/trash/trash_332.jpg,trash,trash_other,train,standardized_256
data/raw/garbage_v2/standardized_256/trash/trash_336.jpg,trash,trash_other,train,standardized_256
data/raw/garbage_v2/standardized_256/trash/trash_337.jpg,trash,trash_other,train,standardized_256
data/raw/garbage_v2/standardized_256/trash/trash_338.jpg,trash,trash_other,train,standardized_256
data/raw/garbage_v2/standardized_256/trash/trash_339.jpg,trash,trash_other,train,standardized_256
data/raw/garbage_v2/standardized_256/trash/trash_34.jpg,trash,trash_other,train,standardized_256
data/raw/garbage_v2/standardized_256/trash/trash_341.jpg,trash,trash_other,train,standardized_256
data/raw/garbage_v2/standardized_256/trash/trash_343.jpg,trash,trash_other,train,standardized_256
data/raw/garbage_v2/standardized_256/trash/trash_346.jpg,trash,trash_other,train,standardized_256
data/raw/garbage_v2/standardized_256/trash/trash_347.jpg,trash,trash_other,train,standardized_256
data/raw/garbage_v2/standardized_256/trash/trash_348.jpg,trash,trash_other,train,standardized_256
data/raw/garbage_v2/standardized_256/trash/trash_349.jpg,trash,trash_other,train,standardized_256
data/raw/garbage_v2/standardized_256/trash/trash_35.jpg,trash,trash_other,train,standardized_256
data/raw/garbage_v2/standardized_256/trash/trash_351.jpg,trash,trash_other,train,standardized_256
data/raw/garbage_v2/standardized_256/trash/trash_354.jpg,trash,trash_other,train,standardized_256
data/raw/garbage_v2/standardized_256/trash/trash_355.jpg,trash,trash_other,train,standardized_256
data/raw/garbage_v2/standardized_256/trash/trash_356.jpg,trash,trash_other,train,standardized_256
data/raw/garbage_v2/standardized_256/trash/trash_359.jpg,trash,trash_other,train,standardized_256
data/raw/garbage_v2/standardized_256/trash/trash_360.jpg,trash,trash_other,train,standardized_256
data/raw/garbage_v2/standardized_256/trash/trash_361.jpg,trash,trash_other,train,standardized_256
data/raw/garbage_v2/standardized_256/trash/trash_362.jpg,trash,trash_other,train,standardized_256
data/raw/garbage_v2/standardized_256/trash/trash_363.jpg,trash,trash_other,train,standardized_256
data/raw/garbage_v2/standardized_256/trash/trash_364.jpg,trash,trash_other,train,standardized_256
data/raw/garbage_v2/standardized_256/trash/trash_365.jpg,trash,trash_other,train,standardized_256
data/raw/garbage_v2/standardized_256/trash/trash_366.jpg,trash,trash_other,train,standardized_256
data/raw/garbage_v2/standardized_256/trash/trash_367.jpg,trash,trash_other,train,standardized_256
data/raw/garbage_v2/standardized_256/trash/trash_368.jpg,trash,trash_other,train,standardized_256
data/raw/garbage_v2/standardized_256/trash/trash_371.jpg,trash,trash_other,train,standardized_256
data/raw/garbage_v2/standardized_256/trash/trash_372.jpg,trash,trash_other,train,standardized_256
data/raw/garbage_v2/standardized_256/trash/trash_373.jpg,trash,trash_other,train,standardized_256
data/raw/garbage_v2/standardized_256/trash/trash_374.jpg,trash,trash_other,train,standardized_256
data/raw/garbage_v2/standardized_256/trash/trash_376.jpg,trash,trash_other,train,standardized_256
data/raw/garbage_v2/standardized_256/trash/trash_38.jpg,trash,trash_other,train,standardized_256
data/raw/garbage_v2/standardized_256/trash/trash_380.jpg,trash,trash_other,train,standardized_256
data/raw/garbage_v2/standardized_256/trash/trash_381.jpg,trash,trash_other,train,standardized_256
data/raw/garbage_v2/standardized_256/trash/trash_382.jpg,trash,trash_other,train,standardized_256
data/raw/garbage_v2/standardized_256/trash/trash_383.jpg,trash,trash_other,train,standardized_256
data/raw/garbage_v2/standardized_256/trash/trash_385.jpg,trash,trash_other,train,standardized_256
data/raw/garbage_v2/standardized_256/trash/trash_386.jpg,trash,trash_other,train,standardized_256
data/raw/garbage_v2/standardized_256/trash/trash_387.jpg,trash,trash_other,train,standardized_256
data/raw/garbage_v2/standardized_256/trash/trash_388.jpg,trash,trash_other,train,standardized_256
data/raw/garbage_v2/standardized_256/trash/trash_389.jpg,trash,trash_other,train,standardized_256
data/raw/garbage_v2/standardized_256/trash/trash_390.jpg,trash,trash_other,train,standardized_256
data/raw/garbage_v2/standardized_256/trash/trash_392.jpg,trash,trash_other,train,standardized_256
data/raw/garbage_v2/standardized_256/trash/trash_393.jpg,trash,trash_other,train,standardized_256
data/raw/garbage_v2/standardized_256/trash/trash_394.jpg,trash,trash_other,train,standardized_256
data/raw/garbage_v2/standardized_256/trash/trash_395.jpg,trash,trash_other,train,standardized_256
data/raw/garbage_v2/standardized_256/trash/trash_397.jpg,trash,trash_other,train,standardized_256
data/raw/garbage_v2/standardized_256/trash/trash_398.jpg,trash,trash_other,train,standardized_256
data/raw/garbage_v2/standardized_256/trash/trash_4.jpg,trash,trash_other,train,standardized_256
data/raw/garbage_v2/standardized_256/trash/trash_40.jpg,trash,trash_other,train,standardized_256
data/raw/garbage_v2/standardized_256/trash/trash_401.jpg,trash,trash_other,train,standardized_256
data/raw/garbage_v2/standardized_256/trash/trash_402.jpg,trash,trash_other,train,standardized_256
data/raw/garbage_v2/standardized_256/trash/trash_404.jpg,trash,trash_other,train,standardized_256
data/raw/garbage_v2/standardized_256/trash/trash_405.jpg,trash,trash_other,train,standardized_256
data/raw/garbage_v2/standardized_256/trash/trash_406.jpg,trash,trash_other,train,standardized_256
data/raw/garbage_v2/standardized_256/trash/trash_408.jpg,trash,trash_other,train,standardized_256
data/raw/garbage_v2/standardized_256/trash/trash_409.jpg,trash,trash_other,train,standardized_256
data/raw/garbage_v2/standardized_256/trash/trash_41.jpg,trash,trash_other,train,standardized_256
data/raw/garbage_v2/standardized_256/trash/trash_410.jpg,trash,trash_other,train,standardized_256
data/raw/garbage_v2/standardized_256/trash/trash_411.jpeg,trash,trash_other,train,standardized_256
data/raw/garbage_v2/standardized_256/trash/trash_412.jpg,trash,trash_other,train,standardized_256
data/raw/garbage_v2/standardized_256/trash/trash_414.jpg,trash,trash_other,train,standardized_256
data/raw/garbage_v2/standardized_256/trash/trash_415.jpg,trash,trash_other,train,standardized_256
data/raw/garbage_v2/standardized_256/trash/trash_416.jpg,trash,trash_other,train,standardized_256
data/raw/garbage_v2/standardized_256/trash/trash_417.jpg,trash,trash_other,train,standardized_256
data/raw/garbage_v2/standardized_256/trash/trash_418.jpg,trash,trash_other,train,standardized_256
data/raw/garbage_v2/standardized_256/trash/trash_419.jpg,trash,trash_other,train,standardized_256
data/raw/garbage_v2/standardized_256/trash/trash_42.jpg,trash,trash_other,train,standardized_256
data/raw/garbage_v2/standardized_256/trash/trash_422.jpg,trash,trash_other,train,standardized_256
data/raw/garbage_v2/standardized_256/trash/trash_424.jpg,trash,trash_other,train,standardized_256
data/raw/garbage_v2/standardized_256/trash/trash_425.jpg,trash,trash_other,train,standardized_256
data/raw/garbage_v2/standardized_256/trash/trash_426.jpg,trash,trash_other,train,standardized_256
data/raw/garbage_v2/standardized_256/trash/trash_428.jpg,trash,trash_other,train,standardized_256
data/raw/garbage_v2/standardized_256/trash/trash_429.jpg,trash,trash_other,train,standardized_256
data/raw/garbage_v2/standardized_256/trash/trash_43.jpg,trash,trash_other,train,standardized_256
data/raw/garbage_v2/standardized_256/trash/trash_430.jpg,trash,trash_other,train,standardized_256
data/raw/garbage_v2/standardized_256/trash/trash_432.jpg,trash,trash_other,train,standardized_256
data/raw/garbage_v2/standardized_256/trash/trash_433.jpg,trash,trash_other,train,standardized_256
data/raw/garbage_v2/standardized_256/trash/trash_434.jpg,trash,trash_other,train,standardized_256
data/raw/garbage_v2/standardized_256/trash/trash_437.jpg,trash,trash_other,train,standardized_256
data/raw/garbage_v2/standardized_256/trash/trash_438.jpg,trash,trash_other,train,standardized_256
data/raw/garbage_v2/standardized_256/trash/trash_439.jpg,trash,trash_other,train,standardized_256
data/raw/garbage_v2/standardized_256/trash/trash_44.jpg,trash,trash_other,train,standardized_256
data/raw/garbage_v2/standardized_256/trash/trash_443.jpg,trash,trash_other,train,standardized_256
data/raw/garbage_v2/standardized_256/trash/trash_444.jpg,trash,trash_other,train,standardized_256
data/raw/garbage_v2/standardized_256/trash/trash_446.jpg,trash,trash_other,train,standardized_256
data/raw/garbage_v2/standardized_256/trash/trash_447.jpg,trash,trash_other,train,standardized_256
data/raw/garbage_v2/standardized_256/trash/trash_448.jpg,trash,trash_other,train,standardized_256
data/raw/garbage_v2/standardized_256/trash/trash_449.jpg,trash,trash_other,train,standardized_256
data/raw/garbage_v2/standardized_256/trash/trash_45.jpg,trash,trash_other,train,standardized_256
data/raw/garbage_v2/standardized_256/trash/trash_450.jpg,trash,trash_other,train,standardized_256
data/raw/garbage_v2/standardized_256/trash/trash_451.jpg,trash,trash_other,train,standardized_256
data/raw/garbage_v2/standardized_256/trash/trash_452.jpg,trash,trash_other,train,standardized_256
data/raw/garbage_v2/standardized_256/trash/trash_453.jpg,trash,trash_other,train,standardized_256
data/raw/garbage_v2/standardized_256/trash/trash_47.jpg,trash,trash_other,train,standardized_256
data/raw/garbage_v2/standardized_256/trash/trash_48.jpg,trash,trash_other,train,standardized_256
data/raw/garbage_v2/standardized_256/trash/trash_49.jpg,trash,trash_other,train,standardized_256
data/raw/garbage_v2/standardized_256/trash/trash_5.jpg,trash,trash_other,train,standardized_256
data/raw/garbage_v2/standardized_256/trash/trash_52.jpg,trash,trash_other,train,standardized_256
data/raw/garbage_v2/standardized_256/trash/trash_53.jpg,trash,trash_other,train,standardized_256
data/raw/garbage_v2/standardized_256/trash/trash_54.jpg,trash,trash_other,train,standardized_256
data/raw/garbage_v2/standardized_256/trash/trash_55.jpg,trash,trash_other,train,standardized_256
data/raw/garbage_v2/standardized_256/trash/trash_56.jpg,trash,trash_other,train,standardized_256
data/raw/garbage_v2/standardized_256/trash/trash_57.jpg,trash,trash_other,train,standardized_256
data/raw/garbage_v2/standardized_256/trash/trash_58.jpg,trash,trash_other,train,standardized_256
data/raw/garbage_v2/standardized_256/trash/trash_59.jpg,trash,trash_other,train,standardized_256
data/raw/garbage_v2/standardized_256/trash/trash_6.jpg,trash,trash_other,train,standardized_256
data/raw/garbage_v2/standardized_256/trash/trash_60.jpg,trash,trash_other,train,standardized_256
data/raw/garbage_v2/standardized_256/trash/trash_63.jpg,trash,trash_other,train,standardized_256
data/raw/garbage_v2/standardized_256/trash/trash_64.jpg,trash,trash_other,train,standardized_256
data/raw/garbage_v2/standardized_256/trash/trash_66.jpg,trash,trash_other,train,standardized_256
data/raw/garbage_v2/standardized_256/trash/trash_67.jpg,trash,trash_other,train,standardized_256
data/raw/garbage_v2/standardized_256/trash/trash_68.jpg,trash,trash_other,train,standardized_256
data/raw/garbage_v2/standardized_256/trash/trash_69.jpg,trash,trash_other,train,standardized_256
data/raw/garbage_v2/standardized_256/trash/trash_7.jpg,trash,trash_other,train,standardized_256
data/raw/garbage_v2/standardized_256/trash/trash_71.jpg,trash,trash_other,train,standardized_256
data/raw/garbage_v2/standardized_256/trash/trash_72.jpg,trash,trash_other,train,standardized_256
data/raw/garbage_v2/standardized_256/trash/trash_73.jpg,trash,trash_other,train,standardized_256
data/raw/garbage_v2/standardized_256/trash/trash_74.jpg,trash,trash_other,train,standardized_256
data/raw/garbage_v2/standardized_256/trash/trash_75.jpg,trash,trash_other,train,standardized_256
data/raw/garbage_v2/standardized_256/trash/trash_76.jpg,trash,trash_other,train,standardized_256
data/raw/garbage_v2/standardized_256/trash/trash_77.jpg,trash,trash_other,train,standardized_256
data/raw/garbage_v2/standardized_256/trash/trash_78.jpg,trash,trash_other,train,standardized_256
data/raw/garbage_v2/standardized_256/trash/trash_8.jpg,trash,trash_other,train,standardized_256
data/raw/garbage_v2/standardized_256/trash/trash_80.jpg,trash,trash_other,train,standardized_256
data/raw/garbage_v2/standardized_256/trash/trash_83.jpg,trash,trash_other,train,standardized_256
data/raw/garbage_v2/standardized_256/trash/trash_84.jpg,trash,trash_other,train,standardized_256
data/raw/garbage_v2/standardized_256/trash/trash_87.jpg,trash,trash_other,train,standardized_256
data/raw/garbage_v2/standardized_256/trash/trash_88.jpg,trash,trash_other,train,standardized_256
data/raw/garbage_v2/standardized_256/trash/trash_89.jpg,trash,trash_other,train,standardized_256
data/raw/garbage_v2/standardized_256/trash/trash_90.jpg,trash,trash_other,train,standardized_256
data/raw/garbage_v2/standardized_256/trash/trash_92.jpg,trash,trash_other,train,standardized_256
data/raw/garbage_v2/standardized_256/trash/trash_93.jpg,trash,trash_other,train,standardized_256
data/raw/garbage_v2/standardized_256/trash/trash_94.jpg,trash,trash_other,train,standardized_256
data/raw/garbage_v2/standardized_256/trash/trash_95.jpg,trash,trash_other,train,standardized_256
data/raw/garbage_v2/standardized_256/trash/trash_96.jpg,trash,trash_other,train,standardized_256
data/raw/garbage_v2/standardized_256/trash/trash_97.jpg,trash,trash_other,train,standardized_256
data/raw/garbage_v2/standardized_256/trash/trash_99.jpg,trash,trash_other,train,standardized_256
